component,baseline_iq,group_size,sampling,reported_iq,empirical_probability,exact_probability
working_memory,100,15,with_replacement,40,0.0,0.0
working_memory,100,15,with_replacement,41,0.0,0.0
working_memory,100,15,with_replacement,42,0.0,0.0
working_memory,100,15,with_replacement,43,0.0,0.0
working_memory,100,15,with_replacement,44,0.0,0.0
working_memory,100,15,with_replacement,45,0.0,0.0
working_memory,100,15,with_replacement,46,0.0,0.0
working_memory,100,15,with_replacement,47,0.0,0.0
working_memory,100,15,with_replacement,48,0.0,0.0
working_memory,100,15,with_replacement,49,0.0,0.0
working_memory,100,15,with_replacement,50,0.0,0.0
working_memory,100,15,with_replacement,51,0.0,0.0
working_memory,100,15,with_replacement,52,0.0,0.0
working_memory,100,15,with_replacement,53,0.0,0.0
working_memory,100,15,with_replacement,54,0.0,0.0
working_memory,100,15,with_replacement,55,0.0,0.0
working_memory,100,15,with_replacement,56,0.0,0.0
working_memory,100,15,with_replacement,57,0.0,0.0
working_memory,100,15,with_replacement,58,0.0,0.0
working_memory,100,15,with_replacement,59,0.0,0.0
working_memory,100,15,with_replacement,60,0.0,0.0
working_memory,100,15,with_replacement,61,0.0,0.0
working_memory,100,15,with_replacement,62,0.0,0.0
working_memory,100,15,with_replacement,63,0.0,0.0
working_memory,100,15,with_replacement,64,0.0,0.0
working_memory,100,15,with_replacement,65,0.0,0.0
working_memory,100,15,with_replacement,66,0.0,0.0
working_memory,100,15,with_replacement,67,0.0,0.0
working_memory,100,15,with_replacement,68,0.0,0.0
working_memory,100,15,with_replacement,69,0.0,0.0
working_memory,100,15,with_replacement,70,8e-06,3.869085989074413e-06
working_memory,100,15,with_replacement,71,0.0,0.0
working_memory,100,15,with_replacement,72,0.0,0.0
working_memory,100,15,with_replacement,73,0.0,0.0
working_memory,100,15,with_replacement,74,0.0,0.0
working_memory,100,15,with_replacement,75,1.9e-05,2.0406098166553578e-05
working_memory,100,15,with_replacement,76,0.0,0.0
working_memory,100,15,with_replacement,77,0.0,0.0
working_memory,100,15,with_replacement,78,0.0,0.0
working_memory,100,15,with_replacement,79,6.8e-05,6.360785239599381e-05
working_memory,100,15,with_replacement,80,0.0,0.0
working_memory,100,15,with_replacement,81,0.000224,0.00023668631839039798
working_memory,100,15,with_replacement,82,0.0,0.0
working_memory,100,15,with_replacement,83,0.000613,0.0005865364882688393
working_memory,100,15,with_replacement,84,0.0,0.0
working_memory,100,15,with_replacement,85,0.00164,0.0015890411424393683
working_memory,100,15,with_replacement,86,0.0,0.0
working_memory,100,15,with_replacement,87,0.003307,0.003258536754522994
working_memory,100,15,with_replacement,88,0.0,0.0
working_memory,100,15,with_replacement,89,0.006985,0.00702434035346091
working_memory,100,15,with_replacement,90,0.012146,0.012206019450636218
working_memory,100,15,with_replacement,91,0.022002,0.02185962515361284
working_memory,100,15,with_replacement,92,0.0,0.0
working_memory,100,15,with_replacement,93,0.032733,0.03265075533781336
working_memory,100,15,with_replacement,94,0.050045,0.04974041619303074
working_memory,100,15,with_replacement,95,0.064395,0.06437002318598192
working_memory,100,15,with_replacement,96,0.0,0.0
working_memory,100,15,with_replacement,97,0.084353,0.0845247490352776
working_memory,100,15,with_replacement,98,0.095082,0.095055476879056
working_memory,100,15,with_replacement,99,0.108581,0.10829733470144949
working_memory,100,15,with_replacement,100,0.105718,0.10566993064026903
working_memory,100,15,with_replacement,101,0.0,0.0
working_memory,100,15,with_replacement,102,0.104759,0.1046191169567834
working_memory,100,15,with_replacement,103,0.087784,0.08798907380498412
working_memory,100,15,with_replacement,104,0.075303,0.07547656075899684
working_memory,100,15,with_replacement,105,0.0,0.0
working_memory,100,15,with_replacement,106,0.054038,0.053997956922459685
working_memory,100,15,with_replacement,107,0.039449,0.03981463101899975
working_memory,100,15,with_replacement,108,0.0,0.0
working_memory,100,15,with_replacement,109,0.023451,0.02366429938884599
working_memory,100,15,with_replacement,110,0.0,0.0
working_memory,100,15,with_replacement,111,0.014849,0.014785637263326854
working_memory,100,15,with_replacement,112,0.007029,0.006992521632836668
working_memory,100,15,with_replacement,113,0.0,0.0
working_memory,100,15,with_replacement,114,0.0,0.0
working_memory,100,15,with_replacement,115,0.003525,0.003615312283441226
working_memory,100,15,with_replacement,116,0.0,0.0
working_memory,100,15,with_replacement,117,0.001243,0.00124485071605421
working_memory,100,15,with_replacement,118,0.0,0.0
working_memory,100,15,with_replacement,119,0.0,0.0
working_memory,100,15,with_replacement,120,0.000507,0.0005116822959269034
working_memory,100,15,with_replacement,121,0.0,0.0
working_memory,100,15,with_replacement,122,0.0,0.0
working_memory,100,15,with_replacement,123,0.0,0.0
working_memory,100,15,with_replacement,124,0.0,0.0
working_memory,100,15,with_replacement,125,0.000144,0.00013100228658536564
working_memory,100,15,with_replacement,126,0.0,0.0
working_memory,100,15,with_replacement,127,0.0,0.0
working_memory,100,15,with_replacement,128,0.0,0.0
working_memory,100,15,with_replacement,129,0.0,0.0
working_memory,100,15,with_replacement,130,0.0,0.0
working_memory,100,15,with_replacement,131,0.0,0.0
working_memory,100,15,with_replacement,132,0.0,0.0
working_memory,100,15,with_replacement,133,0.0,0.0
working_memory,100,15,with_replacement,134,0.0,0.0
working_memory,100,15,with_replacement,135,0.0,0.0
working_memory,100,15,with_replacement,136,0.0,0.0
working_memory,100,15,with_replacement,137,0.0,0.0
working_memory,100,15,with_replacement,138,0.0,0.0
working_memory,100,15,with_replacement,139,0.0,0.0
working_memory,100,15,with_replacement,140,0.0,0.0
working_memory,100,15,with_replacement,141,0.0,0.0
working_memory,100,15,with_replacement,142,0.0,0.0
working_memory,100,15,with_replacement,143,0.0,0.0
working_memory,100,15,with_replacement,144,0.0,0.0
working_memory,100,15,with_replacement,145,0.0,0.0
working_memory,100,15,with_replacement,146,0.0,0.0
working_memory,100,15,with_replacement,147,0.0,0.0
working_memory,100,15,with_replacement,148,0.0,0.0
working_memory,100,15,with_replacement,149,0.0,0.0
working_memory,100,15,with_replacement,150,0.0,0.0
working_memory,100,15,with_replacement,151,0.0,0.0
working_memory,100,15,with_replacement,152,0.0,0.0
working_memory,100,15,with_replacement,153,0.0,0.0
working_memory,100,15,with_replacement,154,0.0,0.0
working_memory,100,15,with_replacement,155,0.0,0.0
working_memory,100,15,with_replacement,156,0.0,0.0
working_memory,100,15,with_replacement,157,0.0,0.0
working_memory,100,15,with_replacement,158,0.0,0.0
working_memory,100,15,with_replacement,159,0.0,0.0
working_memory,100,15,with_replacement,160,0.0,0.0
working_memory,100,15,without_replacement,40,0.0,0.0
working_memory,100,15,without_replacement,41,0.0,0.0
working_memory,100,15,without_replacement,42,0.0,0.0
working_memory,100,15,without_replacement,43,0.0,0.0
working_memory,100,15,without_replacement,44,0.0,0.0
working_memory,100,15,without_replacement,45,0.0,0.0
working_memory,100,15,without_replacement,46,0.0,0.0
working_memory,100,15,without_replacement,47,0.0,0.0
working_memory,100,15,without_replacement,48,0.0,0.0
working_memory,100,15,without_replacement,49,0.0,0.0
working_memory,100,15,without_replacement,50,0.0,0.0
working_memory,100,15,without_replacement,51,0.0,0.0
working_memory,100,15,without_replacement,52,0.0,0.0
working_memory,100,15,without_replacement,53,0.0,0.0
working_memory,100,15,without_replacement,54,0.0,0.0
working_memory,100,15,without_replacement,55,0.0,0.0
working_memory,100,15,without_replacement,56,0.0,0.0
working_memory,100,15,without_replacement,57,0.0,0.0
working_memory,100,15,without_replacement,58,0.0,0.0
working_memory,100,15,without_replacement,59,0.0,0.0
working_memory,100,15,without_replacement,60,0.0,0.0
working_memory,100,15,without_replacement,61,0.0,0.0
working_memory,100,15,without_replacement,62,0.0,0.0
working_memory,100,15,without_replacement,63,0.0,0.0
working_memory,100,15,without_replacement,64,0.0,0.0
working_memory,100,15,without_replacement,65,0.0,0.0
working_memory,100,15,without_replacement,66,0.0,0.0
working_memory,100,15,without_replacement,67,0.0,0.0
working_memory,100,15,without_replacement,68,0.0,0.0
working_memory,100,15,without_replacement,69,0.0,0.0
working_memory,100,15,without_replacement,70,0.0,4.824413855839592e-07
working_memory,100,15,without_replacement,71,0.0,0.0
working_memory,100,15,without_replacement,72,0.0,0.0
working_memory,100,15,without_replacement,73,0.0,0.0
working_memory,100,15,without_replacement,74,0.0,0.0
working_memory,100,15,without_replacement,75,3e-06,3.193871505181732e-06
working_memory,100,15,without_replacement,76,0.0,0.0
working_memory,100,15,without_replacement,77,0.0,0.0
working_memory,100,15,without_replacement,78,0.0,0.0
working_memory,100,15,without_replacement,79,1.3e-05,1.4763005124185304e-05
working_memory,100,15,without_replacement,80,0.0,0.0
working_memory,100,15,without_replacement,81,7.2e-05,6.364542010809065e-05
working_memory,100,15,without_replacement,82,0.0,0.0
working_memory,100,15,without_replacement,83,0.000224,0.00021257890947941615
working_memory,100,15,without_replacement,84,0.0,0.0
working_memory,100,15,without_replacement,85,0.000642,0.0006572866985199442
working_memory,100,15,without_replacement,86,0.0,0.0
working_memory,100,15,without_replacement,87,0.001738,0.0017023138137084069
working_memory,100,15,without_replacement,88,0.0,0.0
working_memory,100,15,without_replacement,89,0.004123,0.004089145549953218
working_memory,100,15,without_replacement,90,0.008343,0.00852849196160645
working_memory,100,15,without_replacement,91,0.016349,0.016550437357153485
working_memory,100,15,without_replacement,92,0.0,0.0
working_memory,100,15,without_replacement,93,0.028535,0.028412968990978386
working_memory,100,15,without_replacement,94,0.045521,0.04551335575730568
working_memory,100,15,without_replacement,95,0.065053,0.06512973362117404
working_memory,100,15,without_replacement,96,0.0,0.0
working_memory,100,15,without_replacement,97,0.087164,0.08714343608367003
working_memory,100,15,without_replacement,98,0.10428,0.1045869181214514
working_memory,100,15,without_replacement,99,0.117046,0.11752264583415353
working_memory,100,15,without_replacement,100,0.118902,0.11839376838388348
working_memory,100,15,without_replacement,101,0.0,0.0
working_memory,100,15,without_replacement,102,0.112521,0.11175536887467129
working_memory,100,15,without_replacement,103,0.094009,0.09407799034505634
working_memory,100,15,without_replacement,104,0.073867,0.07423818980016916
working_memory,100,15,without_replacement,105,0.0,0.0
working_memory,100,15,without_replacement,106,0.051282,0.051648540368981095
working_memory,100,15,without_replacement,107,0.033715,0.03370516729622755
working_memory,100,15,without_replacement,108,0.0,0.0
working_memory,100,15,without_replacement,109,0.019414,0.01897842870702366
working_memory,100,15,without_replacement,110,0.0,0.0
working_memory,100,15,without_replacement,111,0.010161,0.010047081638858913
working_memory,100,15,without_replacement,112,0.004479,0.0044037443769496115
working_memory,100,15,without_replacement,113,0.0,0.0
working_memory,100,15,without_replacement,114,0.0,0.0
working_memory,100,15,without_replacement,115,0.001797,0.0018296711464577157
working_memory,100,15,without_replacement,116,0.0,0.0
working_memory,100,15,without_replacement,117,0.000548,0.0005756887945823005
working_memory,100,15,without_replacement,118,0.0,0.0
working_memory,100,15,without_replacement,119,0.0,0.0
working_memory,100,15,without_replacement,120,0.000166,0.0001767786429784701
working_memory,100,15,without_replacement,121,0.0,0.0
working_memory,100,15,without_replacement,122,0.0,0.0
working_memory,100,15,without_replacement,123,0.0,0.0
working_memory,100,15,without_replacement,124,0.0,0.0
working_memory,100,15,without_replacement,125,3.3e-05,3.818418688334954e-05
working_memory,100,15,without_replacement,126,0.0,0.0
working_memory,100,15,without_replacement,127,0.0,0.0
working_memory,100,15,without_replacement,128,0.0,0.0
working_memory,100,15,without_replacement,129,0.0,0.0
working_memory,100,15,without_replacement,130,0.0,0.0
working_memory,100,15,without_replacement,131,0.0,0.0
working_memory,100,15,without_replacement,132,0.0,0.0
working_memory,100,15,without_replacement,133,0.0,0.0
working_memory,100,15,without_replacement,134,0.0,0.0
working_memory,100,15,without_replacement,135,0.0,0.0
working_memory,100,15,without_replacement,136,0.0,0.0
working_memory,100,15,without_replacement,137,0.0,0.0
working_memory,100,15,without_replacement,138,0.0,0.0
working_memory,100,15,without_replacement,139,0.0,0.0
working_memory,100,15,without_replacement,140,0.0,0.0
working_memory,100,15,without_replacement,141,0.0,0.0
working_memory,100,15,without_replacement,142,0.0,0.0
working_memory,100,15,without_replacement,143,0.0,0.0
working_memory,100,15,without_replacement,144,0.0,0.0
working_memory,100,15,without_replacement,145,0.0,0.0
working_memory,100,15,without_replacement,146,0.0,0.0
working_memory,100,15,without_replacement,147,0.0,0.0
working_memory,100,15,without_replacement,148,0.0,0.0
working_memory,100,15,without_replacement,149,0.0,0.0
working_memory,100,15,without_replacement,150,0.0,0.0
working_memory,100,15,without_replacement,151,0.0,0.0
working_memory,100,15,without_replacement,152,0.0,0.0
working_memory,100,15,without_replacement,153,0.0,0.0
working_memory,100,15,without_replacement,154,0.0,0.0
working_memory,100,15,without_replacement,155,0.0,0.0
working_memory,100,15,without_replacement,156,0.0,0.0
working_memory,100,15,without_replacement,157,0.0,0.0
working_memory,100,15,without_replacement,158,0.0,0.0
working_memory,100,15,without_replacement,159,0.0,0.0
working_memory,100,15,without_replacement,160,0.0,0.0
working_memory,100,20,with_replacement,40,0.0,0.0
working_memory,100,20,with_replacement,41,0.0,0.0
working_memory,100,20,with_replacement,42,0.0,0.0
working_memory,100,20,with_replacement,43,0.0,0.0
working_memory,100,20,with_replacement,44,0.0,0.0
working_memory,100,20,with_replacement,45,0.0,0.0
working_memory,100,20,with_replacement,46,0.0,0.0
working_memory,100,20,with_replacement,47,0.0,0.0
working_memory,100,20,with_replacement,48,0.0,0.0
working_memory,100,20,with_replacement,49,0.0,0.0
working_memory,100,20,with_replacement,50,0.0,0.0
working_memory,100,20,with_replacement,51,0.0,0.0
working_memory,100,20,with_replacement,52,0.0,0.0
working_memory,100,20,with_replacement,53,0.0,0.0
working_memory,100,20,with_replacement,54,0.0,0.0
working_memory,100,20,with_replacement,55,0.0,0.0
working_memory,100,20,with_replacement,56,0.0,0.0
working_memory,100,20,with_replacement,57,0.0,0.0
working_memory,100,20,with_replacement,58,0.0,0.0
working_memory,100,20,with_replacement,59,0.0,0.0
working_memory,100,20,with_replacement,60,0.0,0.0
working_memory,100,20,with_replacement,61,0.0,0.0
working_memory,100,20,with_replacement,62,0.0,0.0
working_memory,100,20,with_replacement,63,0.0,0.0
working_memory,100,20,with_replacement,64,0.0,0.0
working_memory,100,20,with_replacement,65,0.0,0.0
working_memory,100,20,with_replacement,66,0.0,0.0
working_memory,100,20,with_replacement,67,0.0,0.0
working_memory,100,20,with_replacement,68,0.0,0.0
working_memory,100,20,with_replacement,69,0.0,4.445374985207079e-08
working_memory,100,20,with_replacement,70,0.0,0.0
working_memory,100,20,with_replacement,71,0.0,0.0
working_memory,100,20,with_replacement,72,0.0,0.0
working_memory,100,20,with_replacement,73,0.0,2.727903311234825e-07
working_memory,100,20,with_replacement,74,0.0,0.0
working_memory,100,20,with_replacement,75,0.0,0.0
working_memory,100,20,with_replacement,76,1e-06,1.0890030176163479e-06
working_memory,100,20,with_replacement,77,0.0,0.0
working_memory,100,20,with_replacement,78,0.0,0.0
working_memory,100,20,with_replacement,79,3e-06,4.622068731138198e-06
working_memory,100,20,with_replacement,80,0.0,0.0
working_memory,100,20,with_replacement,81,1.4e-05,1.4484971718799381e-05
working_memory,100,20,with_replacement,82,5.5e-05,4.57168991104055e-05
working_memory,100,20,with_replacement,83,0.0,0.0
working_memory,100,20,with_replacement,84,0.000115,0.00011851010582316138
working_memory,100,20,with_replacement,85,0.000302,0.00030310562398912114
working_memory,100,20,with_replacement,86,0.0,0.0
working_memory,100,20,with_replacement,87,0.000723,0.0006704152103109823
working_memory,100,20,with_replacement,88,0.001483,0.0014501427640453597
working_memory,100,20,with_replacement,89,0.002799,0.002791507332583357
working_memory,100,20,with_replacement,90,0.005221,0.0052338221190496165
working_memory,100,20,with_replacement,91,0.008793,0.00888446493032018
working_memory,100,20,with_replacement,92,0.014694,0.014661047060890862
working_memory,100,20,with_replacement,93,0.022297,0.022139165039901106
working_memory,100,20,with_replacement,94,0.032029,0.032470583190830536
working_memory,100,20,with_replacement,95,0.043948,0.04386320801611848
working_memory,100,20,with_replacement,96,0.057792,0.05752666749342454
working_memory,100,20,with_replacement,97,0.069797,0.06973435061526528
working_memory,100,20,with_replacement,98,0.082045,0.0820572863040722
working_memory,100,20,with_replacement,99,0.08908,0.08934713672580853
working_memory,100,20,with_replacement,100,0.093888,0.09443586724262346
working_memory,100,20,with_replacement,101,0.092678,0.0922575732323881
working_memory,100,20,with_replacement,102,0.08754,0.08750353586950715
working_memory,100,20,with_replacement,103,0.076421,0.0764417515645904
working_memory,100,20,with_replacement,104,0.064631,0.06485870277643052
working_memory,100,20,with_replacement,105,0.05058,0.05035799451654639
working_memory,100,20,with_replacement,106,0.038075,0.03800930997670603
working_memory,100,20,with_replacement,107,0.026134,0.025974289610987453
working_memory,100,20,with_replacement,108,0.017127,0.01728819067713476
working_memory,100,20,with_replacement,109,0.010397,0.010240390578239049
working_memory,100,20,with_replacement,110,0.0,0.0
working_memory,100,20,with_replacement,111,0.005865,0.005931991709355041
working_memory,100,20,with_replacement,112,0.003011,0.002971637328371084
working_memory,100,20,with_replacement,113,0.001498,0.0014687607658538937
working_memory,100,20,with_replacement,114,0.0,0.0
working_memory,100,20,with_replacement,115,0.000638,0.0005962464792365256
working_memory,100,20,with_replacement,116,0.0,0.0
working_memory,100,20,with_replacement,117,0.000227,0.00024376898758952034
working_memory,100,20,with_replacement,118,0.0,0.0
working_memory,100,20,with_replacement,119,0.0,0.0
working_memory,100,20,with_replacement,120,7.1e-05,7.35876638771939e-05
working_memory,100,20,with_replacement,121,0.0,0.0
working_memory,100,20,with_replacement,122,0.0,0.0
working_memory,100,20,with_replacement,123,2.6e-05,2.3617764302196406e-05
working_memory,100,20,with_replacement,124,0.0,0.0
working_memory,100,20,with_replacement,125,0.0,0.0
working_memory,100,20,with_replacement,126,0.0,0.0
working_memory,100,20,with_replacement,127,2e-06,5.140537168921488e-06
working_memory,100,20,with_replacement,128,0.0,0.0
working_memory,100,20,with_replacement,129,0.0,0.0
working_memory,100,20,with_replacement,130,0.0,0.0
working_memory,100,20,with_replacement,131,0.0,0.0
working_memory,100,20,with_replacement,132,0.0,0.0
working_memory,100,20,with_replacement,133,0.0,0.0
working_memory,100,20,with_replacement,134,0.0,0.0
working_memory,100,20,with_replacement,135,0.0,0.0
working_memory,100,20,with_replacement,136,0.0,0.0
working_memory,100,20,with_replacement,137,0.0,0.0
working_memory,100,20,with_replacement,138,0.0,0.0
working_memory,100,20,with_replacement,139,0.0,0.0
working_memory,100,20,with_replacement,140,0.0,0.0
working_memory,100,20,with_replacement,141,0.0,0.0
working_memory,100,20,with_replacement,142,0.0,0.0
working_memory,100,20,with_replacement,143,0.0,0.0
working_memory,100,20,with_replacement,144,0.0,0.0
working_memory,100,20,with_replacement,145,0.0,0.0
working_memory,100,20,with_replacement,146,0.0,0.0
working_memory,100,20,with_replacement,147,0.0,0.0
working_memory,100,20,with_replacement,148,0.0,0.0
working_memory,100,20,with_replacement,149,0.0,0.0
working_memory,100,20,with_replacement,150,0.0,0.0
working_memory,100,20,with_replacement,151,0.0,0.0
working_memory,100,20,with_replacement,152,0.0,0.0
working_memory,100,20,with_replacement,153,0.0,0.0
working_memory,100,20,with_replacement,154,0.0,0.0
working_memory,100,20,with_replacement,155,0.0,0.0
working_memory,100,20,with_replacement,156,0.0,0.0
working_memory,100,20,with_replacement,157,0.0,0.0
working_memory,100,20,with_replacement,158,0.0,0.0
working_memory,100,20,with_replacement,159,0.0,0.0
working_memory,100,20,with_replacement,160,0.0,0.0
working_memory,100,20,without_replacement,40,0.0,0.0
working_memory,100,20,without_replacement,41,0.0,0.0
working_memory,100,20,without_replacement,42,0.0,0.0
working_memory,100,20,without_replacement,43,0.0,0.0
working_memory,100,20,without_replacement,44,0.0,0.0
working_memory,100,20,without_replacement,45,0.0,0.0
working_memory,100,20,without_replacement,46,0.0,0.0
working_memory,100,20,without_replacement,47,0.0,0.0
working_memory,100,20,without_replacement,48,0.0,0.0
working_memory,100,20,without_replacement,49,0.0,0.0
working_memory,100,20,without_replacement,50,0.0,0.0
working_memory,100,20,without_replacement,51,0.0,0.0
working_memory,100,20,without_replacement,52,0.0,0.0
working_memory,100,20,without_replacement,53,0.0,0.0
working_memory,100,20,without_replacement,54,0.0,0.0
working_memory,100,20,without_replacement,55,0.0,0.0
working_memory,100,20,without_replacement,56,0.0,0.0
working_memory,100,20,without_replacement,57,0.0,0.0
working_memory,100,20,without_replacement,58,0.0,0.0
working_memory,100,20,without_replacement,59,0.0,0.0
working_memory,100,20,without_replacement,60,0.0,0.0
working_memory,100,20,without_replacement,61,0.0,0.0
working_memory,100,20,without_replacement,62,0.0,0.0
working_memory,100,20,without_replacement,63,0.0,0.0
working_memory,100,20,without_replacement,64,0.0,0.0
working_memory,100,20,without_replacement,65,0.0,0.0
working_memory,100,20,without_replacement,66,0.0,0.0
working_memory,100,20,without_replacement,67,0.0,0.0
working_memory,100,20,without_replacement,68,0.0,0.0
working_memory,100,20,without_replacement,69,0.0,5.3990645500762e-10
working_memory,100,20,without_replacement,70,0.0,0.0
working_memory,100,20,without_replacement,71,0.0,0.0
working_memory,100,20,without_replacement,72,0.0,0.0
working_memory,100,20,without_replacement,73,0.0,5.027404296073915e-09
working_memory,100,20,without_replacement,74,0.0,0.0
working_memory,100,20,without_replacement,75,0.0,0.0
working_memory,100,20,without_replacement,76,0.0,3.567219095994832e-08
working_memory,100,20,without_replacement,77,0.0,0.0
working_memory,100,20,without_replacement,78,0.0,0.0
working_memory,100,20,without_replacement,79,0.0,2.0894959279083393e-07
working_memory,100,20,without_replacement,80,0.0,0.0
working_memory,100,20,without_replacement,81,2e-06,1.0173408176642732e-06
working_memory,100,20,without_replacement,82,2e-06,4.30626670998242e-06
working_memory,100,20,without_replacement,83,0.0,0.0
working_memory,100,20,without_replacement,84,1.7e-05,1.5958485860315293e-05
working_memory,100,20,without_replacement,85,5.5e-05,5.280921208515688e-05
working_memory,100,20,without_replacement,86,0.0,0.0
working_memory,100,20,without_replacement,87,0.000156,0.00015687212159896135
working_memory,100,20,without_replacement,88,0.000419,0.00042276522218887827
working_memory,100,20,without_replacement,89,0.001035,0.0010375193502508932
working_memory,100,20,without_replacement,90,0.002352,0.002333545322897183
working_memory,100,20,without_replacement,91,0.004857,0.004822533679192618
working_memory,100,20,without_replacement,92,0.009256,0.00919557508501074
working_memory,100,20,without_replacement,93,0.016243,0.01620487349708065
working_memory,100,20,without_replacement,94,0.026358,0.02646649217394816
working_memory,100,20,without_replacement,95,0.040076,0.04009776865183726
working_memory,100,20,without_replacement,96,0.0566,0.05646173834150213
working_memory,100,20,without_replacement,97,0.073914,0.07390756941403667
working_memory,100,20,without_replacement,98,0.090687,0.0900516636218103
working_memory,100,20,without_replacement,99,0.101464,0.10208255460332324
working_memory,100,20,without_replacement,100,0.107354,0.1077551706572506
working_memory,100,20,without_replacement,101,0.105838,0.10577873348139276
working_memory,100,20,without_replacement,102,0.096274,0.09661809003886343
working_memory,100,20,without_replacement,103,0.081962,0.0819277119435137
working_memory,100,20,without_replacement,104,0.064594,0.06451391000719073
working_memory,100,20,without_replacement,105,0.047322,0.04700297211207992
working_memory,100,20,without_replacement,106,0.03173,0.03169412953556429
working_memory,100,20,without_replacement,107,0.019674,0.01966337652923189
working_memory,100,20,without_replacement,108,0.011196,0.01123186513932968
working_memory,100,20,without_replacement,109,0.005829,0.005850106025083072
working_memory,100,20,without_replacement,110,0.0,0.0
working_memory,100,20,without_replacement,111,0.002822,0.0027836323768674065
working_memory,100,20,without_replacement,112,0.001242,0.0011897592620300833
working_memory,100,20,without_replacement,113,0.000453,0.0004592099261293606
working_memory,100,20,without_replacement,114,0.0,0.0
working_memory,100,20,without_replacement,115,0.000148,0.00015489987476485534
working_memory,100,20,without_replacement,116,0.0,0.0
working_memory,100,20,without_replacement,117,4.5e-05,4.636360002831751e-05
working_memory,100,20,without_replacement,118,0.0,0.0
working_memory,100,20,without_replacement,119,0.0,0.0
working_memory,100,20,without_replacement,120,1.7e-05,1.1426020256090491e-05
working_memory,100,20,without_replacement,121,0.0,0.0
working_memory,100,20,without_replacement,122,0.0,0.0
working_memory,100,20,without_replacement,123,6e-06,2.432890802766307e-06
working_memory,100,20,without_replacement,124,0.0,0.0
working_memory,100,20,without_replacement,125,0.0,0.0
working_memory,100,20,without_replacement,126,0.0,0.0
working_memory,100,20,without_replacement,127,1e-06,3.9800037569198105e-07
working_memory,100,20,without_replacement,128,0.0,0.0
working_memory,100,20,without_replacement,129,0.0,0.0
working_memory,100,20,without_replacement,130,0.0,0.0
working_memory,100,20,without_replacement,131,0.0,0.0
working_memory,100,20,without_replacement,132,0.0,0.0
working_memory,100,20,without_replacement,133,0.0,0.0
working_memory,100,20,without_replacement,134,0.0,0.0
working_memory,100,20,without_replacement,135,0.0,0.0
working_memory,100,20,without_replacement,136,0.0,0.0
working_memory,100,20,without_replacement,137,0.0,0.0
working_memory,100,20,without_replacement,138,0.0,0.0
working_memory,100,20,without_replacement,139,0.0,0.0
working_memory,100,20,without_replacement,140,0.0,0.0
working_memory,100,20,without_replacement,141,0.0,0.0
working_memory,100,20,without_replacement,142,0.0,0.0
working_memory,100,20,without_replacement,143,0.0,0.0
working_memory,100,20,without_replacement,144,0.0,0.0
working_memory,100,20,without_replacement,145,0.0,0.0
working_memory,100,20,without_replacement,146,0.0,0.0
working_memory,100,20,without_replacement,147,0.0,0.0
working_memory,100,20,without_replacement,148,0.0,0.0
working_memory,100,20,without_replacement,149,0.0,0.0
working_memory,100,20,without_replacement,150,0.0,0.0
working_memory,100,20,without_replacement,151,0.0,0.0
working_memory,100,20,without_replacement,152,0.0,0.0
working_memory,100,20,without_replacement,153,0.0,0.0
working_memory,100,20,without_replacement,154,0.0,0.0
working_memory,100,20,without_replacement,155,0.0,0.0
working_memory,100,20,without_replacement,156,0.0,0.0
working_memory,100,20,without_replacement,157,0.0,0.0
working_memory,100,20,without_replacement,158,0.0,0.0
working_memory,100,20,without_replacement,159,0.0,0.0
working_memory,100,20,without_replacement,160,0.0,0.0
working_memory,100,25,with_replacement,40,0.0,0.0
working_memory,100,25,with_replacement,41,0.0,0.0
working_memory,100,25,with_replacement,42,0.0,0.0
working_memory,100,25,with_replacement,43,0.0,0.0
working_memory,100,25,with_replacement,44,0.0,0.0
working_memory,100,25,with_replacement,45,0.0,0.0
working_memory,100,25,with_replacement,46,0.0,0.0
working_memory,100,25,with_replacement,47,0.0,0.0
working_memory,100,25,with_replacement,48,0.0,0.0
working_memory,100,25,with_replacement,49,0.0,0.0
working_memory,100,25,with_replacement,50,0.0,0.0
working_memory,100,25,with_replacement,51,0.0,0.0
working_memory,100,25,with_replacement,52,0.0,0.0
working_memory,100,25,with_replacement,53,0.0,0.0
working_memory,100,25,with_replacement,54,0.0,0.0
working_memory,100,25,with_replacement,55,0.0,0.0
working_memory,100,25,with_replacement,56,0.0,0.0
working_memory,100,25,with_replacement,57,0.0,0.0
working_memory,100,25,with_replacement,58,0.0,0.0
working_memory,100,25,with_replacement,59,0.0,0.0
working_memory,100,25,with_replacement,60,0.0,0.0
working_memory,100,25,with_replacement,61,0.0,0.0
working_memory,100,25,with_replacement,62,0.0,0.0
working_memory,100,25,with_replacement,63,0.0,0.0
working_memory,100,25,with_replacement,64,0.0,0.0
working_memory,100,25,with_replacement,65,0.0,0.0
working_memory,100,25,with_replacement,66,0.0,0.0
working_memory,100,25,with_replacement,67,0.0,4.877376634502234e-10
working_memory,100,25,with_replacement,68,0.0,0.0
working_memory,100,25,with_replacement,69,0.0,0.0
working_memory,100,25,with_replacement,70,0.0,0.0
working_memory,100,25,with_replacement,71,0.0,0.0
working_memory,100,25,with_replacement,72,0.0,3.3864081448209783e-09
working_memory,100,25,with_replacement,73,0.0,0.0
working_memory,100,25,with_replacement,74,0.0,0.0
working_memory,100,25,with_replacement,75,0.0,1.6237967907645052e-08
working_memory,100,25,with_replacement,76,0.0,0.0
working_memory,100,25,with_replacement,77,0.0,7.718413183376067e-08
working_memory,100,25,with_replacement,78,0.0,0.0
working_memory,100,25,with_replacement,79,0.0,2.867397817163291e-07
working_memory,100,25,with_replacement,80,2e-06,1.0269918403511137e-06
working_memory,100,25,with_replacement,81,0.0,0.0
working_memory,100,25,with_replacement,82,3e-06,3.145761169494057e-06
working_memory,100,25,with_replacement,83,7e-06,9.227760115044663e-06
working_memory,100,25,with_replacement,84,2e-05,2.415911194243016e-05
working_memory,100,25,with_replacement,85,5.5e-05,6.052848449317763e-05
working_memory,100,25,with_replacement,86,0.000136,0.00013858753574376204
working_memory,100,25,with_replacement,87,0.000317,0.000303981104355535
working_memory,100,25,with_replacement,88,0.000596,0.0006181905261150762
working_memory,100,25,with_replacement,89,0.001207,0.0012061766459963265
working_memory,100,25,with_replacement,90,0.002155,0.002202513575146267
working_memory,100,25,with_replacement,91,0.003733,0.0038643417016674397
working_memory,100,25,with_replacement,92,0.006428,0.006385328415753581
working_memory,100,25,with_replacement,93,0.0252,0.0254116352706671
working_memory,100,25,with_replacement,94,0.022171,0.02209600576132993
working_memory,100,25,with_replacement,95,0.030324,0.030344252946055125
working_memory,100,25,with_replacement,96,0.090969,0.09065089122113906
working_memory,100,25,with_replacement,97,0.060845,0.06120969961653689
working_memory,100,25,with_replacement,98,0.070716,0.07055962506617097
working_memory,100,25,with_replacement,99,0.161823,0.16131588983753295
working_memory,100,25,with_replacement,100,0.084169,0.08446215566058009
working_memory,100,25,with_replacement,101,0.08207,0.08177338271054962
working_memory,100,25,with_replacement,102,0.075884,0.07629273190444086
working_memory,100,25,with_replacement,103,0.12517,0.12504731025064675
working_memory,100,25,with_replacement,104,0.046464,0.046371833344140925
working_memory,100,25,with_replacement,105,0.035712,0.03595674972561742
working_memory,100,25,with_replacement,106,0.026015,0.026257742065259965
working_memory,100,25,with_replacement,107,0.018605,0.018423985272683737
working_memory,100,25,with_replacement,108,0.012217,0.01209842637511764
working_memory,100,25,with_replacement,109,0.007674,0.007622317021387999
working_memory,100,25,with_replacement,110,0.004432,0.004452444043618051
working_memory,100,25,with_replacement,111,0.002507,0.00249154064455235
working_memory,100,25,with_replacement,112,0.001251,0.0012741572230618615
working_memory,100,25,with_replacement,113,0.000657,0.0006235513572511595
working_memory,100,25,with_replacement,114,0.000261,0.0002723551291063948
working_memory,100,25,with_replacement,115,0.0,0.0
working_memory,100,25,with_replacement,116,0.000132,0.00011392280842552831
working_memory,100,25,with_replacement,117,4.8e-05,4.075355681442342e-05
working_memory,100,25,with_replacement,118,0.0,0.0
working_memory,100,25,with_replacement,119,1.7e-05,1.4055278971524258e-05
working_memory,100,25,with_replacement,120,0.0,0.0
working_memory,100,25,with_replacement,121,6e-06,3.78858472163476e-06
working_memory,100,25,with_replacement,122,0.0,0.0
working_memory,100,25,with_replacement,123,0.0,0.0
working_memory,100,25,with_replacement,124,1e-06,1.0123215992488917e-06
working_memory,100,25,with_replacement,125,0.0,0.0
working_memory,100,25,with_replacement,126,0.0,0.0
working_memory,100,25,with_replacement,127,0.0,0.0
working_memory,100,25,with_replacement,128,0.0,0.0
working_memory,100,25,with_replacement,129,1e-06,1.9335165256407146e-07
working_memory,100,25,with_replacement,130,0.0,0.0
working_memory,100,25,with_replacement,131,0.0,0.0
working_memory,100,25,with_replacement,132,0.0,0.0
working_memory,100,25,with_replacement,133,0.0,0.0
working_memory,100,25,with_replacement,134,0.0,0.0
working_memory,100,25,with_replacement,135,0.0,0.0
working_memory,100,25,with_replacement,136,0.0,0.0
working_memory,100,25,with_replacement,137,0.0,0.0
working_memory,100,25,with_replacement,138,0.0,0.0
working_memory,100,25,with_replacement,139,0.0,0.0
working_memory,100,25,with_replacement,140,0.0,0.0
working_memory,100,25,with_replacement,141,0.0,0.0
working_memory,100,25,with_replacement,142,0.0,0.0
working_memory,100,25,with_replacement,143,0.0,0.0
working_memory,100,25,with_replacement,144,0.0,0.0
working_memory,100,25,with_replacement,145,0.0,0.0
working_memory,100,25,with_replacement,146,0.0,0.0
working_memory,100,25,with_replacement,147,0.0,0.0
working_memory,100,25,with_replacement,148,0.0,0.0
working_memory,100,25,with_replacement,149,0.0,0.0
working_memory,100,25,with_replacement,150,0.0,0.0
working_memory,100,25,with_replacement,151,0.0,0.0
working_memory,100,25,with_replacement,152,0.0,0.0
working_memory,100,25,with_replacement,153,0.0,0.0
working_memory,100,25,with_replacement,154,0.0,0.0
working_memory,100,25,with_replacement,155,0.0,0.0
working_memory,100,25,with_replacement,156,0.0,0.0
working_memory,100,25,with_replacement,157,0.0,0.0
working_memory,100,25,with_replacement,158,0.0,0.0
working_memory,100,25,with_replacement,159,0.0,0.0
working_memory,100,25,with_replacement,160,0.0,0.0
working_memory,100,25,without_replacement,40,0.0,0.0
working_memory,100,25,without_replacement,41,0.0,0.0
working_memory,100,25,without_replacement,42,0.0,0.0
working_memory,100,25,without_replacement,43,0.0,0.0
working_memory,100,25,without_replacement,44,0.0,0.0
working_memory,100,25,without_replacement,45,0.0,0.0
working_memory,100,25,without_replacement,46,0.0,0.0
working_memory,100,25,without_replacement,47,0.0,0.0
working_memory,100,25,without_replacement,48,0.0,0.0
working_memory,100,25,without_replacement,49,0.0,0.0
working_memory,100,25,without_replacement,50,0.0,0.0
working_memory,100,25,without_replacement,51,0.0,0.0
working_memory,100,25,without_replacement,52,0.0,0.0
working_memory,100,25,without_replacement,53,0.0,0.0
working_memory,100,25,without_replacement,54,0.0,0.0
working_memory,100,25,without_replacement,55,0.0,0.0
working_memory,100,25,without_replacement,56,0.0,0.0
working_memory,100,25,without_replacement,57,0.0,0.0
working_memory,100,25,without_replacement,58,0.0,0.0
working_memory,100,25,without_replacement,59,0.0,0.0
working_memory,100,25,without_replacement,60,0.0,0.0
working_memory,100,25,without_replacement,61,0.0,0.0
working_memory,100,25,without_replacement,62,0.0,0.0
working_memory,100,25,without_replacement,63,0.0,0.0
working_memory,100,25,without_replacement,64,0.0,0.0
working_memory,100,25,without_replacement,65,0.0,0.0
working_memory,100,25,without_replacement,66,0.0,0.0
working_memory,100,25,without_replacement,67,0.0,1.2963555899078173e-13
working_memory,100,25,without_replacement,68,0.0,0.0
working_memory,100,25,without_replacement,69,0.0,0.0
working_memory,100,25,without_replacement,70,0.0,0.0
working_memory,100,25,without_replacement,71,0.0,0.0
working_memory,100,25,without_replacement,72,0.0,1.905587079585525e-12
working_memory,100,25,without_replacement,73,0.0,0.0
working_memory,100,25,without_replacement,74,0.0,0.0
working_memory,100,25,without_replacement,75,0.0,2.0852964596457075e-11
working_memory,100,25,without_replacement,76,0.0,0.0
working_memory,100,25,without_replacement,77,0.0,1.7783253906306262e-10
working_memory,100,25,without_replacement,78,0.0,0.0
working_memory,100,25,without_replacement,79,0.0,1.2548388284833872e-09
working_memory,100,25,without_replacement,80,0.0,7.527267690382055e-09
working_memory,100,25,without_replacement,81,0.0,0.0
working_memory,100,25,without_replacement,82,0.0,3.933176242327697e-08
working_memory,100,25,without_replacement,83,0.0,1.8148072022410403e-07
working_memory,100,25,without_replacement,84,1e-06,7.489950718409781e-07
working_memory,100,25,without_replacement,85,1e-06,2.7876681539107557e-06
working_memory,100,25,without_replacement,86,1e-05,9.429852016107844e-06
working_memory,100,25,without_replacement,87,2.7e-05,2.91476825197018e-05
working_memory,100,25,without_replacement,88,7.6e-05,8.275182889107494e-05
working_memory,100,25,without_replacement,89,0.000196,0.000216591135178531
working_memory,100,25,without_replacement,90,0.000522,0.0005245075802593438
working_memory,100,25,without_replacement,91,0.001226,0.0011783090793890455
working_memory,100,25,without_replacement,92,0.002492,0.0024619523671216273
working_memory,100,25,without_replacement,93,0.013461,0.013505528598891006
working_memory,100,25,without_replacement,94,0.014978,0.014802723530004789
working_memory,100,25,without_replacement,95,0.023877,0.023542147129917937
working_memory,100,25,without_replacement,96,0.084424,0.08408391353039954
working_memory,100,25,without_replacement,97,0.064343,0.0642343048444946
working_memory,100,25,without_replacement,98,0.079686,0.07902822772117753
working_memory,100,25,without_replacement,99,0.190033,0.1902651674536274
working_memory,100,25,without_replacement,100,0.100412,0.10077862363377899
working_memory,100,25,without_replacement,101,0.096543,0.09630694728669834
working_memory,100,25,without_replacement,102,0.08571,0.0863356300042301
working_memory,100,25,without_replacement,103,0.129301,0.12971542057440663
working_memory,100,25,without_replacement,104,0.042172,0.04211032097609747
working_memory,100,25,without_replacement,105,0.028848,0.028998778492956262
working_memory,100,25,without_replacement,106,0.01852,0.018637066982322977
working_memory,100,25,without_replacement,107,0.011098,0.011153132271735332
working_memory,100,25,without_replacement,108,0.006339,0.0062032431473874276
working_memory,100,25,without_replacement,109,0.003144,0.0031962221346938267
working_memory,100,25,without_replacement,110,0.001505,0.0015214326055094833
working_memory,100,25,without_replacement,111,0.000646,0.000665939542004215
working_memory,100,25,without_replacement,112,0.000276,0.00026691722154066746
working_memory,100,25,without_replacement,113,9.4e-05,9.72871080414286e-05
working_memory,100,25,without_replacement,114,2.7e-05,3.202938851442716e-05
working_memory,100,25,without_replacement,115,0.0,0.0
working_memory,100,25,without_replacement,116,1e-05,9.421795892686285e-06
working_memory,100,25,without_replacement,117,2e-06,2.4457818422286713e-06
working_memory,100,25,without_replacement,118,0.0,0.0
working_memory,100,25,without_replacement,119,0.0,5.501307737185862e-07
working_memory,100,25,without_replacement,120,0.0,0.0
working_memory,100,25,without_replacement,121,0.0,1.0415232379761613e-07
working_memory,100,25,without_replacement,122,0.0,0.0
working_memory,100,25,without_replacement,123,0.0,0.0
working_memory,100,25,without_replacement,124,0.0,1.603641938537039e-08
working_memory,100,25,without_replacement,125,0.0,0.0
working_memory,100,25,without_replacement,126,0.0,0.0
working_memory,100,25,without_replacement,127,0.0,0.0
working_memory,100,25,without_replacement,128,0.0,0.0
working_memory,100,25,without_replacement,129,0.0,1.9404067456298176e-09
working_memory,100,25,without_replacement,130,0.0,0.0
working_memory,100,25,without_replacement,131,0.0,0.0
working_memory,100,25,without_replacement,132,0.0,0.0
working_memory,100,25,without_replacement,133,0.0,0.0
working_memory,100,25,without_replacement,134,0.0,0.0
working_memory,100,25,without_replacement,135,0.0,0.0
working_memory,100,25,without_replacement,136,0.0,0.0
working_memory,100,25,without_replacement,137,0.0,0.0
working_memory,100,25,without_replacement,138,0.0,0.0
working_memory,100,25,without_replacement,139,0.0,0.0
working_memory,100,25,without_replacement,140,0.0,0.0
working_memory,100,25,without_replacement,141,0.0,0.0
working_memory,100,25,without_replacement,142,0.0,0.0
working_memory,100,25,without_replacement,143,0.0,0.0
working_memory,100,25,without_replacement,144,0.0,0.0
working_memory,100,25,without_replacement,145,0.0,0.0
working_memory,100,25,without_replacement,146,0.0,0.0
working_memory,100,25,without_replacement,147,0.0,0.0
working_memory,100,25,without_replacement,148,0.0,0.0
working_memory,100,25,without_replacement,149,0.0,0.0
working_memory,100,25,without_replacement,150,0.0,0.0
working_memory,100,25,without_replacement,151,0.0,0.0
working_memory,100,25,without_replacement,152,0.0,0.0
working_memory,100,25,without_replacement,153,0.0,0.0
working_memory,100,25,without_replacement,154,0.0,0.0
working_memory,100,25,without_replacement,155,0.0,0.0
working_memory,100,25,without_replacement,156,0.0,0.0
working_memory,100,25,without_replacement,157,0.0,0.0
working_memory,100,25,without_replacement,158,0.0,0.0
working_memory,100,25,without_replacement,159,0.0,0.0
working_memory,100,25,without_replacement,160,0.0,0.0
working_memory,100,30,with_replacement,40,0.0,0.0
working_memory,100,30,with_replacement,41,0.0,0.0
working_memory,100,30,with_replacement,42,0.0,0.0
working_memory,100,30,with_replacement,43,0.0,0.0
working_memory,100,30,with_replacement,44,0.0,0.0
working_memory,100,30,with_replacement,45,0.0,0.0
working_memory,100,30,with_replacement,46,0.0,0.0
working_memory,100,30,with_replacement,47,0.0,0.0
working_memory,100,30,with_replacement,48,0.0,0.0
working_memory,100,30,with_replacement,49,0.0,0.0
working_memory,100,30,with_replacement,50,0.0,0.0
working_memory,100,30,with_replacement,51,0.0,0.0
working_memory,100,30,with_replacement,52,0.0,0.0
working_memory,100,30,with_replacement,53,0.0,0.0
working_memory,100,30,with_replacement,54,0.0,0.0
working_memory,100,30,with_replacement,55,0.0,0.0
working_memory,100,30,with_replacement,56,0.0,0.0
working_memory,100,30,with_replacement,57,0.0,0.0
working_memory,100,30,with_replacement,58,0.0,0.0
working_memory,100,30,with_replacement,59,0.0,0.0
working_memory,100,30,with_replacement,60,0.0,0.0
working_memory,100,30,with_replacement,61,0.0,0.0
working_memory,100,30,with_replacement,62,0.0,0.0
working_memory,100,30,with_replacement,63,0.0,0.0
working_memory,100,30,with_replacement,64,0.0,0.0
working_memory,100,30,with_replacement,65,0.0,0.0
working_memory,100,30,with_replacement,66,0.0,5.187292561267604e-12
working_memory,100,30,with_replacement,67,0.0,0.0
working_memory,100,30,with_replacement,68,0.0,0.0
working_memory,100,30,with_replacement,69,0.0,0.0
working_memory,100,30,with_replacement,70,0.0,4.0039951221828846e-11
working_memory,100,30,with_replacement,71,0.0,0.0
working_memory,100,30,with_replacement,72,0.0,0.0
working_memory,100,30,with_replacement,73,0.0,2.219638810129251e-10
working_memory,100,30,with_replacement,74,0.0,0.0
working_memory,100,30,with_replacement,75,0.0,1.165251774153514e-09
working_memory,100,30,with_replacement,76,0.0,0.0
working_memory,100,30,with_replacement,77,0.0,4.946240656744573e-09
working_memory,100,30,with_replacement,78,0.0,0.0
working_memory,100,30,with_replacement,79,0.0,1.97308449022085e-08
working_memory,100,30,with_replacement,80,0.0,6.88197999099826e-08
working_memory,100,30,with_replacement,81,0.0,2.2628823904240743e-07
working_memory,100,30,with_replacement,82,0.0,6.748281129680196e-07
working_memory,100,30,with_replacement,83,0.0,1.9062157468417646e-06
working_memory,100,30,with_replacement,84,5e-06,4.983478462067151e-06
working_memory,100,30,with_replacement,85,1.1e-05,1.2395617442810106e-05
working_memory,100,30,with_replacement,86,2.1e-05,2.8893986192375253e-05
working_memory,100,30,with_replacement,87,5.7e-05,6.431998887250816e-05
working_memory,100,30,with_replacement,88,0.000136,0.00013529331206322623
working_memory,100,30,with_replacement,89,0.000836,0.0007945943629459308
working_memory,100,30,with_replacement,90,0.000928,0.0009598032867757636
working_memory,100,30,with_replacement,91,0.004505,0.004527077907233815
working_memory,100,30,with_replacement,92,0.00455,0.004593507908623628
working_memory,100,30,with_replacement,93,0.017868,0.01783060037049375
working_memory,100,30,with_replacement,94,0.015315,0.015383617370914935
working_memory,100,30,with_replacement,95,0.049754,0.04973146621270045
working_memory,100,30,with_replacement,96,0.036662,0.03654339868648495
working_memory,100,30,with_replacement,97,0.099582,0.0995112579799352
working_memory,100,30,with_replacement,98,0.062683,0.06248914972551604
working_memory,100,30,with_replacement,99,0.143264,0.14384155362100207
working_memory,100,30,with_replacement,100,0.153901,0.1535104293021431
working_memory,100,30,with_replacement,101,0.073653,0.07350595185498927
working_memory,100,30,with_replacement,102,0.128612,0.12858619251200615
working_memory,100,30,with_replacement,103,0.052051,0.05193497863895535
working_memory,100,30,with_replacement,104,0.076162,0.07663465917470393
working_memory,100,30,with_replacement,105,0.025612,0.025724093821952797
working_memory,100,30,with_replacement,106,0.018831,0.018784030018426344
working_memory,100,30,with_replacement,107,0.021865,0.021846908616898766
working_memory,100,30,with_replacement,108,0.005503,0.005569093440289712
working_memory,100,30,with_replacement,109,0.00342,0.003392251279950052
working_memory,100,30,with_replacement,110,0.002058,0.0019524656126764395
working_memory,100,30,with_replacement,111,0.001671,0.0016260038463853526
working_memory,100,30,with_replacement,112,0.000274,0.0002709253361164836
working_memory,100,30,with_replacement,113,0.000127,0.0001228866239763028
working_memory,100,30,with_replacement,114,0.0,0.0
working_memory,100,30,with_replacement,115,5.1e-05,5.2796764348700626e-05
working_memory,100,30,with_replacement,116,2.1e-05,2.0572762326776688e-05
working_memory,100,30,with_replacement,117,7e-06,7.557162560608291e-06
working_memory,100,30,with_replacement,118,0.0,0.0
working_memory,100,30,with_replacement,119,3e-06,2.4272929969849698e-06
working_memory,100,30,with_replacement,120,1e-06,7.326568446361746e-07
working_memory,100,30,with_replacement,121,0.0,0.0
working_memory,100,30,with_replacement,122,0.0,0.0
working_memory,100,30,with_replacement,123,0.0,1.788121506233831e-07
working_memory,100,30,with_replacement,124,0.0,0.0
working_memory,100,30,with_replacement,125,0.0,4.132778551662193e-08
working_memory,100,30,with_replacement,126,0.0,0.0
working_memory,100,30,with_replacement,127,0.0,0.0
working_memory,100,30,with_replacement,128,0.0,0.0
working_memory,100,30,with_replacement,129,0.0,0.0
working_memory,100,30,with_replacement,130,0.0,7.064422456229634e-09
working_memory,100,30,with_replacement,131,0.0,0.0
working_memory,100,30,with_replacement,132,0.0,0.0
working_memory,100,30,with_replacement,133,0.0,0.0
working_memory,100,30,with_replacement,134,0.0,0.0
working_memory,100,30,with_replacement,135,0.0,0.0
working_memory,100,30,with_replacement,136,0.0,0.0
working_memory,100,30,with_replacement,137,0.0,0.0
working_memory,100,30,with_replacement,138,0.0,0.0
working_memory,100,30,with_replacement,139,0.0,0.0
working_memory,100,30,with_replacement,140,0.0,0.0
working_memory,100,30,with_replacement,141,0.0,0.0
working_memory,100,30,with_replacement,142,0.0,0.0
working_memory,100,30,with_replacement,143,0.0,0.0
working_memory,100,30,with_replacement,144,0.0,0.0
working_memory,100,30,with_replacement,145,0.0,0.0
working_memory,100,30,with_replacement,146,0.0,0.0
working_memory,100,30,with_replacement,147,0.0,0.0
working_memory,100,30,with_replacement,148,0.0,0.0
working_memory,100,30,with_replacement,149,0.0,0.0
working_memory,100,30,with_replacement,150,0.0,0.0
working_memory,100,30,with_replacement,151,0.0,0.0
working_memory,100,30,with_replacement,152,0.0,0.0
working_memory,100,30,with_replacement,153,0.0,0.0
working_memory,100,30,with_replacement,154,0.0,0.0
working_memory,100,30,with_replacement,155,0.0,0.0
working_memory,100,30,with_replacement,156,0.0,0.0
working_memory,100,30,with_replacement,157,0.0,0.0
working_memory,100,30,with_replacement,158,0.0,0.0
working_memory,100,30,with_replacement,159,0.0,0.0
working_memory,100,30,with_replacement,160,0.0,0.0
working_memory,100,30,without_replacement,40,0.0,0.0
working_memory,100,30,without_replacement,41,0.0,0.0
working_memory,100,30,without_replacement,42,0.0,0.0
working_memory,100,30,without_replacement,43,0.0,0.0
working_memory,100,30,without_replacement,44,0.0,0.0
working_memory,100,30,without_replacement,45,0.0,0.0
working_memory,100,30,without_replacement,46,0.0,0.0
working_memory,100,30,without_replacement,47,0.0,0.0
working_memory,100,30,without_replacement,48,0.0,0.0
working_memory,100,30,without_replacement,49,0.0,0.0
working_memory,100,30,without_replacement,50,0.0,0.0
working_memory,100,30,without_replacement,51,0.0,0.0
working_memory,100,30,without_replacement,52,0.0,0.0
working_memory,100,30,without_replacement,53,0.0,0.0
working_memory,100,30,without_replacement,54,0.0,0.0
working_memory,100,30,without_replacement,55,0.0,0.0
working_memory,100,30,without_replacement,56,0.0,0.0
working_memory,100,30,without_replacement,57,0.0,0.0
working_memory,100,30,without_replacement,58,0.0,0.0
working_memory,100,30,without_replacement,59,0.0,0.0
working_memory,100,30,without_replacement,60,0.0,0.0
working_memory,100,30,without_replacement,61,0.0,0.0
working_memory,100,30,without_replacement,62,0.0,0.0
working_memory,100,30,without_replacement,63,0.0,0.0
working_memory,100,30,without_replacement,64,0.0,0.0
working_memory,100,30,without_replacement,65,0.0,0.0
working_memory,100,30,without_replacement,66,0.0,2.0314444086971272e-18
working_memory,100,30,without_replacement,67,0.0,0.0
working_memory,100,30,without_replacement,68,0.0,0.0
working_memory,100,30,without_replacement,69,0.0,0.0
working_memory,100,30,without_replacement,70,0.0,6.741716609082774e-17
working_memory,100,30,without_replacement,71,0.0,0.0
working_memory,100,30,without_replacement,72,0.0,0.0
working_memory,100,30,without_replacement,73,0.0,1.3585340292074363e-15
working_memory,100,30,without_replacement,74,0.0,0.0
working_memory,100,30,without_replacement,75,0.0,1.984359545545215e-14
working_memory,100,30,without_replacement,76,0.0,0.0
working_memory,100,30,without_replacement,77,0.0,2.2643917016919716e-13
working_memory,100,30,without_replacement,78,0.0,0.0
working_memory,100,30,without_replacement,79,0.0,2.1229442589587993e-12
working_memory,100,30,without_replacement,80,0.0,1.683842722547999e-11
working_memory,100,30,without_replacement,81,0.0,1.1555066051165559e-10
working_memory,100,30,without_replacement,82,0.0,6.966932481379113e-10
working_memory,100,30,without_replacement,83,0.0,3.73714397735921e-09
working_memory,100,30,without_replacement,84,0.0,1.800341607766564e-08
working_memory,100,30,without_replacement,85,0.0,7.850970898076859e-08
working_memory,100,30,without_replacement,86,0.0,3.118711616285522e-07
working_memory,100,30,without_replacement,87,0.0,1.1346440977064076e-06
working_memory,100,30,without_replacement,88,2e-06,3.797575862528119e-06
working_memory,100,30,without_replacement,89,5.5e-05,4.535578922146666e-05
working_memory,100,30,without_replacement,90,7.6e-05,8.94634737407266e-05
working_memory,100,30,without_replacement,91,0.000745,0.0007349731226581663
working_memory,100,30,without_replacement,92,0.001155,0.0011107136324361889
working_memory,100,30,without_replacement,93,0.006627,0.006535361919703726
working_memory,100,30,without_replacement,94,0.007655,0.007652620392917907
working_memory,100,30,without_replacement,95,0.032974,0.03318017427573957
working_memory,100,30,without_replacement,96,0.030329,0.030264777780240042
working_memory,100,30,without_replacement,97,0.098935,0.09867481649420795
working_memory,100,30,without_replacement,98,0.070616,0.0701510645913102
working_memory,100,30,without_replacement,99,0.174491,0.17442900715551807
working_memory,100,30,without_replacement,100,0.191376,0.19157589570187283
working_memory,100,30,without_replacement,101,0.088908,0.08896033469103552
working_memory,100,30,without_replacement,102,0.142693,0.14334574594369448
working_memory,100,30,without_replacement,103,0.050957,0.05084365135015035
working_memory,100,30,without_replacement,104,0.0634,0.06335507457396249
working_memory,100,30,without_replacement,105,0.016952,0.01686818462128433
working_memory,100,30,without_replacement,106,0.010164,0.010301122055600076
working_memory,100,30,without_replacement,107,0.009033,0.009050579791568774
working_memory,100,30,without_replacement,108,0.001585,0.001577234830806257
working_memory,100,30,without_replacement,109,0.000772,0.0007342681331945592
working_memory,100,30,without_replacement,110,0.000303,0.0003175066749363384
working_memory,100,30,without_replacement,111,0.000175,0.0001740622783156334
working_memory,100,30,without_replacement,112,1.4e-05,1.5913460351595787e-05
working_memory,100,30,without_replacement,113,7e-06,4.925113779648988e-06
working_memory,100,30,without_replacement,114,0.0,0.0
working_memory,100,30,without_replacement,115,1e-06,1.3819653975036054e-06
working_memory,100,30,without_replacement,116,0.0,3.4856717165284626e-07
working_memory,100,30,without_replacement,117,0.0,7.812254054872842e-08
working_memory,100,30,without_replacement,118,0.0,0.0
working_memory,100,30,without_replacement,119,0.0,1.5338708466409728e-08
working_memory,100,30,without_replacement,120,0.0,2.5802026619055368e-09
working_memory,100,30,without_replacement,121,0.0,0.0
working_memory,100,30,without_replacement,122,0.0,0.0
working_memory,100,30,without_replacement,123,0.0,3.6162171558548214e-10
working_memory,100,30,without_replacement,124,0.0,0.0
working_memory,100,30,without_replacement,125,0.0,3.9924962549516325e-11
working_memory,100,30,without_replacement,126,0.0,0.0
working_memory,100,30,without_replacement,127,0.0,0.0
working_memory,100,30,without_replacement,128,0.0,0.0
working_memory,100,30,without_replacement,129,0.0,0.0
working_memory,100,30,without_replacement,130,0.0,3.3416646736649967e-12
working_memory,100,30,without_replacement,131,0.0,0.0
working_memory,100,30,without_replacement,132,0.0,0.0
working_memory,100,30,without_replacement,133,0.0,0.0
working_memory,100,30,without_replacement,134,0.0,0.0
working_memory,100,30,without_replacement,135,0.0,0.0
working_memory,100,30,without_replacement,136,0.0,0.0
working_memory,100,30,without_replacement,137,0.0,0.0
working_memory,100,30,without_replacement,138,0.0,0.0
working_memory,100,30,without_replacement,139,0.0,0.0
working_memory,100,30,without_replacement,140,0.0,0.0
working_memory,100,30,without_replacement,141,0.0,0.0
working_memory,100,30,without_replacement,142,0.0,0.0
working_memory,100,30,without_replacement,143,0.0,0.0
working_memory,100,30,without_replacement,144,0.0,0.0
working_memory,100,30,without_replacement,145,0.0,0.0
working_memory,100,30,without_replacement,146,0.0,0.0
working_memory,100,30,without_replacement,147,0.0,0.0
working_memory,100,30,without_replacement,148,0.0,0.0
working_memory,100,30,without_replacement,149,0.0,0.0
working_memory,100,30,without_replacement,150,0.0,0.0
working_memory,100,30,without_replacement,151,0.0,0.0
working_memory,100,30,without_replacement,152,0.0,0.0
working_memory,100,30,without_replacement,153,0.0,0.0
working_memory,100,30,without_replacement,154,0.0,0.0
working_memory,100,30,without_replacement,155,0.0,0.0
working_memory,100,30,without_replacement,156,0.0,0.0
working_memory,100,30,without_replacement,157,0.0,0.0
working_memory,100,30,without_replacement,158,0.0,0.0
working_memory,100,30,without_replacement,159,0.0,0.0
working_memory,100,30,without_replacement,160,0.0,0.0
working_memory,100,35,with_replacement,40,0.0,0.0
working_memory,100,35,with_replacement,41,0.0,0.0
working_memory,100,35,with_replacement,42,0.0,0.0
working_memory,100,35,with_replacement,43,0.0,0.0
working_memory,100,35,with_replacement,44,0.0,0.0
working_memory,100,35,with_replacement,45,0.0,0.0
working_memory,100,35,with_replacement,46,0.0,0.0
working_memory,100,35,with_replacement,47,0.0,0.0
working_memory,100,35,with_replacement,48,0.0,0.0
working_memory,100,35,with_replacement,49,0.0,0.0
working_memory,100,35,with_replacement,50,0.0,0.0
working_memory,100,35,with_replacement,51,0.0,0.0
working_memory,100,35,with_replacement,52,0.0,0.0
working_memory,100,35,with_replacement,53,0.0,0.0
working_memory,100,35,with_replacement,54,0.0,0.0
working_memory,100,35,with_replacement,55,0.0,0.0
working_memory,100,35,with_replacement,56,0.0,0.0
working_memory,100,35,with_replacement,57,0.0,0.0
working_memory,100,35,with_replacement,58,0.0,0.0
working_memory,100,35,with_replacement,59,0.0,0.0
working_memory,100,35,with_replacement,60,0.0,0.0
working_memory,100,35,with_replacement,61,0.0,0.0
working_memory,100,35,with_replacement,62,0.0,0.0
working_memory,100,35,with_replacement,63,0.0,0.0
working_memory,100,35,with_replacement,64,0.0,0.0
working_memory,100,35,with_replacement,65,0.0,5.3944094098220746e-14
working_memory,100,35,with_replacement,66,0.0,0.0
working_memory,100,35,with_replacement,67,0.0,0.0
working_memory,100,35,with_replacement,68,0.0,0.0
working_memory,100,35,with_replacement,69,0.0,4.572179769501086e-13
working_memory,100,35,with_replacement,70,0.0,0.0
working_memory,100,35,with_replacement,71,0.0,0.0
working_memory,100,35,with_replacement,72,0.0,2.8575857883260866e-12
working_memory,100,35,with_replacement,73,0.0,0.0
working_memory,100,35,with_replacement,74,0.0,1.6388347084178222e-11
working_memory,100,35,with_replacement,75,0.0,0.0
working_memory,100,35,with_replacement,76,0.0,7.763835623135939e-11
working_memory,100,35,with_replacement,77,0.0,3.401522051679879e-10
working_memory,100,35,with_replacement,78,0.0,0.0
working_memory,100,35,with_replacement,79,0.0,1.320026539756325e-09
working_memory,100,35,with_replacement,80,0.0,4.785961228044505e-09
working_memory,100,35,with_replacement,81,0.0,1.5877142814602156e-08
working_memory,100,35,with_replacement,82,0.0,4.96286401884565e-08
working_memory,100,35,with_replacement,83,0.0,1.4453175631171204e-07
working_memory,100,35,with_replacement,84,0.0,3.992325891326351e-07
working_memory,100,35,with_replacement,85,5e-06,3.617478528400403e-06
working_memory,100,35,with_replacement,86,9e-06,6.074331698193465e-06
working_memory,100,35,with_replacement,87,4e-05,4.318317960753749e-05
working_memory,100,35,with_replacement,88,5.6e-05,6.094420356909789e-05
working_memory,100,35,with_replacement,89,0.000369,0.00035089857973456324
working_memory,100,35,with_replacement,90,0.000397,0.0004218654214570456
working_memory,100,35,with_replacement,91,0.002011,0.0020158641228093482
working_memory,100,35,with_replacement,92,0.005363,0.00540757750560244
working_memory,100,35,with_replacement,93,0.00499,0.005095809517862408
working_memory,100,35,with_replacement,94,0.018372,0.018430462665477935
working_memory,100,35,with_replacement,95,0.035511,0.03544903529710907
working_memory,100,35,with_replacement,96,0.059985,0.060033759965692955
working_memory,100,35,with_replacement,97,0.089837,0.08968334522838205
working_memory,100,35,with_replacement,98,0.118378,0.11830067461188777
working_memory,100,35,with_replacement,99,0.067226,0.0673282654423538
working_memory,100,35,with_replacement,100,0.142166,0.1419572018348661
working_memory,100,35,with_replacement,101,0.136923,0.13706683032390832
working_memory,100,35,with_replacement,102,0.116173,0.11652197649354706
working_memory,100,35,with_replacement,103,0.087048,0.0869705119047501
working_memory,100,35,with_replacement,104,0.031876,0.031918946192780975
working_memory,100,35,with_replacement,105,0.043502,0.043556843951140935
working_memory,100,35,with_replacement,106,0.023234,0.023028392859750793
working_memory,100,35,with_replacement,107,0.00646,0.006366637544701772
working_memory,100,35,with_replacement,108,0.006675,0.006670994387738592
working_memory,100,35,with_replacement,109,0.00159,0.0015194945766605484
working_memory,100,35,with_replacement,110,0.000886,0.0008633284872096453
working_memory,100,35,with_replacement,111,0.000702,0.0007119631930599383
working_memory,100,35,with_replacement,112,0.000121,0.0001193452637187643
working_memory,100,35,with_replacement,113,5.7e-05,5.535748636367725e-05
working_memory,100,35,with_replacement,114,2e-05,2.4354506612019595e-05
working_memory,100,35,with_replacement,115,1.3e-05,9.98281883315267e-06
working_memory,100,35,with_replacement,116,4e-06,3.855528278210848e-06
working_memory,100,35,with_replacement,117,1e-06,1.3624835207480614e-06
working_memory,100,35,with_replacement,118,0.0,4.498376113401584e-07
working_memory,100,35,with_replacement,119,0.0,0.0
working_memory,100,35,with_replacement,120,0.0,1.3155055475716895e-07
working_memory,100,35,with_replacement,121,0.0,0.0
working_memory,100,35,with_replacement,122,0.0,3.557831562748268e-08
working_memory,100,35,with_replacement,123,0.0,0.0
working_memory,100,35,with_replacement,124,0.0,7.948467194567114e-09
working_memory,100,35,with_replacement,125,0.0,0.0
working_memory,100,35,with_replacement,126,0.0,1.6294509241139033e-09
working_memory,100,35,with_replacement,127,0.0,0.0
working_memory,100,35,with_replacement,128,0.0,0.0
working_memory,100,35,with_replacement,129,0.0,0.0
working_memory,100,35,with_replacement,130,0.0,0.0
working_memory,100,35,with_replacement,131,0.0,2.5270643030725e-10
working_memory,100,35,with_replacement,132,0.0,0.0
working_memory,100,35,with_replacement,133,0.0,0.0
working_memory,100,35,with_replacement,134,0.0,0.0
working_memory,100,35,with_replacement,135,0.0,0.0
working_memory,100,35,with_replacement,136,0.0,0.0
working_memory,100,35,with_replacement,137,0.0,0.0
working_memory,100,35,with_replacement,138,0.0,0.0
working_memory,100,35,with_replacement,139,0.0,0.0
working_memory,100,35,with_replacement,140,0.0,0.0
working_memory,100,35,with_replacement,141,0.0,0.0
working_memory,100,35,with_replacement,142,0.0,0.0
working_memory,100,35,with_replacement,143,0.0,0.0
working_memory,100,35,with_replacement,144,0.0,0.0
working_memory,100,35,with_replacement,145,0.0,0.0
working_memory,100,35,with_replacement,146,0.0,0.0
working_memory,100,35,with_replacement,147,0.0,0.0
working_memory,100,35,with_replacement,148,0.0,0.0
working_memory,100,35,with_replacement,149,0.0,0.0
working_memory,100,35,with_replacement,150,0.0,0.0
working_memory,100,35,with_replacement,151,0.0,0.0
working_memory,100,35,with_replacement,152,0.0,0.0
working_memory,100,35,with_replacement,153,0.0,0.0
working_memory,100,35,with_replacement,154,0.0,0.0
working_memory,100,35,with_replacement,155,0.0,0.0
working_memory,100,35,with_replacement,156,0.0,0.0
working_memory,100,35,with_replacement,157,0.0,0.0
working_memory,100,35,with_replacement,158,0.0,0.0
working_memory,100,35,with_replacement,159,0.0,0.0
working_memory,100,35,with_replacement,160,0.0,0.0
working_memory,100,35,without_replacement,40,0.0,0.0
working_memory,100,35,without_replacement,41,0.0,0.0
working_memory,100,35,without_replacement,42,0.0,0.0
working_memory,100,35,without_replacement,43,0.0,0.0
working_memory,100,35,without_replacement,44,0.0,0.0
working_memory,100,35,without_replacement,45,0.0,0.0
working_memory,100,35,without_replacement,46,0.0,0.0
working_memory,100,35,without_replacement,47,0.0,0.0
working_memory,100,35,without_replacement,48,0.0,0.0
working_memory,100,35,without_replacement,49,0.0,0.0
working_memory,100,35,without_replacement,50,0.0,0.0
working_memory,100,35,without_replacement,51,0.0,0.0
working_memory,100,35,without_replacement,52,0.0,0.0
working_memory,100,35,without_replacement,53,0.0,0.0
working_memory,100,35,without_replacement,54,0.0,0.0
working_memory,100,35,without_replacement,55,0.0,0.0
working_memory,100,35,without_replacement,56,0.0,0.0
working_memory,100,35,without_replacement,57,0.0,0.0
working_memory,100,35,without_replacement,58,0.0,0.0
working_memory,100,35,without_replacement,59,0.0,0.0
working_memory,100,35,without_replacement,60,0.0,0.0
working_memory,100,35,without_replacement,61,0.0,0.0
working_memory,100,35,without_replacement,62,0.0,0.0
working_memory,100,35,without_replacement,63,0.0,0.0
working_memory,100,35,without_replacement,64,0.0,0.0
working_memory,100,35,without_replacement,65,0.0,0.0
working_memory,100,35,without_replacement,66,0.0,0.0
working_memory,100,35,without_replacement,67,0.0,0.0
working_memory,100,35,without_replacement,68,0.0,0.0
working_memory,100,35,without_replacement,69,0.0,0.0
working_memory,100,35,without_replacement,70,0.0,0.0
working_memory,100,35,without_replacement,71,0.0,0.0
working_memory,100,35,without_replacement,72,0.0,4.722292581502197e-22
working_memory,100,35,without_replacement,73,0.0,0.0
working_memory,100,35,without_replacement,74,0.0,3.0964747070135837e-20
working_memory,100,35,without_replacement,75,0.0,0.0
working_memory,100,35,without_replacement,76,0.0,1.0123920681514781e-18
working_memory,100,35,without_replacement,77,0.0,2.2117621867121593e-17
working_memory,100,35,without_replacement,78,0.0,0.0
working_memory,100,35,without_replacement,79,0.0,3.606509290344858e-16
working_memory,100,35,without_replacement,80,0.0,4.6756960565545575e-15
working_memory,100,35,without_replacement,81,0.0,5.0073032041771616e-14
working_memory,100,35,without_replacement,82,0.0,4.551372008805229e-13
working_memory,100,35,without_replacement,83,0.0,3.579510794655163e-12
working_memory,100,35,without_replacement,84,0.0,2.4726177659890605e-11
working_memory,100,35,without_replacement,85,0.0,9.872291081706862e-10
working_memory,100,35,without_replacement,86,0.0,4.157165711421475e-09
working_memory,100,35,without_replacement,87,0.0,9.672391192535591e-08
working_memory,100,35,without_replacement,88,0.0,2.96377980838449e-07
working_memory,100,35,without_replacement,89,7e-06,4.419810068257397e-06
working_memory,100,35,without_replacement,90,1.4e-05,1.0196114822065772e-05
working_memory,100,35,without_replacement,91,0.000121,0.00010370592907115548
working_memory,100,35,without_replacement,92,0.000611,0.0006064685255435522
working_memory,100,35,without_replacement,93,0.00093,0.0009102267488277698
working_memory,100,35,without_replacement,94,0.005337,0.005352477458357826
working_memory,100,35,without_replacement,95,0.017026,0.01694442051292829
working_memory,100,35,without_replacement,96,0.042486,0.042594560115714025
working_memory,100,35,without_replacement,97,0.085574,0.08549303317834872
working_memory,100,35,without_replacement,98,0.137807,0.13754259276381817
working_memory,100,35,without_replacement,99,0.085274,0.08556835263941323
working_memory,100,35,without_replacement,100,0.186313,0.18627437341159794
working_memory,100,35,without_replacement,101,0.173615,0.17364226169278454
working_memory,100,35,without_replacement,102,0.1303,0.13002386333304902
working_memory,100,35,without_replacement,103,0.077708,0.07800522435505565
working_memory,100,35,without_replacement,104,0.022571,0.02263859176221109
working_memory,100,35,without_replacement,105,0.023787,0.023689996472967715
working_memory,100,35,without_replacement,106,0.007987,0.007984381396521353
working_memory,100,35,without_replacement,107,0.001346,0.0014262597379590355
working_memory,100,35,without_replacement,108,0.000971,0.0009829977277322985
working_memory,100,35,without_replacement,109,0.000131,0.00012624128038555736
working_memory,100,35,without_replacement,110,4.9e-05,4.8958103529289214e-05
working_memory,100,35,without_replacement,111,3.2e-05,2.35117477687546e-05
working_memory,100,35,without_replacement,112,2e-06,1.8071503054792039e-06
working_memory,100,35,without_replacement,113,1e-06,5.09889172009504e-07
working_memory,100,35,without_replacement,114,0.0,1.3132403149298689e-07
working_memory,100,35,without_replacement,115,0.0,3.0668300867262447e-08
working_memory,100,35,without_replacement,116,0.0,6.441333729841726e-09
working_memory,100,35,without_replacement,117,0.0,1.203978853465661e-09
working_memory,100,35,without_replacement,118,0.0,1.9765320194207048e-10
working_memory,100,35,without_replacement,119,0.0,0.0
working_memory,100,35,without_replacement,120,0.0,2.7971381883565835e-11
working_memory,100,35,without_replacement,121,0.0,0.0
working_memory,100,35,without_replacement,122,0.0,3.3294762310862793e-12
working_memory,100,35,without_replacement,123,0.0,0.0
working_memory,100,35,without_replacement,124,0.0,3.2014194529675767e-13
working_memory,100,35,without_replacement,125,0.0,0.0
working_memory,100,35,without_replacement,126,0.0,2.338186335566528e-14
working_memory,100,35,without_replacement,127,0.0,0.0
working_memory,100,35,without_replacement,128,0.0,0.0
working_memory,100,35,without_replacement,129,0.0,0.0
working_memory,100,35,without_replacement,130,0.0,0.0
working_memory,100,35,without_replacement,131,0.0,1.162773745254706e-15
working_memory,100,35,without_replacement,132,0.0,0.0
working_memory,100,35,without_replacement,133,0.0,0.0
working_memory,100,35,without_replacement,134,0.0,0.0
working_memory,100,35,without_replacement,135,0.0,0.0
working_memory,100,35,without_replacement,136,0.0,0.0
working_memory,100,35,without_replacement,137,0.0,0.0
working_memory,100,35,without_replacement,138,0.0,0.0
working_memory,100,35,without_replacement,139,0.0,0.0
working_memory,100,35,without_replacement,140,0.0,0.0
working_memory,100,35,without_replacement,141,0.0,0.0
working_memory,100,35,without_replacement,142,0.0,0.0
working_memory,100,35,without_replacement,143,0.0,0.0
working_memory,100,35,without_replacement,144,0.0,0.0
working_memory,100,35,without_replacement,145,0.0,0.0
working_memory,100,35,without_replacement,146,0.0,0.0
working_memory,100,35,without_replacement,147,0.0,0.0
working_memory,100,35,without_replacement,148,0.0,0.0
working_memory,100,35,without_replacement,149,0.0,0.0
working_memory,100,35,without_replacement,150,0.0,0.0
working_memory,100,35,without_replacement,151,0.0,0.0
working_memory,100,35,without_replacement,152,0.0,0.0
working_memory,100,35,without_replacement,153,0.0,0.0
working_memory,100,35,without_replacement,154,0.0,0.0
working_memory,100,35,without_replacement,155,0.0,0.0
working_memory,100,35,without_replacement,156,0.0,0.0
working_memory,100,35,without_replacement,157,0.0,0.0
working_memory,100,35,without_replacement,158,0.0,0.0
working_memory,100,35,without_replacement,159,0.0,0.0
working_memory,100,35,without_replacement,160,0.0,0.0
working_memory,100,40,with_replacement,40,0.0,0.0
working_memory,100,40,with_replacement,41,0.0,0.0
working_memory,100,40,with_replacement,42,0.0,0.0
working_memory,100,40,with_replacement,43,0.0,0.0
working_memory,100,40,with_replacement,44,0.0,0.0
working_memory,100,40,with_replacement,45,0.0,0.0
working_memory,100,40,with_replacement,46,0.0,0.0
working_memory,100,40,with_replacement,47,0.0,0.0
working_memory,100,40,with_replacement,48,0.0,0.0
working_memory,100,40,with_replacement,49,0.0,0.0
working_memory,100,40,with_replacement,50,0.0,0.0
working_memory,100,40,with_replacement,51,0.0,0.0
working_memory,100,40,with_replacement,52,0.0,0.0
working_memory,100,40,with_replacement,53,0.0,0.0
working_memory,100,40,with_replacement,54,0.0,0.0
working_memory,100,40,with_replacement,55,0.0,0.0
working_memory,100,40,with_replacement,56,0.0,0.0
working_memory,100,40,with_replacement,57,0.0,0.0
working_memory,100,40,with_replacement,58,0.0,0.0
working_memory,100,40,with_replacement,59,0.0,0.0
working_memory,100,40,with_replacement,60,0.0,0.0
working_memory,100,40,with_replacement,61,0.0,0.0
working_memory,100,40,with_replacement,62,0.0,0.0
working_memory,100,40,with_replacement,63,0.0,0.0
working_memory,100,40,with_replacement,64,0.0,5.515452213292392e-16
working_memory,100,40,with_replacement,65,0.0,0.0
working_memory,100,40,with_replacement,66,0.0,0.0
working_memory,100,40,with_replacement,67,0.0,0.0
working_memory,100,40,with_replacement,68,0.0,0.0
working_memory,100,40,with_replacement,69,0.0,5.085436886076125e-15
working_memory,100,40,with_replacement,70,0.0,0.0
working_memory,100,40,with_replacement,71,0.0,3.5206680499937355e-14
working_memory,100,40,with_replacement,72,0.0,0.0
working_memory,100,40,with_replacement,73,0.0,2.1864884193867761e-13
working_memory,100,40,with_replacement,74,0.0,0.0
working_memory,100,40,with_replacement,75,0.0,1.1374357195402206e-12
working_memory,100,40,with_replacement,76,0.0,5.414593974667115e-12
working_memory,100,40,with_replacement,77,0.0,0.0
working_memory,100,40,with_replacement,78,0.0,2.3011074079617478e-11
working_memory,100,40,with_replacement,79,0.0,9.086784031557186e-11
working_memory,100,40,with_replacement,80,0.0,3.300072317054837e-10
working_memory,100,40,with_replacement,81,0.0,1.1259808820543722e-09
working_memory,100,40,with_replacement,82,0.0,1.4450316828764396e-08
working_memory,100,40,with_replacement,83,0.0,3.1009922022543245e-08
working_memory,100,40,with_replacement,84,0.0,8.438876266946114e-08
working_memory,100,40,with_replacement,85,1e-06,7.606819246832593e-07
working_memory,100,40,with_replacement,86,1e-06,1.2861675668785374e-06
working_memory,100,40,with_replacement,87,1e-05,9.350488462052853e-06
working_memory,100,40,with_replacement,88,3.8e-05,4.1055596939456496e-05
working_memory,100,40,with_replacement,89,4.4e-05,5.3995844260009194e-05
working_memory,100,40,with_replacement,90,0.000255,0.00028989522655021693
working_memory,100,40,with_replacement,91,0.000898,0.0009042798755260568
working_memory,100,40,with_replacement,92,0.002485,0.0024883121849583025
working_memory,100,40,with_replacement,93,0.006011,0.006068119152430277
working_memory,100,40,with_replacement,94,0.013167,0.013162799991481646
working_memory,100,40,with_replacement,95,0.025454,0.02547042309135373
working_memory,100,40,with_replacement,96,0.044133,0.04406168454406265
working_memory,100,40,with_replacement,97,0.112984,0.1123624648829121
working_memory,100,40,with_replacement,98,0.106774,0.1071494607187828
working_memory,100,40,with_replacement,99,0.125552,0.12627809110959362
working_memory,100,40,with_replacement,100,0.133326,0.13337692142801275
working_memory,100,40,with_replacement,101,0.126508,0.12613257439440298
working_memory,100,40,with_replacement,102,0.106144,0.1066333566741714
working_memory,100,40,with_replacement,103,0.080572,0.08041342962595913
working_memory,100,40,with_replacement,104,0.05421,0.05393593064439799
working_memory,100,40,with_replacement,105,0.032003,0.03205799770306094
working_memory,100,40,with_replacement,106,0.0169,0.016806885461561477
working_memory,100,40,with_replacement,107,0.007809,0.007727168186438083
working_memory,100,40,with_replacement,108,0.001972,0.0019243733240537865
working_memory,100,40,with_replacement,109,0.001946,0.0018528776713272578
working_memory,100,40,with_replacement,110,0.000359,0.0003844826590663012
working_memory,100,40,with_replacement,111,0.000334,0.0003148995939699505
working_memory,100,40,with_replacement,112,6.4e-05,5.3059781543840646e-05
working_memory,100,40,with_replacement,113,3.7e-05,3.6188054734486196e-05
working_memory,100,40,with_replacement,114,5e-06,4.751334595586363e-06
working_memory,100,40,with_replacement,115,3e-06,1.9078638043136283e-06
working_memory,100,40,with_replacement,116,1e-06,7.164298747556296e-07
working_memory,100,40,with_replacement,117,0.0,2.527518336422628e-07
working_memory,100,40,with_replacement,118,0.0,8.200774644514364e-08
working_memory,100,40,with_replacement,119,0.0,0.0
working_memory,100,40,with_replacement,120,0.0,2.472394456944888e-08
working_memory,100,40,with_replacement,121,0.0,6.654456746460541e-09
working_memory,100,40,with_replacement,122,0.0,0.0
working_memory,100,40,with_replacement,123,0.0,1.638954148416717e-09
working_memory,100,40,with_replacement,124,0.0,0.0
working_memory,100,40,with_replacement,125,0.0,3.381260101206916e-10
working_memory,100,40,with_replacement,126,0.0,0.0
working_memory,100,40,with_replacement,127,0.0,6.257713099765473e-11
working_memory,100,40,with_replacement,128,0.0,0.0
working_memory,100,40,with_replacement,129,0.0,0.0
working_memory,100,40,with_replacement,130,0.0,0.0
working_memory,100,40,with_replacement,131,0.0,0.0
working_memory,100,40,with_replacement,132,0.0,8.895301839291381e-12
working_memory,100,40,with_replacement,133,0.0,0.0
working_memory,100,40,with_replacement,134,0.0,0.0
working_memory,100,40,with_replacement,135,0.0,0.0
working_memory,100,40,with_replacement,136,0.0,0.0
working_memory,100,40,with_replacement,137,0.0,0.0
working_memory,100,40,with_replacement,138,0.0,0.0
working_memory,100,40,with_replacement,139,0.0,0.0
working_memory,100,40,with_replacement,140,0.0,0.0
working_memory,100,40,with_replacement,141,0.0,0.0
working_memory,100,40,with_replacement,142,0.0,0.0
working_memory,100,40,with_replacement,143,0.0,0.0
working_memory,100,40,with_replacement,144,0.0,0.0
working_memory,100,40,with_replacement,145,0.0,0.0
working_memory,100,40,with_replacement,146,0.0,0.0
working_memory,100,40,with_replacement,147,0.0,0.0
working_memory,100,40,with_replacement,148,0.0,0.0
working_memory,100,40,with_replacement,149,0.0,0.0
working_memory,100,40,with_replacement,150,0.0,0.0
working_memory,100,40,with_replacement,151,0.0,0.0
working_memory,100,40,with_replacement,152,0.0,0.0
working_memory,100,40,with_replacement,153,0.0,0.0
working_memory,100,40,with_replacement,154,0.0,0.0
working_memory,100,40,with_replacement,155,0.0,0.0
working_memory,100,40,with_replacement,156,0.0,0.0
working_memory,100,40,with_replacement,157,0.0,0.0
working_memory,100,40,with_replacement,158,0.0,0.0
working_memory,100,40,with_replacement,159,0.0,0.0
working_memory,100,40,with_replacement,160,0.0,0.0
working_memory,100,40,without_replacement,40,0.0,0.0
working_memory,100,40,without_replacement,41,0.0,0.0
working_memory,100,40,without_replacement,42,0.0,0.0
working_memory,100,40,without_replacement,43,0.0,0.0
working_memory,100,40,without_replacement,44,0.0,0.0
working_memory,100,40,without_replacement,45,0.0,0.0
working_memory,100,40,without_replacement,46,0.0,0.0
working_memory,100,40,without_replacement,47,0.0,0.0
working_memory,100,40,without_replacement,48,0.0,0.0
working_memory,100,40,without_replacement,49,0.0,0.0
working_memory,100,40,without_replacement,50,0.0,0.0
working_memory,100,40,without_replacement,51,0.0,0.0
working_memory,100,40,without_replacement,52,0.0,0.0
working_memory,100,40,without_replacement,53,0.0,0.0
working_memory,100,40,without_replacement,54,0.0,0.0
working_memory,100,40,without_replacement,55,0.0,0.0
working_memory,100,40,without_replacement,56,0.0,0.0
working_memory,100,40,without_replacement,57,0.0,0.0
working_memory,100,40,without_replacement,58,0.0,0.0
working_memory,100,40,without_replacement,59,0.0,0.0
working_memory,100,40,without_replacement,60,0.0,0.0
working_memory,100,40,without_replacement,61,0.0,0.0
working_memory,100,40,without_replacement,62,0.0,0.0
working_memory,100,40,without_replacement,63,0.0,0.0
working_memory,100,40,without_replacement,64,0.0,0.0
working_memory,100,40,without_replacement,65,0.0,0.0
working_memory,100,40,without_replacement,66,0.0,0.0
working_memory,100,40,without_replacement,67,0.0,0.0
working_memory,100,40,without_replacement,68,0.0,0.0
working_memory,100,40,without_replacement,69,0.0,0.0
working_memory,100,40,without_replacement,70,0.0,0.0
working_memory,100,40,without_replacement,71,0.0,0.0
working_memory,100,40,without_replacement,72,0.0,0.0
working_memory,100,40,without_replacement,73,0.0,0.0
working_memory,100,40,without_replacement,74,0.0,0.0
working_memory,100,40,without_replacement,75,0.0,0.0
working_memory,100,40,without_replacement,76,0.0,0.0
working_memory,100,40,without_replacement,77,0.0,0.0
working_memory,100,40,without_replacement,78,0.0,0.0
working_memory,100,40,without_replacement,79,0.0,2.1703970932042307e-23
working_memory,100,40,without_replacement,80,0.0,3.6366209072799776e-21
working_memory,100,40,without_replacement,81,0.0,1.9458333406273662e-19
working_memory,100,40,without_replacement,82,0.0,1.1426589897169065e-16
working_memory,100,40,without_replacement,83,0.0,1.6053275348116717e-15
working_memory,100,40,without_replacement,84,0.0,1.8999700487887796e-14
working_memory,100,40,without_replacement,85,0.0,1.7594548882084874e-12
working_memory,100,40,without_replacement,86,0.0,1.149056960929914e-11
working_memory,100,40,without_replacement,87,0.0,4.997256121909816e-10
working_memory,100,40,without_replacement,88,0.0,1.2526217498110525e-08
working_memory,100,40,without_replacement,89,0.0,4.4156930896869666e-08
working_memory,100,40,without_replacement,90,0.0,7.984586309983539e-07
working_memory,100,40,without_replacement,91,5e-06,8.550714635771085e-06
working_memory,100,40,without_replacement,92,6.6e-05,6.860584899913397e-05
working_memory,100,40,without_replacement,93,0.000443,0.00042041599926566294
working_memory,100,40,without_replacement,94,0.002035,0.0019974074834949907
working_memory,100,40,without_replacement,95,0.007356,0.007444396847796518
working_memory,100,40,without_replacement,96,0.021713,0.021966642853060814
working_memory,100,40,without_replacement,97,0.09424,0.09397398276551223
working_memory,100,40,without_replacement,98,0.123744,0.12338103300760109
working_memory,100,40,without_replacement,99,0.167942,0.16814807225887982
working_memory,100,40,without_replacement,100,0.185744,0.18497539263795734
working_memory,100,40,without_replacement,101,0.164349,0.1643284098107994
working_memory,100,40,without_replacement,102,0.117261,0.11779716299364641
working_memory,100,40,without_replacement,103,0.068033,0.06799261463419158
working_memory,100,40,without_replacement,104,0.031182,0.03148999838491765
working_memory,100,40,without_replacement,105,0.011472,0.01164347613842773
working_memory,100,40,without_replacement,106,0.003484,0.0034138797827808955
working_memory,100,40,without_replacement,107,0.000761,0.0007867354937523597
working_memory,100,40,without_replacement,108,0.000104,0.00010131506653735889
working_memory,100,40,without_replacement,109,5.7e-05,5.4004523665627686e-05
working_memory,100,40,without_replacement,110,7e-06,4.8961355862484175e-06
working_memory,100,40,without_replacement,111,2e-06,1.9919914754630228e-06
working_memory,100,40,without_replacement,112,0.0,1.208021291379157e-07
working_memory,100,40,without_replacement,113,0.0,3.649861319759851e-08
working_memory,100,40,without_replacement,114,0.0,1.3708057479211684e-09
working_memory,100,40,without_replacement,115,0.0,2.523523280464404e-10
working_memory,100,40,without_replacement,116,0.0,4.1474326652659885e-11
working_memory,100,40,without_replacement,117,0.0,6.016440798258955e-12
working_memory,100,40,without_replacement,118,0.0,7.593437007046615e-13
working_memory,100,40,without_replacement,119,0.0,0.0
working_memory,100,40,without_replacement,120,0.0,8.175516705104242e-14
working_memory,100,40,without_replacement,121,0.0,7.314228538596536e-15
working_memory,100,40,without_replacement,122,0.0,0.0
working_memory,100,40,without_replacement,123,0.0,5.217985444695325e-16
working_memory,100,40,without_replacement,124,0.0,0.0
working_memory,100,40,without_replacement,125,0.0,2.791796250302557e-17
working_memory,100,40,without_replacement,126,0.0,0.0
working_memory,100,40,without_replacement,127,0.0,9.887364535708161e-19
working_memory,100,40,without_replacement,128,0.0,0.0
working_memory,100,40,without_replacement,129,0.0,0.0
working_memory,100,40,without_replacement,130,0.0,0.0
working_memory,100,40,without_replacement,131,0.0,0.0
working_memory,100,40,without_replacement,132,0.0,1.7896129809631775e-20
working_memory,100,40,without_replacement,133,0.0,0.0
working_memory,100,40,without_replacement,134,0.0,0.0
working_memory,100,40,without_replacement,135,0.0,0.0
working_memory,100,40,without_replacement,136,0.0,0.0
working_memory,100,40,without_replacement,137,0.0,0.0
working_memory,100,40,without_replacement,138,0.0,0.0
working_memory,100,40,without_replacement,139,0.0,0.0
working_memory,100,40,without_replacement,140,0.0,0.0
working_memory,100,40,without_replacement,141,0.0,0.0
working_memory,100,40,without_replacement,142,0.0,0.0
working_memory,100,40,without_replacement,143,0.0,0.0
working_memory,100,40,without_replacement,144,0.0,0.0
working_memory,100,40,without_replacement,145,0.0,0.0
working_memory,100,40,without_replacement,146,0.0,0.0
working_memory,100,40,without_replacement,147,0.0,0.0
working_memory,100,40,without_replacement,148,0.0,0.0
working_memory,100,40,without_replacement,149,0.0,0.0
working_memory,100,40,without_replacement,150,0.0,0.0
working_memory,100,40,without_replacement,151,0.0,0.0
working_memory,100,40,without_replacement,152,0.0,0.0
working_memory,100,40,without_replacement,153,0.0,0.0
working_memory,100,40,without_replacement,154,0.0,0.0
working_memory,100,40,without_replacement,155,0.0,0.0
working_memory,100,40,without_replacement,156,0.0,0.0
working_memory,100,40,without_replacement,157,0.0,0.0
working_memory,100,40,without_replacement,158,0.0,0.0
working_memory,100,40,without_replacement,159,0.0,0.0
working_memory,100,40,without_replacement,160,0.0,0.0
working_memory,100,45,with_replacement,40,0.0,0.0
working_memory,100,45,with_replacement,41,0.0,0.0
working_memory,100,45,with_replacement,42,0.0,0.0
working_memory,100,45,with_replacement,43,0.0,0.0
working_memory,100,45,with_replacement,44,0.0,0.0
working_memory,100,45,with_replacement,45,0.0,0.0
working_memory,100,45,with_replacement,46,0.0,0.0
working_memory,100,45,with_replacement,47,0.0,0.0
working_memory,100,45,with_replacement,48,0.0,0.0
working_memory,100,45,with_replacement,49,0.0,0.0
working_memory,100,45,with_replacement,50,0.0,0.0
working_memory,100,45,with_replacement,51,0.0,0.0
working_memory,100,45,with_replacement,52,0.0,0.0
working_memory,100,45,with_replacement,53,0.0,0.0
working_memory,100,45,with_replacement,54,0.0,0.0
working_memory,100,45,with_replacement,55,0.0,0.0
working_memory,100,45,with_replacement,56,0.0,0.0
working_memory,100,45,with_replacement,57,0.0,0.0
working_memory,100,45,with_replacement,58,0.0,0.0
working_memory,100,45,with_replacement,59,0.0,0.0
working_memory,100,45,with_replacement,60,0.0,0.0
working_memory,100,45,with_replacement,61,0.0,0.0
working_memory,100,45,with_replacement,62,0.0,0.0
working_memory,100,45,with_replacement,63,0.0,0.0
working_memory,100,45,with_replacement,64,0.0,5.5648969402569e-18
working_memory,100,45,with_replacement,65,0.0,0.0
working_memory,100,45,with_replacement,66,0.0,0.0
working_memory,100,45,with_replacement,67,0.0,0.0
working_memory,100,45,with_replacement,68,0.0,5.540622146681647e-17
working_memory,100,45,with_replacement,69,0.0,0.0
working_memory,100,45,with_replacement,70,0.0,4.193912063053135e-16
working_memory,100,45,with_replacement,71,0.0,0.0
working_memory,100,45,with_replacement,72,0.0,2.8002775237163114e-15
working_memory,100,45,with_replacement,73,0.0,0.0
working_memory,100,45,with_replacement,74,0.0,1.5807942744640047e-14
working_memory,100,45,with_replacement,75,0.0,8.10658225869482e-14
working_memory,100,45,with_replacement,76,0.0,0.0
working_memory,100,45,with_replacement,77,0.0,3.7296778657628807e-13
working_memory,100,45,with_replacement,78,0.0,1.58885029686928e-12
working_memory,100,45,with_replacement,79,0.0,6.244085161724195e-12
working_memory,100,45,with_replacement,80,0.0,1.02521614371565e-10
working_memory,100,45,with_replacement,81,0.0,2.599432502858974e-10
working_memory,100,45,with_replacement,82,0.0,8.046276119904561e-10
working_memory,100,45,with_replacement,83,0.0,9.044152388545461e-09
working_memory,100,45,with_replacement,84,0.0,1.7959017760595377e-08
working_memory,100,45,with_replacement,85,0.0,1.611909238627037e-07
working_memory,100,45,with_replacement,86,0.0,9.039378018559712e-07
working_memory,100,45,with_replacement,87,1e-06,1.3976790409944556e-06
working_memory,100,45,with_replacement,88,8e-06,9.212324911795986e-06
working_memory,100,45,with_replacement,89,4.5e-05,3.677294783131925e-05
working_memory,100,45,with_replacement,90,0.000133,0.00012985198721388025
working_memory,100,45,with_replacement,91,0.000829,0.0008424706285559841
working_memory,100,45,with_replacement,92,0.001839,0.0018421246030739197
working_memory,100,45,with_replacement,93,0.004277,0.004400336110064546
working_memory,100,45,with_replacement,94,0.009482,0.009472234042976329
working_memory,100,45,with_replacement,95,0.032306,0.032525611261154615
working_memory,100,45,with_replacement,96,0.041678,0.04139925420883469
working_memory,100,45,with_replacement,97,0.063044,0.06281608185866028
working_memory,100,45,with_replacement,98,0.138044,0.13806462161200678
working_memory,100,45,with_replacement,99,0.116225,0.11628158443072878
working_memory,100,45,with_replacement,100,0.187871,0.18784300986469826
working_memory,100,45,with_replacement,101,0.116833,0.1168107332611273
working_memory,100,45,with_replacement,102,0.098241,0.09832381715626323
working_memory,100,45,with_replacement,103,0.103136,0.1031163324568339
working_memory,100,45,with_replacement,104,0.040514,0.04072127342605164
working_memory,100,45,with_replacement,105,0.023729,0.023730800113316294
working_memory,100,45,with_replacement,106,0.012368,0.012358909456415806
working_memory,100,45,with_replacement,107,0.005884,0.005725401741035874
working_memory,100,45,with_replacement,108,0.002292,0.002346055250877103
working_memory,100,45,with_replacement,109,0.000851,0.0008444812237733951
working_memory,100,45,with_replacement,110,0.000179,0.00017225294988999857
working_memory,100,45,with_replacement,111,0.000153,0.0001403502947935372
working_memory,100,45,with_replacement,112,3.2e-05,3.505396507218837e-05
working_memory,100,45,with_replacement,113,2e-06,5.1513167477208945e-06
working_memory,100,45,with_replacement,114,3e-06,2.238097699070459e-06
working_memory,100,45,with_replacement,115,1e-06,1.289436269005001e-06
working_memory,100,45,with_replacement,116,0.0,1.3464698166132853e-07
working_memory,100,45,with_replacement,117,0.0,4.680458944184635e-08
working_memory,100,45,with_replacement,118,0.0,1.525936566386699e-08
working_memory,100,45,with_replacement,119,0.0,4.5894294947189996e-09
working_memory,100,45,with_replacement,120,0.0,1.2780829801169954e-09
working_memory,100,45,with_replacement,121,0.0,0.0
working_memory,100,45,with_replacement,122,0.0,3.19323212854148e-10
working_memory,100,45,with_replacement,123,0.0,7.247531122139765e-11
working_memory,100,45,with_replacement,124,0.0,0.0
working_memory,100,45,with_replacement,125,0.0,1.390728045775998e-11
working_memory,100,45,with_replacement,126,0.0,0.0
working_memory,100,45,with_replacement,127,0.0,0.0
working_memory,100,45,with_replacement,128,0.0,2.3540479500269343e-12
working_memory,100,45,with_replacement,129,0.0,0.0
working_memory,100,45,with_replacement,130,0.0,0.0
working_memory,100,45,with_replacement,131,0.0,0.0
working_memory,100,45,with_replacement,132,0.0,3.091727416087973e-13
working_memory,100,45,with_replacement,133,0.0,0.0
working_memory,100,45,with_replacement,134,0.0,0.0
working_memory,100,45,with_replacement,135,0.0,0.0
working_memory,100,45,with_replacement,136,0.0,0.0
working_memory,100,45,with_replacement,137,0.0,0.0
working_memory,100,45,with_replacement,138,0.0,0.0
working_memory,100,45,with_replacement,139,0.0,0.0
working_memory,100,45,with_replacement,140,0.0,0.0
working_memory,100,45,with_replacement,141,0.0,0.0
working_memory,100,45,with_replacement,142,0.0,0.0
working_memory,100,45,with_replacement,143,0.0,0.0
working_memory,100,45,with_replacement,144,0.0,0.0
working_memory,100,45,with_replacement,145,0.0,0.0
working_memory,100,45,with_replacement,146,0.0,0.0
working_memory,100,45,with_replacement,147,0.0,0.0
working_memory,100,45,with_replacement,148,0.0,0.0
working_memory,100,45,with_replacement,149,0.0,0.0
working_memory,100,45,with_replacement,150,0.0,0.0
working_memory,100,45,with_replacement,151,0.0,0.0
working_memory,100,45,with_replacement,152,0.0,0.0
working_memory,100,45,with_replacement,153,0.0,0.0
working_memory,100,45,with_replacement,154,0.0,0.0
working_memory,100,45,with_replacement,155,0.0,0.0
working_memory,100,45,with_replacement,156,0.0,0.0
working_memory,100,45,with_replacement,157,0.0,0.0
working_memory,100,45,with_replacement,158,0.0,0.0
working_memory,100,45,with_replacement,159,0.0,0.0
working_memory,100,45,with_replacement,160,0.0,0.0
working_memory,100,45,without_replacement,40,0.0,0.0
working_memory,100,45,without_replacement,41,0.0,0.0
working_memory,100,45,without_replacement,42,0.0,0.0
working_memory,100,45,without_replacement,43,0.0,0.0
working_memory,100,45,without_replacement,44,0.0,0.0
working_memory,100,45,without_replacement,45,0.0,0.0
working_memory,100,45,without_replacement,46,0.0,0.0
working_memory,100,45,without_replacement,47,0.0,0.0
working_memory,100,45,without_replacement,48,0.0,0.0
working_memory,100,45,without_replacement,49,0.0,0.0
working_memory,100,45,without_replacement,50,0.0,0.0
working_memory,100,45,without_replacement,51,0.0,0.0
working_memory,100,45,without_replacement,52,0.0,0.0
working_memory,100,45,without_replacement,53,0.0,0.0
working_memory,100,45,without_replacement,54,0.0,0.0
working_memory,100,45,without_replacement,55,0.0,0.0
working_memory,100,45,without_replacement,56,0.0,0.0
working_memory,100,45,without_replacement,57,0.0,0.0
working_memory,100,45,without_replacement,58,0.0,0.0
working_memory,100,45,without_replacement,59,0.0,0.0
working_memory,100,45,without_replacement,60,0.0,0.0
working_memory,100,45,without_replacement,61,0.0,0.0
working_memory,100,45,without_replacement,62,0.0,0.0
working_memory,100,45,without_replacement,63,0.0,0.0
working_memory,100,45,without_replacement,64,0.0,0.0
working_memory,100,45,without_replacement,65,0.0,0.0
working_memory,100,45,without_replacement,66,0.0,0.0
working_memory,100,45,without_replacement,67,0.0,0.0
working_memory,100,45,without_replacement,68,0.0,0.0
working_memory,100,45,without_replacement,69,0.0,0.0
working_memory,100,45,without_replacement,70,0.0,0.0
working_memory,100,45,without_replacement,71,0.0,0.0
working_memory,100,45,without_replacement,72,0.0,0.0
working_memory,100,45,without_replacement,73,0.0,0.0
working_memory,100,45,without_replacement,74,0.0,0.0
working_memory,100,45,without_replacement,75,0.0,0.0
working_memory,100,45,without_replacement,76,0.0,0.0
working_memory,100,45,without_replacement,77,0.0,0.0
working_memory,100,45,without_replacement,78,0.0,0.0
working_memory,100,45,without_replacement,79,0.0,0.0
working_memory,100,45,without_replacement,80,0.0,0.0
working_memory,100,45,without_replacement,81,0.0,0.0
working_memory,100,45,without_replacement,82,0.0,0.0
working_memory,100,45,without_replacement,83,0.0,0.0
working_memory,100,45,without_replacement,84,0.0,0.0
working_memory,100,45,without_replacement,85,0.0,2.37109877667271e-17
working_memory,100,45,without_replacement,86,0.0,1.1669734428907063e-14
working_memory,100,45,without_replacement,87,0.0,1.3912576404000165e-13
working_memory,100,45,without_replacement,88,0.0,1.2904216351059655e-11
working_memory,100,45,without_replacement,89,0.0,5.822832852735351e-10
working_memory,100,45,without_replacement,90,0.0,1.5993429105562392e-08
working_memory,100,45,without_replacement,91,1e-06,1.1414944465710903e-06
working_memory,100,45,without_replacement,92,1.5e-05,1.1713659734870607e-05
working_memory,100,45,without_replacement,93,8.5e-05,9.342989048941717e-05
working_memory,100,45,without_replacement,94,0.000554,0.0005628354714725815
working_memory,100,45,without_replacement,95,0.006108,0.005964314644761184
working_memory,100,45,without_replacement,96,0.01629,0.016351984028832735
working_memory,100,45,without_replacement,97,0.041518,0.04142855633274041
working_memory,100,45,without_replacement,98,0.144306,0.1449400410769534
working_memory,100,45,without_replacement,99,0.158655,0.1584911034361447
working_memory,100,45,without_replacement,100,0.276574,0.27558473167908204
working_memory,100,45,without_replacement,101,0.154927,0.15553615519815003
working_memory,100,45,without_replacement,102,0.105908,0.10580678162699607
working_memory,100,45,without_replacement,103,0.073694,0.07352541095932615
working_memory,100,45,without_replacement,104,0.015239,0.015441990528318945
working_memory,100,45,without_replacement,105,0.004694,0.004811343242737122
working_memory,100,45,without_replacement,106,0.001145,0.0011831422558264847
working_memory,100,45,without_replacement,107,0.000256,0.00022741313423623466
working_memory,100,45,without_replacement,108,2.7e-05,3.374806644188997e-05
working_memory,100,45,without_replacement,109,4e-06,3.8064925885494835e-06
working_memory,100,45,without_replacement,110,0.0,2.534473666009035e-07
working_memory,100,45,without_replacement,111,0.0,8.236593076465618e-08
working_memory,100,45,without_replacement,112,0.0,4.226458482352238e-09
working_memory,100,45,without_replacement,113,0.0,1.2794346965620254e-10
working_memory,100,45,without_replacement,114,0.0,2.081423522123142e-11
working_memory,100,45,without_replacement,115,0.0,3.3931604550512195e-12
working_memory,100,45,without_replacement,116,0.0,4.2141110325197956e-14
working_memory,100,45,without_replacement,117,0.0,3.943375040071397e-15
working_memory,100,45,without_replacement,118,0.0,3.05378736942126e-16
working_memory,100,45,without_replacement,119,0.0,1.8851661081770294e-17
working_memory,100,45,without_replacement,120,0.0,8.7298221530761e-19
working_memory,100,45,without_replacement,121,0.0,0.0
working_memory,100,45,without_replacement,122,0.0,2.7202764231519267e-20
working_memory,100,45,without_replacement,123,0.0,4.364079823238385e-22
working_memory,100,45,without_replacement,124,0.0,0.0
working_memory,100,45,without_replacement,125,0.0,0.0
working_memory,100,45,without_replacement,126,0.0,0.0
working_memory,100,45,without_replacement,127,0.0,0.0
working_memory,100,45,without_replacement,128,0.0,0.0
working_memory,100,45,without_replacement,129,0.0,0.0
working_memory,100,45,without_replacement,130,0.0,0.0
working_memory,100,45,without_replacement,131,0.0,0.0
working_memory,100,45,without_replacement,132,0.0,0.0
working_memory,100,45,without_replacement,133,0.0,0.0
working_memory,100,45,without_replacement,134,0.0,0.0
working_memory,100,45,without_replacement,135,0.0,0.0
working_memory,100,45,without_replacement,136,0.0,0.0
working_memory,100,45,without_replacement,137,0.0,0.0
working_memory,100,45,without_replacement,138,0.0,0.0
working_memory,100,45,without_replacement,139,0.0,0.0
working_memory,100,45,without_replacement,140,0.0,0.0
working_memory,100,45,without_replacement,141,0.0,0.0
working_memory,100,45,without_replacement,142,0.0,0.0
working_memory,100,45,without_replacement,143,0.0,0.0
working_memory,100,45,without_replacement,144,0.0,0.0
working_memory,100,45,without_replacement,145,0.0,0.0
working_memory,100,45,without_replacement,146,0.0,0.0
working_memory,100,45,without_replacement,147,0.0,0.0
working_memory,100,45,without_replacement,148,0.0,0.0
working_memory,100,45,without_replacement,149,0.0,0.0
working_memory,100,45,without_replacement,150,0.0,0.0
working_memory,100,45,without_replacement,151,0.0,0.0
working_memory,100,45,without_replacement,152,0.0,0.0
working_memory,100,45,without_replacement,153,0.0,0.0
working_memory,100,45,without_replacement,154,0.0,0.0
working_memory,100,45,without_replacement,155,0.0,0.0
working_memory,100,45,without_replacement,156,0.0,0.0
working_memory,100,45,without_replacement,157,0.0,0.0
working_memory,100,45,without_replacement,158,0.0,0.0
working_memory,100,45,without_replacement,159,0.0,0.0
working_memory,100,45,without_replacement,160,0.0,0.0
working_memory,100,50,with_replacement,40,0.0,0.0
working_memory,100,50,with_replacement,41,0.0,0.0
working_memory,100,50,with_replacement,42,0.0,0.0
working_memory,100,50,with_replacement,43,0.0,0.0
working_memory,100,50,with_replacement,44,0.0,0.0
working_memory,100,50,with_replacement,45,0.0,0.0
working_memory,100,50,with_replacement,46,0.0,0.0
working_memory,100,50,with_replacement,47,0.0,0.0
working_memory,100,50,with_replacement,48,0.0,0.0
working_memory,100,50,with_replacement,49,0.0,0.0
working_memory,100,50,with_replacement,50,0.0,0.0
working_memory,100,50,with_replacement,51,0.0,0.0
working_memory,100,50,with_replacement,52,0.0,0.0
working_memory,100,50,with_replacement,53,0.0,0.0
working_memory,100,50,with_replacement,54,0.0,0.0
working_memory,100,50,with_replacement,55,0.0,0.0
working_memory,100,50,with_replacement,56,0.0,0.0
working_memory,100,50,with_replacement,57,0.0,0.0
working_memory,100,50,with_replacement,58,0.0,0.0
working_memory,100,50,with_replacement,59,0.0,0.0
working_memory,100,50,with_replacement,60,0.0,0.0
working_memory,100,50,with_replacement,61,0.0,0.0
working_memory,100,50,with_replacement,62,0.0,0.0
working_memory,100,50,with_replacement,63,0.0,5.555246785322762e-20
working_memory,100,50,with_replacement,64,0.0,0.0
working_memory,100,50,with_replacement,65,0.0,0.0
working_memory,100,50,with_replacement,66,0.0,0.0
working_memory,100,50,with_replacement,67,0.0,5.936485680697683e-19
working_memory,100,50,with_replacement,68,0.0,0.0
working_memory,100,50,with_replacement,69,0.0,0.0
working_memory,100,50,with_replacement,70,0.0,4.8643075638629416e-18
working_memory,100,50,with_replacement,71,0.0,0.0
working_memory,100,50,with_replacement,72,0.0,3.4710015984517556e-17
working_memory,100,50,with_replacement,73,0.0,2.1072061124420778e-16
working_memory,100,50,with_replacement,74,0.0,0.0
working_memory,100,50,with_replacement,75,0.0,1.1560441170258739e-15
working_memory,100,50,with_replacement,76,0.0,5.7078136211537526e-15
working_memory,100,50,with_replacement,77,0.0,2.6032491790641336e-14
working_memory,100,50,with_replacement,78,0.0,1.0973671956361721e-13
working_memory,100,50,with_replacement,79,0.0,4.333981517289884e-13
working_memory,100,50,with_replacement,80,0.0,7.2394257684789e-12
working_memory,100,50,with_replacement,81,0.0,1.872171113893803e-11
working_memory,100,50,with_replacement,82,0.0,2.3842294951104217e-10
working_memory,100,50,with_replacement,83,0.0,5.184716952621978e-10
working_memory,100,50,with_replacement,84,0.0,5.281410876504645e-09
working_memory,100,50,with_replacement,85,0.0,3.436399275808604e-08
working_memory,100,50,with_replacement,86,0.0,1.9447913384266245e-07
working_memory,100,50,with_replacement,87,0.0,9.665901991149992e-07
working_memory,100,50,with_replacement,88,3e-06,4.252363119632019e-06
working_memory,100,50,with_replacement,89,1.1e-05,1.6667146186838532e-05
working_memory,100,50,with_replacement,90,0.000141,0.00012603315742107886
working_memory,100,50,with_replacement,91,0.000314,0.00031623583295393727
working_memory,100,50,with_replacement,92,0.000835,0.0008587419387159331
working_memory,100,50,with_replacement,93,0.00405,0.0040395237521325435
working_memory,100,50,with_replacement,94,0.006674,0.006857441454337587
working_memory,100,50,with_replacement,95,0.024093,0.02372313074193224
working_memory,100,50,with_replacement,96,0.052369,0.052426456355861864
working_memory,100,50,with_replacement,97,0.057911,0.05806268059325418
working_memory,100,50,with_replacement,98,0.126384,0.12675846200362959
working_memory,100,50,with_replacement,99,0.165743,0.16577908227728397
working_memory,100,50,with_replacement,100,0.119879,0.11950542418487171
working_memory,100,50,with_replacement,101,0.167515,0.16734310390106333
working_memory,100,50,with_replacement,102,0.091207,0.09120603031633806
working_memory,100,50,with_replacement,103,0.096675,0.09658674155359699
working_memory,100,50,with_replacement,104,0.038961,0.03915389723085319
working_memory,100,50,with_replacement,105,0.031259,0.031088954589243982
working_memory,100,50,with_replacement,106,0.009074,0.009143102617180123
working_memory,100,50,with_replacement,107,0.004218,0.004261523500754256
working_memory,100,50,with_replacement,108,0.001708,0.0017790482848420923
working_memory,100,50,with_replacement,109,0.000651,0.0006616102824860961
working_memory,100,50,with_replacement,110,0.00024,0.0002177583811255496
working_memory,100,50,with_replacement,111,6.7e-05,6.293261339658553e-05
working_memory,100,50,with_replacement,112,1.3e-05,1.581635860736964e-05
working_memory,100,50,with_replacement,113,2e-06,3.4154758122726083e-06
working_memory,100,50,with_replacement,114,3e-06,4.443671646255575e-07
working_memory,100,50,with_replacement,115,0.0,1.7980387245120256e-07
working_memory,100,50,with_replacement,116,0.0,9.464177119787656e-08
working_memory,100,50,with_replacement,117,0.0,8.754718592466728e-09
working_memory,100,50,with_replacement,118,0.0,2.840148105118393e-09
working_memory,100,50,with_replacement,119,0.0,8.632540666177521e-10
working_memory,100,50,with_replacement,120,0.0,2.4250827070133467e-10
working_memory,100,50,with_replacement,121,0.0,6.293106153231646e-11
working_memory,100,50,with_replacement,122,0.0,0.0
working_memory,100,50,with_replacement,123,0.0,1.469709648831775e-11
working_memory,100,50,with_replacement,124,0.0,3.101795917702195e-12
working_memory,100,50,with_replacement,125,0.0,0.0
working_memory,100,50,with_replacement,126,0.0,5.569462854949839e-13
working_memory,100,50,with_replacement,127,0.0,0.0
working_memory,100,50,with_replacement,128,0.0,0.0
working_memory,100,50,with_replacement,129,0.0,8.708745272282756e-14
working_memory,100,50,with_replacement,130,0.0,0.0
working_memory,100,50,with_replacement,131,0.0,0.0
working_memory,100,50,with_replacement,132,0.0,0.0
working_memory,100,50,with_replacement,133,0.0,1.0636478148116135e-14
working_memory,100,50,with_replacement,134,0.0,0.0
working_memory,100,50,with_replacement,135,0.0,0.0
working_memory,100,50,with_replacement,136,0.0,0.0
working_memory,100,50,with_replacement,137,0.0,0.0
working_memory,100,50,with_replacement,138,0.0,0.0
working_memory,100,50,with_replacement,139,0.0,0.0
working_memory,100,50,with_replacement,140,0.0,0.0
working_memory,100,50,with_replacement,141,0.0,0.0
working_memory,100,50,with_replacement,142,0.0,0.0
working_memory,100,50,with_replacement,143,0.0,0.0
working_memory,100,50,with_replacement,144,0.0,0.0
working_memory,100,50,with_replacement,145,0.0,0.0
working_memory,100,50,with_replacement,146,0.0,0.0
working_memory,100,50,with_replacement,147,0.0,0.0
working_memory,100,50,with_replacement,148,0.0,0.0
working_memory,100,50,with_replacement,149,0.0,0.0
working_memory,100,50,with_replacement,150,0.0,0.0
working_memory,100,50,with_replacement,151,0.0,0.0
working_memory,100,50,with_replacement,152,0.0,0.0
working_memory,100,50,with_replacement,153,0.0,0.0
working_memory,100,50,with_replacement,154,0.0,0.0
working_memory,100,50,with_replacement,155,0.0,0.0
working_memory,100,50,with_replacement,156,0.0,0.0
working_memory,100,50,with_replacement,157,0.0,0.0
working_memory,100,50,with_replacement,158,0.0,0.0
working_memory,100,50,with_replacement,159,0.0,0.0
working_memory,100,50,with_replacement,160,0.0,0.0
working_memory,100,50,without_replacement,40,0.0,0.0
working_memory,100,50,without_replacement,41,0.0,0.0
working_memory,100,50,without_replacement,42,0.0,0.0
working_memory,100,50,without_replacement,43,0.0,0.0
working_memory,100,50,without_replacement,44,0.0,0.0
working_memory,100,50,without_replacement,45,0.0,0.0
working_memory,100,50,without_replacement,46,0.0,0.0
working_memory,100,50,without_replacement,47,0.0,0.0
working_memory,100,50,without_replacement,48,0.0,0.0
working_memory,100,50,without_replacement,49,0.0,0.0
working_memory,100,50,without_replacement,50,0.0,0.0
working_memory,100,50,without_replacement,51,0.0,0.0
working_memory,100,50,without_replacement,52,0.0,0.0
working_memory,100,50,without_replacement,53,0.0,0.0
working_memory,100,50,without_replacement,54,0.0,0.0
working_memory,100,50,without_replacement,55,0.0,0.0
working_memory,100,50,without_replacement,56,0.0,0.0
working_memory,100,50,without_replacement,57,0.0,0.0
working_memory,100,50,without_replacement,58,0.0,0.0
working_memory,100,50,without_replacement,59,0.0,0.0
working_memory,100,50,without_replacement,60,0.0,0.0
working_memory,100,50,without_replacement,61,0.0,0.0
working_memory,100,50,without_replacement,62,0.0,0.0
working_memory,100,50,without_replacement,63,0.0,0.0
working_memory,100,50,without_replacement,64,0.0,0.0
working_memory,100,50,without_replacement,65,0.0,0.0
working_memory,100,50,without_replacement,66,0.0,0.0
working_memory,100,50,without_replacement,67,0.0,0.0
working_memory,100,50,without_replacement,68,0.0,0.0
working_memory,100,50,without_replacement,69,0.0,0.0
working_memory,100,50,without_replacement,70,0.0,0.0
working_memory,100,50,without_replacement,71,0.0,0.0
working_memory,100,50,without_replacement,72,0.0,0.0
working_memory,100,50,without_replacement,73,0.0,0.0
working_memory,100,50,without_replacement,74,0.0,0.0
working_memory,100,50,without_replacement,75,0.0,0.0
working_memory,100,50,without_replacement,76,0.0,0.0
working_memory,100,50,without_replacement,77,0.0,0.0
working_memory,100,50,without_replacement,78,0.0,0.0
working_memory,100,50,without_replacement,79,0.0,0.0
working_memory,100,50,without_replacement,80,0.0,0.0
working_memory,100,50,without_replacement,81,0.0,0.0
working_memory,100,50,without_replacement,82,0.0,0.0
working_memory,100,50,without_replacement,83,0.0,0.0
working_memory,100,50,without_replacement,84,0.0,0.0
working_memory,100,50,without_replacement,85,0.0,0.0
working_memory,100,50,without_replacement,86,0.0,0.0
working_memory,100,50,without_replacement,87,0.0,0.0
working_memory,100,50,without_replacement,88,0.0,0.0
working_memory,100,50,without_replacement,89,0.0,1.7576420526096498e-13
working_memory,100,50,without_replacement,90,0.0,2.4595486150163675e-10
working_memory,100,50,without_replacement,91,0.0,9.90386201953442e-09
working_memory,100,50,without_replacement,92,1e-06,2.303582328143352e-07
working_memory,100,50,without_replacement,93,1.6e-05,1.227512063313295e-05
working_memory,100,50,without_replacement,94,0.000105,0.00010002279428249267
working_memory,100,50,without_replacement,95,0.001617,0.0016223402046429975
working_memory,100,50,without_replacement,96,0.013146,0.013065554350029237
working_memory,100,50,without_replacement,97,0.031485,0.031217179159929567
working_memory,100,50,without_replacement,98,0.123587,0.12331795944193019
working_memory,100,50,without_replacement,99,0.237472,0.23775364198493137
working_memory,100,50,without_replacement,100,0.18935,0.18942644619078378
working_memory,100,50,without_replacement,101,0.235656,0.2357127758334468
working_memory,100,50,without_replacement,102,0.093112,0.09328448158590455
working_memory,100,50,without_replacement,103,0.059199,0.059379323054647555
working_memory,100,50,without_replacement,104,0.011273,0.011130331098314263
working_memory,100,50,without_replacement,105,0.003639,0.0036315410579447686
working_memory,100,50,without_replacement,106,0.000299,0.000296399719596904
working_memory,100,50,without_replacement,107,3.9e-05,4.410854530791035e-05
working_memory,100,50,without_replacement,108,3e-06,4.945501776792485e-06
working_memory,100,50,without_replacement,109,1e-06,4.0866610809351316e-07
working_memory,100,50,without_replacement,110,0.0,2.4171751083800136e-08
working_memory,100,50,without_replacement,111,0.0,9.833971150091567e-10
working_memory,100,50,without_replacement,112,0.0,2.6002578446873152e-11
working_memory,100,50,without_replacement,113,0.0,4.100091612770662e-13
working_memory,100,50,without_replacement,114,0.0,3.1284037830259468e-15
working_memory,100,50,without_replacement,115,0.0,2.063774856731055e-16
working_memory,100,50,without_replacement,116,0.0,1.0418202362909689e-17
working_memory,100,50,without_replacement,117,0.0,4.8485570890289935e-21
working_memory,100,50,without_replacement,118,0.0,1.683526767023956e-23
working_memory,100,50,without_replacement,119,0.0,0.0
working_memory,100,50,without_replacement,120,0.0,0.0
working_memory,100,50,without_replacement,121,0.0,0.0
working_memory,100,50,without_replacement,122,0.0,0.0
working_memory,100,50,without_replacement,123,0.0,0.0
working_memory,100,50,without_replacement,124,0.0,0.0
working_memory,100,50,without_replacement,125,0.0,0.0
working_memory,100,50,without_replacement,126,0.0,0.0
working_memory,100,50,without_replacement,127,0.0,0.0
working_memory,100,50,without_replacement,128,0.0,0.0
working_memory,100,50,without_replacement,129,0.0,0.0
working_memory,100,50,without_replacement,130,0.0,0.0
working_memory,100,50,without_replacement,131,0.0,0.0
working_memory,100,50,without_replacement,132,0.0,0.0
working_memory,100,50,without_replacement,133,0.0,0.0
working_memory,100,50,without_replacement,134,0.0,0.0
working_memory,100,50,without_replacement,135,0.0,0.0
working_memory,100,50,without_replacement,136,0.0,0.0
working_memory,100,50,without_replacement,137,0.0,0.0
working_memory,100,50,without_replacement,138,0.0,0.0
working_memory,100,50,without_replacement,139,0.0,0.0
working_memory,100,50,without_replacement,140,0.0,0.0
working_memory,100,50,without_replacement,141,0.0,0.0
working_memory,100,50,without_replacement,142,0.0,0.0
working_memory,100,50,without_replacement,143,0.0,0.0
working_memory,100,50,without_replacement,144,0.0,0.0
working_memory,100,50,without_replacement,145,0.0,0.0
working_memory,100,50,without_replacement,146,0.0,0.0
working_memory,100,50,without_replacement,147,0.0,0.0
working_memory,100,50,without_replacement,148,0.0,0.0
working_memory,100,50,without_replacement,149,0.0,0.0
working_memory,100,50,without_replacement,150,0.0,0.0
working_memory,100,50,without_replacement,151,0.0,0.0
working_memory,100,50,without_replacement,152,0.0,0.0
working_memory,100,50,without_replacement,153,0.0,0.0
working_memory,100,50,without_replacement,154,0.0,0.0
working_memory,100,50,without_replacement,155,0.0,0.0
working_memory,100,50,without_replacement,156,0.0,0.0
working_memory,100,50,without_replacement,157,0.0,0.0
working_memory,100,50,without_replacement,158,0.0,0.0
working_memory,100,50,without_replacement,159,0.0,0.0
working_memory,100,50,without_replacement,160,0.0,0.0
working_memory,100,55,with_replacement,40,0.0,0.0
working_memory,100,55,with_replacement,41,0.0,0.0
working_memory,100,55,with_replacement,42,0.0,0.0
working_memory,100,55,with_replacement,43,0.0,0.0
working_memory,100,55,with_replacement,44,0.0,0.0
working_memory,100,55,with_replacement,45,0.0,0.0
working_memory,100,55,with_replacement,46,0.0,0.0
working_memory,100,55,with_replacement,47,0.0,0.0
working_memory,100,55,with_replacement,48,0.0,0.0
working_memory,100,55,with_replacement,49,0.0,0.0
working_memory,100,55,with_replacement,50,0.0,0.0
working_memory,100,55,with_replacement,51,0.0,0.0
working_memory,100,55,with_replacement,52,0.0,0.0
working_memory,100,55,with_replacement,53,0.0,0.0
working_memory,100,55,with_replacement,54,0.0,0.0
working_memory,100,55,with_replacement,55,0.0,0.0
working_memory,100,55,with_replacement,56,0.0,0.0
working_memory,100,55,with_replacement,57,0.0,0.0
working_memory,100,55,with_replacement,58,0.0,0.0
working_memory,100,55,with_replacement,59,0.0,0.0
working_memory,100,55,with_replacement,60,0.0,0.0
working_memory,100,55,with_replacement,61,0.0,0.0
working_memory,100,55,with_replacement,62,0.0,0.0
working_memory,100,55,with_replacement,63,0.0,5.497276270678061e-22
working_memory,100,55,with_replacement,64,0.0,0.0
working_memory,100,55,with_replacement,65,0.0,0.0
working_memory,100,55,with_replacement,66,0.0,0.0
working_memory,100,55,with_replacement,67,0.0,6.2732645393183335e-21
working_memory,100,55,with_replacement,68,0.0,0.0
working_memory,100,55,with_replacement,69,0.0,5.520733881810363e-20
working_memory,100,55,with_replacement,70,0.0,0.0
working_memory,100,55,with_replacement,71,0.0,4.1886757771073435e-19
working_memory,100,55,with_replacement,72,0.0,0.0
working_memory,100,55,with_replacement,73,0.0,2.7153425847765594e-18
working_memory,100,55,with_replacement,74,0.0,1.584532633271004e-17
working_memory,100,55,with_replacement,75,0.0,8.338097651869865e-17
working_memory,100,55,with_replacement,76,0.0,4.046291146045106e-16
working_memory,100,55,with_replacement,77,0.0,1.8169304837367245e-15
working_memory,100,55,with_replacement,78,0.0,7.638650554822038e-15
working_memory,100,55,with_replacement,79,0.0,1.42828179116707e-13
working_memory,100,55,with_replacement,80,0.0,3.991225672533553e-13
working_memory,100,55,with_replacement,81,0.0,5.689793448742008e-12
working_memory,100,55,with_replacement,82,0.0,1.341013085129935e-11
working_memory,100,55,with_replacement,83,0.0,1.530703969355202e-10
working_memory,100,55,with_replacement,84,0.0,1.1368434406678468e-09
working_memory,100,55,with_replacement,85,0.0,7.36190401137816e-09
working_memory,100,55,with_replacement,86,0.0,4.197965547037989e-08
working_memory,100,55,with_replacement,87,3e-06,2.1249986306237319e-07
working_memory,100,55,with_replacement,88,2e-06,2.275944430091064e-06
working_memory,100,55,with_replacement,89,8e-06,7.583324555326068e-06
working_memory,100,55,with_replacement,90,5.2e-05,5.713410261850027e-05
working_memory,100,55,with_replacement,91,0.000132,0.00014469699901717786
working_memory,100,55,with_replacement,92,0.000836,0.0007949974855709347
working_memory,100,55,with_replacement,93,0.002867,0.0029596882766565755
working_memory,100,55,with_replacement,94,0.009105,0.009104857603012781
working_memory,100,55,with_replacement,95,0.013193,0.013248353099264027
working_memory,100,55,with_replacement,96,0.039186,0.03926508757133822
working_memory,100,55,with_replacement,97,0.073606,0.07410931819127581
working_memory,100,55,with_replacement,98,0.117265,0.1169374283674887
working_memory,100,55,with_replacement,99,0.154649,0.1543375812622343
working_memory,100,55,with_replacement,100,0.170067,0.17029181823282186
working_memory,100,55,with_replacement,101,0.157026,0.15682565762801542
working_memory,100,55,with_replacement,102,0.120712,0.12021243494829198
working_memory,100,55,with_replacement,103,0.055877,0.05555750999858784
working_memory,100,55,with_replacement,104,0.050389,0.050750470656709186
working_memory,100,55,with_replacement,105,0.02316,0.02329805558528886
working_memory,100,55,with_replacement,106,0.006633,0.006797105479139088
working_memory,100,55,with_replacement,107,0.003932,0.0040105068871358045
working_memory,100,55,with_replacement,108,0.000834,0.0008451532867456854
working_memory,100,55,with_replacement,109,0.000329,0.0003057373908973455
working_memory,100,55,with_replacement,110,9.9e-05,9.883236976020485e-05
working_memory,100,55,with_replacement,111,2.2e-05,2.835702251825876e-05
working_memory,100,55,with_replacement,112,1.6e-05,7.1632522635866125e-06
working_memory,100,55,with_replacement,113,0.0,1.5774491899514394e-06
working_memory,100,55,with_replacement,114,0.0,2.991447237366451e-07
working_memory,100,55,with_replacement,115,0.0,3.486805909302127e-08
working_memory,100,55,with_replacement,116,0.0,1.8021950137992663e-08
working_memory,100,55,with_replacement,117,0.0,1.6419987291672277e-09
working_memory,100,55,with_replacement,118,0.0,5.327717283178016e-10
working_memory,100,55,with_replacement,119,0.0,1.623666079473136e-10
working_memory,100,55,with_replacement,120,0.0,4.63286252818971e-11
working_memory,100,55,with_replacement,121,0.0,1.2231877984925979e-11
working_memory,100,55,with_replacement,122,0.0,2.9782505417590537e-12
working_memory,100,55,with_replacement,123,0.0,6.539108609398718e-13
working_memory,100,55,with_replacement,124,0.0,0.0
working_memory,100,55,with_replacement,125,0.0,1.2924225997929778e-13
working_memory,100,55,with_replacement,126,0.0,0.0
working_memory,100,55,with_replacement,127,0.0,2.182521295624288e-14
working_memory,100,55,with_replacement,128,0.0,0.0
working_memory,100,55,with_replacement,129,0.0,3.177526323230128e-15
working_memory,100,55,with_replacement,130,0.0,0.0
working_memory,100,55,with_replacement,131,0.0,0.0
working_memory,100,55,with_replacement,132,0.0,0.0
working_memory,100,55,with_replacement,133,0.0,3.6285337877993767e-16
working_memory,100,55,with_replacement,134,0.0,0.0
working_memory,100,55,with_replacement,135,0.0,0.0
working_memory,100,55,with_replacement,136,0.0,0.0
working_memory,100,55,with_replacement,137,0.0,0.0
working_memory,100,55,with_replacement,138,0.0,0.0
working_memory,100,55,with_replacement,139,0.0,0.0
working_memory,100,55,with_replacement,140,0.0,0.0
working_memory,100,55,with_replacement,141,0.0,0.0
working_memory,100,55,with_replacement,142,0.0,0.0
working_memory,100,55,with_replacement,143,0.0,0.0
working_memory,100,55,with_replacement,144,0.0,0.0
working_memory,100,55,with_replacement,145,0.0,0.0
working_memory,100,55,with_replacement,146,0.0,0.0
working_memory,100,55,with_replacement,147,0.0,0.0
working_memory,100,55,with_replacement,148,0.0,0.0
working_memory,100,55,with_replacement,149,0.0,0.0
working_memory,100,55,with_replacement,150,0.0,0.0
working_memory,100,55,with_replacement,151,0.0,0.0
working_memory,100,55,with_replacement,152,0.0,0.0
working_memory,100,55,with_replacement,153,0.0,0.0
working_memory,100,55,with_replacement,154,0.0,0.0
working_memory,100,55,with_replacement,155,0.0,0.0
working_memory,100,55,with_replacement,156,0.0,0.0
working_memory,100,55,with_replacement,157,0.0,0.0
working_memory,100,55,with_replacement,158,0.0,0.0
working_memory,100,55,with_replacement,159,0.0,0.0
working_memory,100,55,with_replacement,160,0.0,0.0
working_memory,100,55,without_replacement,40,0.0,0.0
working_memory,100,55,without_replacement,41,0.0,0.0
working_memory,100,55,without_replacement,42,0.0,0.0
working_memory,100,55,without_replacement,43,0.0,0.0
working_memory,100,55,without_replacement,44,0.0,0.0
working_memory,100,55,without_replacement,45,0.0,0.0
working_memory,100,55,without_replacement,46,0.0,0.0
working_memory,100,55,without_replacement,47,0.0,0.0
working_memory,100,55,without_replacement,48,0.0,0.0
working_memory,100,55,without_replacement,49,0.0,0.0
working_memory,100,55,without_replacement,50,0.0,0.0
working_memory,100,55,without_replacement,51,0.0,0.0
working_memory,100,55,without_replacement,52,0.0,0.0
working_memory,100,55,without_replacement,53,0.0,0.0
working_memory,100,55,without_replacement,54,0.0,0.0
working_memory,100,55,without_replacement,55,0.0,0.0
working_memory,100,55,without_replacement,56,0.0,0.0
working_memory,100,55,without_replacement,57,0.0,0.0
working_memory,100,55,without_replacement,58,0.0,0.0
working_memory,100,55,without_replacement,59,0.0,0.0
working_memory,100,55,without_replacement,60,0.0,0.0
working_memory,100,55,without_replacement,61,0.0,0.0
working_memory,100,55,without_replacement,62,0.0,0.0
working_memory,100,55,without_replacement,63,0.0,0.0
working_memory,100,55,without_replacement,64,0.0,0.0
working_memory,100,55,without_replacement,65,0.0,0.0
working_memory,100,55,without_replacement,66,0.0,0.0
working_memory,100,55,without_replacement,67,0.0,0.0
working_memory,100,55,without_replacement,68,0.0,0.0
working_memory,100,55,without_replacement,69,0.0,0.0
working_memory,100,55,without_replacement,70,0.0,0.0
working_memory,100,55,without_replacement,71,0.0,0.0
working_memory,100,55,without_replacement,72,0.0,0.0
working_memory,100,55,without_replacement,73,0.0,0.0
working_memory,100,55,without_replacement,74,0.0,0.0
working_memory,100,55,without_replacement,75,0.0,0.0
working_memory,100,55,without_replacement,76,0.0,0.0
working_memory,100,55,without_replacement,77,0.0,0.0
working_memory,100,55,without_replacement,78,0.0,0.0
working_memory,100,55,without_replacement,79,0.0,0.0
working_memory,100,55,without_replacement,80,0.0,0.0
working_memory,100,55,without_replacement,81,0.0,0.0
working_memory,100,55,without_replacement,82,0.0,0.0
working_memory,100,55,without_replacement,83,0.0,0.0
working_memory,100,55,without_replacement,84,0.0,0.0
working_memory,100,55,without_replacement,85,0.0,0.0
working_memory,100,55,without_replacement,86,0.0,0.0
working_memory,100,55,without_replacement,87,0.0,0.0
working_memory,100,55,without_replacement,88,0.0,0.0
working_memory,100,55,without_replacement,89,0.0,0.0
working_memory,100,55,without_replacement,90,0.0,0.0
working_memory,100,55,without_replacement,91,0.0,0.0
working_memory,100,55,without_replacement,92,0.0,1.8458159861725012e-09
working_memory,100,55,without_replacement,93,0.0,4.4916034227184803e-07
working_memory,100,55,without_replacement,94,2.7e-05,2.7390416283500526e-05
working_memory,100,55,without_replacement,95,0.000227,0.00022816465579118377
working_memory,100,55,without_replacement,96,0.003512,0.0035254358727572765
working_memory,100,55,without_replacement,97,0.025268,0.025415557129634385
working_memory,100,55,without_replacement,98,0.099871,0.09983838853125868
working_memory,100,55,without_replacement,99,0.222923,0.22310955704594623
working_memory,100,55,without_replacement,100,0.291108,0.2908371949180932
working_memory,100,55,without_replacement,101,0.22339,0.22378614947455924
working_memory,100,55,without_replacement,102,0.101979,0.10171569383201645
working_memory,100,55,without_replacement,103,0.022614,0.022407486499910152
working_memory,100,55,without_replacement,104,0.008174,0.008215394949328325
working_memory,100,55,without_replacement,105,0.000862,0.0008454906324765341
working_memory,100,55,without_replacement,106,3.9e-05,4.3021664854187865e-05
working_memory,100,55,without_replacement,107,6e-06,4.550901295430713e-06
working_memory,100,55,without_replacement,108,0.0,6.97649402607643e-08
working_memory,100,55,without_replacement,109,0.0,2.6446509305023197e-09
working_memory,100,55,without_replacement,110,0.0,5.937926890061349e-11
working_memory,100,55,without_replacement,111,0.0,6.642122942153131e-13
working_memory,100,55,without_replacement,112,0.0,2.4304837127252952e-15
working_memory,100,55,without_replacement,113,0.0,0.0
working_memory,100,55,without_replacement,114,0.0,0.0
working_memory,100,55,without_replacement,115,0.0,0.0
working_memory,100,55,without_replacement,116,0.0,0.0
working_memory,100,55,without_replacement,117,0.0,0.0
working_memory,100,55,without_replacement,118,0.0,0.0
working_memory,100,55,without_replacement,119,0.0,0.0
working_memory,100,55,without_replacement,120,0.0,0.0
working_memory,100,55,without_replacement,121,0.0,0.0
working_memory,100,55,without_replacement,122,0.0,0.0
working_memory,100,55,without_replacement,123,0.0,0.0
working_memory,100,55,without_replacement,124,0.0,0.0
working_memory,100,55,without_replacement,125,0.0,0.0
working_memory,100,55,without_replacement,126,0.0,0.0
working_memory,100,55,without_replacement,127,0.0,0.0
working_memory,100,55,without_replacement,128,0.0,0.0
working_memory,100,55,without_replacement,129,0.0,0.0
working_memory,100,55,without_replacement,130,0.0,0.0
working_memory,100,55,without_replacement,131,0.0,0.0
working_memory,100,55,without_replacement,132,0.0,0.0
working_memory,100,55,without_replacement,133,0.0,0.0
working_memory,100,55,without_replacement,134,0.0,0.0
working_memory,100,55,without_replacement,135,0.0,0.0
working_memory,100,55,without_replacement,136,0.0,0.0
working_memory,100,55,without_replacement,137,0.0,0.0
working_memory,100,55,without_replacement,138,0.0,0.0
working_memory,100,55,without_replacement,139,0.0,0.0
working_memory,100,55,without_replacement,140,0.0,0.0
working_memory,100,55,without_replacement,141,0.0,0.0
working_memory,100,55,without_replacement,142,0.0,0.0
working_memory,100,55,without_replacement,143,0.0,0.0
working_memory,100,55,without_replacement,144,0.0,0.0
working_memory,100,55,without_replacement,145,0.0,0.0
working_memory,100,55,without_replacement,146,0.0,0.0
working_memory,100,55,without_replacement,147,0.0,0.0
working_memory,100,55,without_replacement,148,0.0,0.0
working_memory,100,55,without_replacement,149,0.0,0.0
working_memory,100,55,without_replacement,150,0.0,0.0
working_memory,100,55,without_replacement,151,0.0,0.0
working_memory,100,55,without_replacement,152,0.0,0.0
working_memory,100,55,without_replacement,153,0.0,0.0
working_memory,100,55,without_replacement,154,0.0,0.0
working_memory,100,55,without_replacement,155,0.0,0.0
working_memory,100,55,without_replacement,156,0.0,0.0
working_memory,100,55,without_replacement,157,0.0,0.0
working_memory,100,55,without_replacement,158,0.0,0.0
working_memory,100,55,without_replacement,159,0.0,0.0
working_memory,100,55,without_replacement,160,0.0,0.0
working_memory,100,60,with_replacement,40,0.0,0.0
working_memory,100,60,with_replacement,41,0.0,0.0
working_memory,100,60,with_replacement,42,0.0,0.0
working_memory,100,60,with_replacement,43,0.0,0.0
working_memory,100,60,with_replacement,44,0.0,0.0
working_memory,100,60,with_replacement,45,0.0,0.0
working_memory,100,60,with_replacement,46,0.0,0.0
working_memory,100,60,with_replacement,47,0.0,0.0
working_memory,100,60,with_replacement,48,0.0,0.0
working_memory,100,60,with_replacement,49,0.0,0.0
working_memory,100,60,with_replacement,50,0.0,0.0
working_memory,100,60,with_replacement,51,0.0,0.0
working_memory,100,60,with_replacement,52,0.0,0.0
working_memory,100,60,with_replacement,53,0.0,0.0
working_memory,100,60,with_replacement,54,0.0,0.0
working_memory,100,60,with_replacement,55,0.0,0.0
working_memory,100,60,with_replacement,56,0.0,0.0
working_memory,100,60,with_replacement,57,0.0,0.0
working_memory,100,60,with_replacement,58,0.0,0.0
working_memory,100,60,with_replacement,59,0.0,0.0
working_memory,100,60,with_replacement,60,0.0,0.0
working_memory,100,60,with_replacement,61,0.0,0.0
working_memory,100,60,with_replacement,62,0.0,5.400246780213878e-24
working_memory,100,60,with_replacement,63,0.0,0.0
working_memory,100,60,with_replacement,64,0.0,0.0
working_memory,100,60,with_replacement,65,0.0,0.0
working_memory,100,60,with_replacement,66,0.0,6.552342697867528e-23
working_memory,100,60,with_replacement,67,0.0,0.0
working_memory,100,60,with_replacement,68,0.0,0.0
working_memory,100,60,with_replacement,69,0.0,6.153857281278909e-22
working_memory,100,60,with_replacement,70,0.0,4.9429313925972005e-21
working_memory,100,60,with_replacement,71,0.0,0.0
working_memory,100,60,with_replacement,72,0.0,3.402026724811536e-20
working_memory,100,60,with_replacement,73,0.0,2.1014903120317e-19
working_memory,100,60,with_replacement,74,0.0,1.1720445948196516e-18
working_memory,100,60,with_replacement,75,0.0,6.020710326455409e-18
working_memory,100,60,with_replacement,76,0.0,2.863810777979372e-17
working_memory,100,60,with_replacement,77,0.0,1.2747497903127683e-16
working_memory,100,60,with_replacement,78,0.0,5.332266166758995e-16
working_memory,100,60,with_replacement,79,0.0,1.0028566100521131e-14
working_memory,100,60,with_replacement,80,0.0,2.8327699194611255e-14
working_memory,100,60,with_replacement,81,0.0,4.138402646631155e-13
working_memory,100,60,with_replacement,82,0.0,4.013585205416769e-12
working_memory,100,60,with_replacement,83,0.0,3.35853885182471e-11
working_memory,100,60,with_replacement,84,0.0,2.455077729685064e-10
working_memory,100,60,with_replacement,85,0.0,1.5835507361091463e-09
working_memory,100,60,with_replacement,86,0.0,9.087302241926605e-09
working_memory,100,60,with_replacement,87,0.0,1.1634020209922811e-07
working_memory,100,60,with_replacement,88,0.0,4.485757829944761e-07
working_memory,100,60,with_replacement,89,5e-06,4.0674192582997645e-06
working_memory,100,60,with_replacement,90,2.9e-05,2.6000757966953093e-05
working_memory,100,60,with_replacement,91,0.000149,0.00013675874630716687
working_memory,100,60,with_replacement,92,0.00055,0.0005967683400928444
working_memory,100,60,with_replacement,93,0.002152,0.002174744173285726
working_memory,100,60,with_replacement,94,0.006669,0.006653297987358365
working_memory,100,60,with_replacement,95,0.017255,0.01715767982055425
working_memory,100,60,with_replacement,96,0.037204,0.037410196473218485
working_memory,100,60,with_replacement,97,0.068949,0.06911042632489572
working_memory,100,60,with_replacement,98,0.108411,0.10830630744190368
working_memory,100,60,with_replacement,99,0.19744,0.19735366431446125
working_memory,100,60,with_replacement,100,0.163519,0.1630744604610068
working_memory,100,60,with_replacement,101,0.147377,0.1474339339622857
working_memory,100,60,with_replacement,102,0.112343,0.1125897525860709
working_memory,100,60,with_replacement,103,0.072333,0.07238008052232295
working_memory,100,60,with_replacement,104,0.039125,0.038996046058552156
working_memory,100,60,with_replacement,105,0.017504,0.017507700756156694
working_memory,100,60,with_replacement,106,0.005018,0.005073531490215795
working_memory,100,60,with_replacement,107,0.002941,0.003011780114567219
working_memory,100,60,with_replacement,108,0.000832,0.0007989630543105914
working_memory,100,60,with_replacement,109,0.000136,0.00014129484170255702
working_memory,100,60,with_replacement,110,4.3e-05,4.4985901817305406e-05
working_memory,100,60,with_replacement,111,1.5e-05,1.5019611419463185e-05
working_memory,100,60,with_replacement,112,1e-06,1.5649312875230855e-06
working_memory,100,60,with_replacement,113,0.0,3.2778297250731717e-07
working_memory,100,60,with_replacement,114,0.0,4.2354913892759816e-08
working_memory,100,60,with_replacement,115,0.0,2.401021527195677e-08
working_memory,100,60,with_replacement,116,0.0,3.4381524762297224e-09
working_memory,100,60,with_replacement,117,0.0,3.0946736505924957e-10
working_memory,100,60,with_replacement,118,0.0,1.002240298905687e-10
working_memory,100,60,with_replacement,119,0.0,3.0698621144150937e-11
working_memory,100,60,with_replacement,120,0.0,1.121651173695127e-11
working_memory,100,60,with_replacement,121,0.0,5.936626024133398e-13
working_memory,100,60,with_replacement,122,0.0,0.0
working_memory,100,60,with_replacement,123,0.0,1.3638192804575078e-13
working_memory,100,60,with_replacement,124,0.0,2.828792115825954e-14
working_memory,100,60,with_replacement,125,0.0,5.266011133059478e-15
working_memory,100,60,with_replacement,126,0.0,0.0
working_memory,100,60,with_replacement,127,0.0,8.399984579009763e-16
working_memory,100,60,with_replacement,128,0.0,0.0
working_memory,100,60,with_replacement,129,0.0,0.0
working_memory,100,60,with_replacement,130,0.0,1.1459391337885326e-16
working_memory,100,60,with_replacement,131,0.0,0.0
working_memory,100,60,with_replacement,132,0.0,0.0
working_memory,100,60,with_replacement,133,0.0,0.0
working_memory,100,60,with_replacement,134,0.0,1.2291150482226486e-17
working_memory,100,60,with_replacement,135,0.0,0.0
working_memory,100,60,with_replacement,136,0.0,0.0
working_memory,100,60,with_replacement,137,0.0,0.0
working_memory,100,60,with_replacement,138,0.0,0.0
working_memory,100,60,with_replacement,139,0.0,0.0
working_memory,100,60,with_replacement,140,0.0,0.0
working_memory,100,60,with_replacement,141,0.0,0.0
working_memory,100,60,with_replacement,142,0.0,0.0
working_memory,100,60,with_replacement,143,0.0,0.0
working_memory,100,60,with_replacement,144,0.0,0.0
working_memory,100,60,with_replacement,145,0.0,0.0
working_memory,100,60,with_replacement,146,0.0,0.0
working_memory,100,60,with_replacement,147,0.0,0.0
working_memory,100,60,with_replacement,148,0.0,0.0
working_memory,100,60,with_replacement,149,0.0,0.0
working_memory,100,60,with_replacement,150,0.0,0.0
working_memory,100,60,with_replacement,151,0.0,0.0
working_memory,100,60,with_replacement,152,0.0,0.0
working_memory,100,60,with_replacement,153,0.0,0.0
working_memory,100,60,with_replacement,154,0.0,0.0
working_memory,100,60,with_replacement,155,0.0,0.0
working_memory,100,60,with_replacement,156,0.0,0.0
working_memory,100,60,with_replacement,157,0.0,0.0
working_memory,100,60,with_replacement,158,0.0,0.0
working_memory,100,60,with_replacement,159,0.0,0.0
working_memory,100,60,with_replacement,160,0.0,0.0
working_memory,100,60,without_replacement,40,0.0,0.0
working_memory,100,60,without_replacement,41,0.0,0.0
working_memory,100,60,without_replacement,42,0.0,0.0
working_memory,100,60,without_replacement,43,0.0,0.0
working_memory,100,60,without_replacement,44,0.0,0.0
working_memory,100,60,without_replacement,45,0.0,0.0
working_memory,100,60,without_replacement,46,0.0,0.0
working_memory,100,60,without_replacement,47,0.0,0.0
working_memory,100,60,without_replacement,48,0.0,0.0
working_memory,100,60,without_replacement,49,0.0,0.0
working_memory,100,60,without_replacement,50,0.0,0.0
working_memory,100,60,without_replacement,51,0.0,0.0
working_memory,100,60,without_replacement,52,0.0,0.0
working_memory,100,60,without_replacement,53,0.0,0.0
working_memory,100,60,without_replacement,54,0.0,0.0
working_memory,100,60,without_replacement,55,0.0,0.0
working_memory,100,60,without_replacement,56,0.0,0.0
working_memory,100,60,without_replacement,57,0.0,0.0
working_memory,100,60,without_replacement,58,0.0,0.0
working_memory,100,60,without_replacement,59,0.0,0.0
working_memory,100,60,without_replacement,60,0.0,0.0
working_memory,100,60,without_replacement,61,0.0,0.0
working_memory,100,60,without_replacement,62,0.0,0.0
working_memory,100,60,without_replacement,63,0.0,0.0
working_memory,100,60,without_replacement,64,0.0,0.0
working_memory,100,60,without_replacement,65,0.0,0.0
working_memory,100,60,without_replacement,66,0.0,0.0
working_memory,100,60,without_replacement,67,0.0,0.0
working_memory,100,60,without_replacement,68,0.0,0.0
working_memory,100,60,without_replacement,69,0.0,0.0
working_memory,100,60,without_replacement,70,0.0,0.0
working_memory,100,60,without_replacement,71,0.0,0.0
working_memory,100,60,without_replacement,72,0.0,0.0
working_memory,100,60,without_replacement,73,0.0,0.0
working_memory,100,60,without_replacement,74,0.0,0.0
working_memory,100,60,without_replacement,75,0.0,0.0
working_memory,100,60,without_replacement,76,0.0,0.0
working_memory,100,60,without_replacement,77,0.0,0.0
working_memory,100,60,without_replacement,78,0.0,0.0
working_memory,100,60,without_replacement,79,0.0,0.0
working_memory,100,60,without_replacement,80,0.0,0.0
working_memory,100,60,without_replacement,81,0.0,0.0
working_memory,100,60,without_replacement,82,0.0,0.0
working_memory,100,60,without_replacement,83,0.0,0.0
working_memory,100,60,without_replacement,84,0.0,0.0
working_memory,100,60,without_replacement,85,0.0,0.0
working_memory,100,60,without_replacement,86,0.0,0.0
working_memory,100,60,without_replacement,87,0.0,0.0
working_memory,100,60,without_replacement,88,0.0,0.0
working_memory,100,60,without_replacement,89,0.0,0.0
working_memory,100,60,without_replacement,90,0.0,0.0
working_memory,100,60,without_replacement,91,0.0,0.0
working_memory,100,60,without_replacement,92,0.0,0.0
working_memory,100,60,without_replacement,93,0.0,0.0
working_memory,100,60,without_replacement,94,0.0,4.125374513700353e-07
working_memory,100,60,without_replacement,95,3.5e-05,4.31555279280157e-05
working_memory,100,60,without_replacement,96,0.001229,0.0012227181252649837
working_memory,100,60,without_replacement,97,0.01382,0.01380893720695169
working_memory,100,60,without_replacement,98,0.074143,0.07376599728615586
working_memory,100,60,without_replacement,99,0.300054,0.3001570747492294
working_memory,100,60,without_replacement,100,0.304318,0.3051507548900596
working_memory,100,60,without_replacement,101,0.208453,0.2083913784699328
working_memory,100,60,without_replacement,102,0.079718,0.07915601321179538
working_memory,100,60,without_replacement,103,0.016274,0.016417608631067365
working_memory,100,60,without_replacement,104,0.001864,0.0017883075908616834
working_memory,100,60,without_replacement,105,8.9e-05,9.541736066357137e-05
working_memory,100,60,without_replacement,106,3e-06,2.1232253060638527e-06
working_memory,100,60,without_replacement,107,0.0,1.0089920588271451e-07
working_memory,100,60,without_replacement,108,0.0,2.881262501021038e-10
working_memory,100,60,without_replacement,109,0.0,0.0
working_memory,100,60,without_replacement,110,0.0,0.0
working_memory,100,60,without_replacement,111,0.0,0.0
working_memory,100,60,without_replacement,112,0.0,0.0
working_memory,100,60,without_replacement,113,0.0,0.0
working_memory,100,60,without_replacement,114,0.0,0.0
working_memory,100,60,without_replacement,115,0.0,0.0
working_memory,100,60,without_replacement,116,0.0,0.0
working_memory,100,60,without_replacement,117,0.0,0.0
working_memory,100,60,without_replacement,118,0.0,0.0
working_memory,100,60,without_replacement,119,0.0,0.0
working_memory,100,60,without_replacement,120,0.0,0.0
working_memory,100,60,without_replacement,121,0.0,0.0
working_memory,100,60,without_replacement,122,0.0,0.0
working_memory,100,60,without_replacement,123,0.0,0.0
working_memory,100,60,without_replacement,124,0.0,0.0
working_memory,100,60,without_replacement,125,0.0,0.0
working_memory,100,60,without_replacement,126,0.0,0.0
working_memory,100,60,without_replacement,127,0.0,0.0
working_memory,100,60,without_replacement,128,0.0,0.0
working_memory,100,60,without_replacement,129,0.0,0.0
working_memory,100,60,without_replacement,130,0.0,0.0
working_memory,100,60,without_replacement,131,0.0,0.0
working_memory,100,60,without_replacement,132,0.0,0.0
working_memory,100,60,without_replacement,133,0.0,0.0
working_memory,100,60,without_replacement,134,0.0,0.0
working_memory,100,60,without_replacement,135,0.0,0.0
working_memory,100,60,without_replacement,136,0.0,0.0
working_memory,100,60,without_replacement,137,0.0,0.0
working_memory,100,60,without_replacement,138,0.0,0.0
working_memory,100,60,without_replacement,139,0.0,0.0
working_memory,100,60,without_replacement,140,0.0,0.0
working_memory,100,60,without_replacement,141,0.0,0.0
working_memory,100,60,without_replacement,142,0.0,0.0
working_memory,100,60,without_replacement,143,0.0,0.0
working_memory,100,60,without_replacement,144,0.0,0.0
working_memory,100,60,without_replacement,145,0.0,0.0
working_memory,100,60,without_replacement,146,0.0,0.0
working_memory,100,60,without_replacement,147,0.0,0.0
working_memory,100,60,without_replacement,148,0.0,0.0
working_memory,100,60,without_replacement,149,0.0,0.0
working_memory,100,60,without_replacement,150,0.0,0.0
working_memory,100,60,without_replacement,151,0.0,0.0
working_memory,100,60,without_replacement,152,0.0,0.0
working_memory,100,60,without_replacement,153,0.0,0.0
working_memory,100,60,without_replacement,154,0.0,0.0
working_memory,100,60,without_replacement,155,0.0,0.0
working_memory,100,60,without_replacement,156,0.0,0.0
working_memory,100,60,without_replacement,157,0.0,0.0
working_memory,100,60,without_replacement,158,0.0,0.0
working_memory,100,60,without_replacement,159,0.0,0.0
working_memory,100,60,without_replacement,160,0.0,0.0
working_memory,100,75,with_replacement,40,0.0,0.0
working_memory,100,75,with_replacement,41,0.0,0.0
working_memory,100,75,with_replacement,42,0.0,0.0
working_memory,100,75,with_replacement,43,0.0,0.0
working_memory,100,75,with_replacement,44,0.0,0.0
working_memory,100,75,with_replacement,45,0.0,0.0
working_memory,100,75,with_replacement,46,0.0,0.0
working_memory,100,75,with_replacement,47,0.0,0.0
working_memory,100,75,with_replacement,48,0.0,0.0
working_memory,100,75,with_replacement,49,0.0,0.0
working_memory,100,75,with_replacement,50,0.0,0.0
working_memory,100,75,with_replacement,51,0.0,0.0
working_memory,100,75,with_replacement,52,0.0,0.0
working_memory,100,75,with_replacement,53,0.0,0.0
working_memory,100,75,with_replacement,54,0.0,0.0
working_memory,100,75,with_replacement,55,0.0,0.0
working_memory,100,75,with_replacement,56,0.0,0.0
working_memory,100,75,with_replacement,57,0.0,0.0
working_memory,100,75,with_replacement,58,0.0,0.0
working_memory,100,75,with_replacement,59,0.0,0.0
working_memory,100,75,with_replacement,60,0.0,0.0
working_memory,100,75,with_replacement,61,0.0,4.948560459777434e-30
working_memory,100,75,with_replacement,62,0.0,0.0
working_memory,100,75,with_replacement,63,0.0,0.0
working_memory,100,75,with_replacement,64,0.0,0.0
working_memory,100,75,with_replacement,65,0.0,7.06882525896594e-29
working_memory,100,75,with_replacement,66,0.0,0.0
working_memory,100,75,with_replacement,67,0.0,7.84423368068857e-28
working_memory,100,75,with_replacement,68,0.0,0.0
working_memory,100,75,with_replacement,69,0.0,7.322208275176867e-27
working_memory,100,75,with_replacement,70,0.0,5.879131704493235e-26
working_memory,100,75,with_replacement,71,0.0,0.0
working_memory,100,75,with_replacement,72,0.0,4.21194106632902e-25
working_memory,100,75,with_replacement,73,0.0,2.7280175002284375e-24
working_memory,100,75,with_replacement,74,0.0,1.6235455920704743e-23
working_memory,100,75,with_replacement,75,0.0,5.511009780991291e-22
working_memory,100,75,with_replacement,76,0.0,2.2374620948643325e-21
working_memory,100,75,with_replacement,77,0.0,1.02557328908075e-20
working_memory,100,75,with_replacement,78,0.0,2.297438426956419e-19
working_memory,100,75,with_replacement,79,0.0,3.5241269180715406e-18
working_memory,100,75,with_replacement,80,0.0,4.604051770005829e-17
working_memory,100,75,with_replacement,81,0.0,5.206027522982527e-16
working_memory,100,75,with_replacement,82,0.0,5.160748095649497e-15
working_memory,100,75,with_replacement,83,0.0,1.4030323267937412e-13
working_memory,100,75,with_replacement,84,0.0,9.570273104421034e-13
working_memory,100,75,with_replacement,85,0.0,1.786873600936333e-11
working_memory,100,75,with_replacement,86,0.0,2.4565840615723083e-10
working_memory,100,75,with_replacement,87,0.0,2.774489706103665e-09
working_memory,100,75,with_replacement,88,0.0,2.6055930928610084e-08
working_memory,100,75,with_replacement,89,0.0,4.244548857099069e-07
working_memory,100,75,with_replacement,90,5e-06,2.494632225684886e-06
working_memory,100,75,with_replacement,91,2.5e-05,2.5263792572264595e-05
working_memory,100,75,with_replacement,92,0.000105,0.00010127383075743466
working_memory,100,75,with_replacement,93,0.000652,0.0006656328710649398
working_memory,100,75,with_replacement,94,0.003082,0.0030540301001280947
working_memory,100,75,with_replacement,95,0.011034,0.010989045582483016
working_memory,100,75,with_replacement,96,0.031464,0.031157085708065017
working_memory,100,75,with_replacement,97,0.069841,0.06983418668963728
working_memory,100,75,with_replacement,98,0.123885,0.12396233653525444
working_memory,100,75,with_replacement,99,0.17432,0.17435603199051733
working_memory,100,75,with_replacement,100,0.195126,0.19415617163539953
working_memory,100,75,with_replacement,101,0.17064,0.17080004892317588
working_memory,100,75,with_replacement,102,0.093376,0.0941676811426439
working_memory,100,75,with_replacement,103,0.076427,0.07649837177844424
working_memory,100,75,with_replacement,104,0.034118,0.03438080135189482
working_memory,100,75,with_replacement,105,0.010215,0.01016636400817826
working_memory,100,75,with_replacement,106,0.004515,0.004531527754784641
working_memory,100,75,with_replacement,107,0.000879,0.0008616815583769566
working_memory,100,75,with_replacement,108,0.000223,0.00022792928316939923
working_memory,100,75,with_replacement,109,5.6e-05,5.062794024162408e-05
working_memory,100,75,with_replacement,110,1.1e-05,9.349050562488712e-06
working_memory,100,75,with_replacement,111,1e-06,1.4179461181848916e-06
working_memory,100,75,with_replacement,112,0.0,1.7402074643896416e-07
working_memory,100,75,with_replacement,113,0.0,1.499180843255014e-08
working_memory,100,75,with_replacement,114,0.0,2.7943951930676676e-09
working_memory,100,75,with_replacement,115,0.0,4.6133205434970323e-10
working_memory,100,75,with_replacement,116,0.0,6.675767117449898e-11
working_memory,100,75,with_replacement,117,0.0,8.359362422600563e-12
working_memory,100,75,with_replacement,118,0.0,8.912779125246322e-13
working_memory,100,75,with_replacement,119,0.0,6.192999434737094e-14
working_memory,100,75,with_replacement,120,0.0,2.1886601161786466e-14
working_memory,100,75,with_replacement,121,0.0,1.1371025037545048e-15
working_memory,100,75,with_replacement,122,0.0,2.642009297996646e-16
working_memory,100,75,with_replacement,123,0.0,5.687885996858096e-17
working_memory,100,75,with_replacement,124,0.0,1.125174537185764e-17
working_memory,100,75,with_replacement,125,0.0,2.012262701521292e-18
working_memory,100,75,with_replacement,126,0.0,0.0
working_memory,100,75,with_replacement,127,0.0,3.2110527815036785e-19
working_memory,100,75,with_replacement,128,0.0,0.0
working_memory,100,75,with_replacement,129,0.0,4.407474087452504e-20
working_memory,100,75,with_replacement,130,0.0,0.0
working_memory,100,75,with_replacement,131,0.0,5.088858431158932e-21
working_memory,100,75,with_replacement,132,0.0,0.0
working_memory,100,75,with_replacement,133,0.0,0.0
working_memory,100,75,with_replacement,134,0.0,0.0
working_memory,100,75,with_replacement,135,0.0,4.622527364589296e-22
working_memory,100,75,with_replacement,136,0.0,0.0
working_memory,100,75,with_replacement,137,0.0,0.0
working_memory,100,75,with_replacement,138,0.0,0.0
working_memory,100,75,with_replacement,139,0.0,0.0
working_memory,100,75,with_replacement,140,0.0,0.0
working_memory,100,75,with_replacement,141,0.0,0.0
working_memory,100,75,with_replacement,142,0.0,0.0
working_memory,100,75,with_replacement,143,0.0,0.0
working_memory,100,75,with_replacement,144,0.0,0.0
working_memory,100,75,with_replacement,145,0.0,0.0
working_memory,100,75,with_replacement,146,0.0,0.0
working_memory,100,75,with_replacement,147,0.0,0.0
working_memory,100,75,with_replacement,148,0.0,0.0
working_memory,100,75,with_replacement,149,0.0,0.0
working_memory,100,75,with_replacement,150,0.0,0.0
working_memory,100,75,with_replacement,151,0.0,0.0
working_memory,100,75,with_replacement,152,0.0,0.0
working_memory,100,75,with_replacement,153,0.0,0.0
working_memory,100,75,with_replacement,154,0.0,0.0
working_memory,100,75,with_replacement,155,0.0,0.0
working_memory,100,75,with_replacement,156,0.0,0.0
working_memory,100,75,with_replacement,157,0.0,0.0
working_memory,100,75,with_replacement,158,0.0,0.0
working_memory,100,75,with_replacement,159,0.0,0.0
working_memory,100,75,with_replacement,160,0.0,0.0
working_memory,100,75,without_replacement,40,0.0,0.0
working_memory,100,75,without_replacement,41,0.0,0.0
working_memory,100,75,without_replacement,42,0.0,0.0
working_memory,100,75,without_replacement,43,0.0,0.0
working_memory,100,75,without_replacement,44,0.0,0.0
working_memory,100,75,without_replacement,45,0.0,0.0
working_memory,100,75,without_replacement,46,0.0,0.0
working_memory,100,75,without_replacement,47,0.0,0.0
working_memory,100,75,without_replacement,48,0.0,0.0
working_memory,100,75,without_replacement,49,0.0,0.0
working_memory,100,75,without_replacement,50,0.0,0.0
working_memory,100,75,without_replacement,51,0.0,0.0
working_memory,100,75,without_replacement,52,0.0,0.0
working_memory,100,75,without_replacement,53,0.0,0.0
working_memory,100,75,without_replacement,54,0.0,0.0
working_memory,100,75,without_replacement,55,0.0,0.0
working_memory,100,75,without_replacement,56,0.0,0.0
working_memory,100,75,without_replacement,57,0.0,0.0
working_memory,100,75,without_replacement,58,0.0,0.0
working_memory,100,75,without_replacement,59,0.0,0.0
working_memory,100,75,without_replacement,60,0.0,0.0
working_memory,100,75,without_replacement,61,0.0,0.0
working_memory,100,75,without_replacement,62,0.0,0.0
working_memory,100,75,without_replacement,63,0.0,0.0
working_memory,100,75,without_replacement,64,0.0,0.0
working_memory,100,75,without_replacement,65,0.0,0.0
working_memory,100,75,without_replacement,66,0.0,0.0
working_memory,100,75,without_replacement,67,0.0,0.0
working_memory,100,75,without_replacement,68,0.0,0.0
working_memory,100,75,without_replacement,69,0.0,0.0
working_memory,100,75,without_replacement,70,0.0,0.0
working_memory,100,75,without_replacement,71,0.0,0.0
working_memory,100,75,without_replacement,72,0.0,0.0
working_memory,100,75,without_replacement,73,0.0,0.0
working_memory,100,75,without_replacement,74,0.0,0.0
working_memory,100,75,without_replacement,75,0.0,0.0
working_memory,100,75,without_replacement,76,0.0,0.0
working_memory,100,75,without_replacement,77,0.0,0.0
working_memory,100,75,without_replacement,78,0.0,0.0
working_memory,100,75,without_replacement,79,0.0,0.0
working_memory,100,75,without_replacement,80,0.0,0.0
working_memory,100,75,without_replacement,81,0.0,0.0
working_memory,100,75,without_replacement,82,0.0,0.0
working_memory,100,75,without_replacement,83,0.0,0.0
working_memory,100,75,without_replacement,84,0.0,0.0
working_memory,100,75,without_replacement,85,0.0,0.0
working_memory,100,75,without_replacement,86,0.0,0.0
working_memory,100,75,without_replacement,87,0.0,0.0
working_memory,100,75,without_replacement,88,0.0,0.0
working_memory,100,75,without_replacement,89,0.0,0.0
working_memory,100,75,without_replacement,90,0.0,0.0
working_memory,100,75,without_replacement,91,0.0,0.0
working_memory,100,75,without_replacement,92,0.0,0.0
working_memory,100,75,without_replacement,93,0.0,0.0
working_memory,100,75,without_replacement,94,0.0,0.0
working_memory,100,75,without_replacement,95,0.0,0.0
working_memory,100,75,without_replacement,96,0.0,0.0
working_memory,100,75,without_replacement,97,0.0,0.0
working_memory,100,75,without_replacement,98,0.005859,0.005913566040148319
working_memory,100,75,without_replacement,99,0.244273,0.24340619160739083
working_memory,100,75,without_replacement,100,0.583085,0.5837539546611548
working_memory,100,75,without_replacement,101,0.163765,0.1638956930063672
working_memory,100,75,without_replacement,102,0.003018,0.003030594684938943
working_memory,100,75,without_replacement,103,0.0,0.0
working_memory,100,75,without_replacement,104,0.0,0.0
working_memory,100,75,without_replacement,105,0.0,0.0
working_memory,100,75,without_replacement,106,0.0,0.0
working_memory,100,75,without_replacement,107,0.0,0.0
working_memory,100,75,without_replacement,108,0.0,0.0
working_memory,100,75,without_replacement,109,0.0,0.0
working_memory,100,75,without_replacement,110,0.0,0.0
working_memory,100,75,without_replacement,111,0.0,0.0
working_memory,100,75,without_replacement,112,0.0,0.0
working_memory,100,75,without_replacement,113,0.0,0.0
working_memory,100,75,without_replacement,114,0.0,0.0
working_memory,100,75,without_replacement,115,0.0,0.0
working_memory,100,75,without_replacement,116,0.0,0.0
working_memory,100,75,without_replacement,117,0.0,0.0
working_memory,100,75,without_replacement,118,0.0,0.0
working_memory,100,75,without_replacement,119,0.0,0.0
working_memory,100,75,without_replacement,120,0.0,0.0
working_memory,100,75,without_replacement,121,0.0,0.0
working_memory,100,75,without_replacement,122,0.0,0.0
working_memory,100,75,without_replacement,123,0.0,0.0
working_memory,100,75,without_replacement,124,0.0,0.0
working_memory,100,75,without_replacement,125,0.0,0.0
working_memory,100,75,without_replacement,126,0.0,0.0
working_memory,100,75,without_replacement,127,0.0,0.0
working_memory,100,75,without_replacement,128,0.0,0.0
working_memory,100,75,without_replacement,129,0.0,0.0
working_memory,100,75,without_replacement,130,0.0,0.0
working_memory,100,75,without_replacement,131,0.0,0.0
working_memory,100,75,without_replacement,132,0.0,0.0
working_memory,100,75,without_replacement,133,0.0,0.0
working_memory,100,75,without_replacement,134,0.0,0.0
working_memory,100,75,without_replacement,135,0.0,0.0
working_memory,100,75,without_replacement,136,0.0,0.0
working_memory,100,75,without_replacement,137,0.0,0.0
working_memory,100,75,without_replacement,138,0.0,0.0
working_memory,100,75,without_replacement,139,0.0,0.0
working_memory,100,75,without_replacement,140,0.0,0.0
working_memory,100,75,without_replacement,141,0.0,0.0
working_memory,100,75,without_replacement,142,0.0,0.0
working_memory,100,75,without_replacement,143,0.0,0.0
working_memory,100,75,without_replacement,144,0.0,0.0
working_memory,100,75,without_replacement,145,0.0,0.0
working_memory,100,75,without_replacement,146,0.0,0.0
working_memory,100,75,without_replacement,147,0.0,0.0
working_memory,100,75,without_replacement,148,0.0,0.0
working_memory,100,75,without_replacement,149,0.0,0.0
working_memory,100,75,without_replacement,150,0.0,0.0
working_memory,100,75,without_replacement,151,0.0,0.0
working_memory,100,75,without_replacement,152,0.0,0.0
working_memory,100,75,without_replacement,153,0.0,0.0
working_memory,100,75,without_replacement,154,0.0,0.0
working_memory,100,75,without_replacement,155,0.0,0.0
working_memory,100,75,without_replacement,156,0.0,0.0
working_memory,100,75,without_replacement,157,0.0,0.0
working_memory,100,75,without_replacement,158,0.0,0.0
working_memory,100,75,without_replacement,159,0.0,0.0
working_memory,100,75,without_replacement,160,0.0,0.0
fluid,101,15,with_replacement,40,0.0,0.0
fluid,101,15,with_replacement,41,0.0,0.0
fluid,101,15,with_replacement,42,0.0,0.0
fluid,101,15,with_replacement,43,0.0,0.0
fluid,101,15,with_replacement,44,0.0,0.0
fluid,101,15,with_replacement,45,0.0,0.0
fluid,101,15,with_replacement,46,0.0,0.0
fluid,101,15,with_replacement,47,0.0,0.0
fluid,101,15,with_replacement,48,0.0,0.0
fluid,101,15,with_replacement,49,0.0,0.0
fluid,101,15,with_replacement,50,0.0,0.0
fluid,101,15,with_replacement,51,0.0,0.0
fluid,101,15,with_replacement,52,0.0,0.0
fluid,101,15,with_replacement,53,0.0,0.0
fluid,101,15,with_replacement,54,0.0,0.0
fluid,101,15,with_replacement,55,0.0,0.0
fluid,101,15,with_replacement,56,0.0,0.0
fluid,101,15,with_replacement,57,0.0,0.0
fluid,101,15,with_replacement,58,0.0,0.0
fluid,101,15,with_replacement,59,0.0,0.0
fluid,101,15,with_replacement,60,0.0,0.0
fluid,101,15,with_replacement,61,0.0,0.0
fluid,101,15,with_replacement,62,0.0,0.0
fluid,101,15,with_replacement,63,0.0,0.0
fluid,101,15,with_replacement,64,0.0,0.0
fluid,101,15,with_replacement,65,0.0,0.0
fluid,101,15,with_replacement,66,0.0,0.0
fluid,101,15,with_replacement,67,0.0,0.0
fluid,101,15,with_replacement,68,0.0,0.0
fluid,101,15,with_replacement,69,0.0,0.0
fluid,101,15,with_replacement,70,0.0,0.0
fluid,101,15,with_replacement,71,3e-06,4.429185023999985e-06
fluid,101,15,with_replacement,72,0.0,0.0
fluid,101,15,with_replacement,73,0.0,0.0
fluid,101,15,with_replacement,74,0.0,0.0
fluid,101,15,with_replacement,75,0.0,0.0
fluid,101,15,with_replacement,76,2.4e-05,2.5697102506666622e-05
fluid,101,15,with_replacement,77,0.0,0.0
fluid,101,15,with_replacement,78,0.0,0.0
fluid,101,15,with_replacement,79,0.0,0.0
fluid,101,15,with_replacement,80,6.7e-05,6.509520971851851e-05
fluid,101,15,with_replacement,81,0.0,0.0
fluid,101,15,with_replacement,82,0.000252,0.00027302914123851984
fluid,101,15,with_replacement,83,0.0,0.0
fluid,101,15,with_replacement,84,0.000592,0.0005791774441876565
fluid,101,15,with_replacement,85,0.0,0.0
fluid,101,15,with_replacement,86,0.001704,0.0017293080558863192
fluid,101,15,with_replacement,87,0.0,0.0
fluid,101,15,with_replacement,88,0.003169,0.003135008224763787
fluid,101,15,with_replacement,89,0.007479,0.007354195430051924
fluid,101,15,with_replacement,90,0.0,0.0
fluid,101,15,with_replacement,91,0.011395,0.01154008196439077
fluid,101,15,with_replacement,92,0.022587,0.02234068225927978
fluid,101,15,with_replacement,93,0.0,0.0
fluid,101,15,with_replacement,94,0.030844,0.030572387936743942
fluid,101,15,with_replacement,95,0.050193,0.05021760680377889
fluid,101,15,with_replacement,96,0.060135,0.06012948909230385
fluid,101,15,with_replacement,97,0.0,0.0
fluid,101,15,with_replacement,98,0.085292,0.08518666514116555
fluid,101,15,with_replacement,99,0.088995,0.08920603910375002
fluid,101,15,with_replacement,100,0.109897,0.11003277580733878
fluid,101,15,with_replacement,101,0.100207,0.10032020662795818
fluid,101,15,with_replacement,102,0.0,0.0
fluid,101,15,with_replacement,103,0.108134,0.10821995980117002
fluid,101,15,with_replacement,104,0.084689,0.08510031551326666
fluid,101,15,with_replacement,105,0.080388,0.08032462236618737
fluid,101,15,with_replacement,106,0.0,0.0
fluid,101,15,with_replacement,107,0.053588,0.053593436569185075
fluid,101,15,with_replacement,108,0.044345,0.04411520802356545
fluid,101,15,with_replacement,109,0.0,0.0
fluid,101,15,with_replacement,110,0.024577,0.024290827032568588
fluid,101,15,with_replacement,111,0.017071,0.0173071849106623
fluid,101,15,with_replacement,112,0.0,0.0
fluid,101,15,with_replacement,113,0.007427,0.007487143575145985
fluid,101,15,with_replacement,114,0.0,0.0
fluid,101,15,with_replacement,115,0.004693,0.004558941049079964
fluid,101,15,with_replacement,116,0.0,0.0
fluid,101,15,with_replacement,117,0.0,0.0
fluid,101,15,with_replacement,118,0.00141,0.0014039590994571383
fluid,101,15,with_replacement,119,0.0,0.0
fluid,101,15,with_replacement,120,0.0,0.0
fluid,101,15,with_replacement,121,0.000695,0.000715879678747747
fluid,101,15,with_replacement,122,0.0,0.0
fluid,101,15,with_replacement,123,0.0,0.0
fluid,101,15,with_replacement,124,0.0,0.0
fluid,101,15,with_replacement,125,0.0,0.0
fluid,101,15,with_replacement,126,0.000148,0.00017064785087886068
fluid,101,15,with_replacement,127,0.0,0.0
fluid,101,15,with_replacement,128,0.0,0.0
fluid,101,15,with_replacement,129,0.0,0.0
fluid,101,15,with_replacement,130,0.0,0.0
fluid,101,15,with_replacement,131,0.0,0.0
fluid,101,15,with_replacement,132,0.0,0.0
fluid,101,15,with_replacement,133,0.0,0.0
fluid,101,15,with_replacement,134,0.0,0.0
fluid,101,15,with_replacement,135,0.0,0.0
fluid,101,15,with_replacement,136,0.0,0.0
fluid,101,15,with_replacement,137,0.0,0.0
fluid,101,15,with_replacement,138,0.0,0.0
fluid,101,15,with_replacement,139,0.0,0.0
fluid,101,15,with_replacement,140,0.0,0.0
fluid,101,15,with_replacement,141,0.0,0.0
fluid,101,15,with_replacement,142,0.0,0.0
fluid,101,15,with_replacement,143,0.0,0.0
fluid,101,15,with_replacement,144,0.0,0.0
fluid,101,15,with_replacement,145,0.0,0.0
fluid,101,15,with_replacement,146,0.0,0.0
fluid,101,15,with_replacement,147,0.0,0.0
fluid,101,15,with_replacement,148,0.0,0.0
fluid,101,15,with_replacement,149,0.0,0.0
fluid,101,15,with_replacement,150,0.0,0.0
fluid,101,15,with_replacement,151,0.0,0.0
fluid,101,15,with_replacement,152,0.0,0.0
fluid,101,15,with_replacement,153,0.0,0.0
fluid,101,15,with_replacement,154,0.0,0.0
fluid,101,15,with_replacement,155,0.0,0.0
fluid,101,15,with_replacement,156,0.0,0.0
fluid,101,15,with_replacement,157,0.0,0.0
fluid,101,15,with_replacement,158,0.0,0.0
fluid,101,15,with_replacement,159,0.0,0.0
fluid,101,15,with_replacement,160,0.0,0.0
fluid,101,15,without_replacement,40,0.0,0.0
fluid,101,15,without_replacement,41,0.0,0.0
fluid,101,15,without_replacement,42,0.0,0.0
fluid,101,15,without_replacement,43,0.0,0.0
fluid,101,15,without_replacement,44,0.0,0.0
fluid,101,15,without_replacement,45,0.0,0.0
fluid,101,15,without_replacement,46,0.0,0.0
fluid,101,15,without_replacement,47,0.0,0.0
fluid,101,15,without_replacement,48,0.0,0.0
fluid,101,15,without_replacement,49,0.0,0.0
fluid,101,15,without_replacement,50,0.0,0.0
fluid,101,15,without_replacement,51,0.0,0.0
fluid,101,15,without_replacement,52,0.0,0.0
fluid,101,15,without_replacement,53,0.0,0.0
fluid,101,15,without_replacement,54,0.0,0.0
fluid,101,15,without_replacement,55,0.0,0.0
fluid,101,15,without_replacement,56,0.0,0.0
fluid,101,15,without_replacement,57,0.0,0.0
fluid,101,15,without_replacement,58,0.0,0.0
fluid,101,15,without_replacement,59,0.0,0.0
fluid,101,15,without_replacement,60,0.0,0.0
fluid,101,15,without_replacement,61,0.0,0.0
fluid,101,15,without_replacement,62,0.0,0.0
fluid,101,15,without_replacement,63,0.0,0.0
fluid,101,15,without_replacement,64,0.0,0.0
fluid,101,15,without_replacement,65,0.0,0.0
fluid,101,15,without_replacement,66,0.0,0.0
fluid,101,15,without_replacement,67,0.0,0.0
fluid,101,15,without_replacement,68,0.0,0.0
fluid,101,15,without_replacement,69,0.0,0.0
fluid,101,15,without_replacement,70,0.0,0.0
fluid,101,15,without_replacement,71,1e-06,2.089289274177666e-07
fluid,101,15,without_replacement,72,0.0,0.0
fluid,101,15,without_replacement,73,0.0,0.0
fluid,101,15,without_replacement,74,0.0,0.0
fluid,101,15,without_replacement,75,0.0,0.0
fluid,101,15,without_replacement,76,2e-06,1.6122162687905733e-06
fluid,101,15,without_replacement,77,0.0,0.0
fluid,101,15,without_replacement,78,0.0,0.0
fluid,101,15,without_replacement,79,0.0,0.0
fluid,101,15,without_replacement,80,7e-06,7.781764596068153e-06
fluid,101,15,without_replacement,81,0.0,0.0
fluid,101,15,without_replacement,82,3.9e-05,3.781390132863268e-05
fluid,101,15,without_replacement,83,0.0,0.0
fluid,101,15,without_replacement,84,0.000115,0.00013277656790797374
fluid,101,15,without_replacement,85,0.0,0.0
fluid,101,15,without_replacement,86,0.000488,0.00045242330238626666
fluid,101,15,without_replacement,87,0.0,0.0
fluid,101,15,without_replacement,88,0.001174,0.0012268507726029732
fluid,101,15,without_replacement,89,0.003197,0.003190948045844727
fluid,101,15,without_replacement,90,0.0,0.0
fluid,101,15,without_replacement,91,0.006876,0.006911837472824296
fluid,101,15,without_replacement,92,0.014487,0.014309387078389385
fluid,101,15,without_replacement,93,0.0,0.0
fluid,101,15,without_replacement,94,0.025535,0.02526160836181597
fluid,101,15,without_replacement,95,0.042386,0.042613518337000236
fluid,101,15,without_replacement,96,0.062047,0.062034532359031565
fluid,101,15,without_replacement,97,0.0,0.0
fluid,101,15,without_replacement,98,0.086116,0.08641224845850132
fluid,101,15,without_replacement,99,0.103888,0.104311567038982
fluid,101,15,without_replacement,100,0.120863,0.12080470932096453
fluid,101,15,without_replacement,101,0.121668,0.12096179346344747
fluid,101,15,without_replacement,102,0.0,0.0
fluid,101,15,without_replacement,103,0.117226,0.11667082833141851
fluid,101,15,without_replacement,104,0.096749,0.09640163775944122
fluid,101,15,without_replacement,105,0.076678,0.07721135844209734
fluid,101,15,without_replacement,106,0.0,0.0
fluid,101,15,without_replacement,107,0.051788,0.05201043526709422
fluid,101,15,without_replacement,108,0.034163,0.03431277365568272
fluid,101,15,without_replacement,109,0.0,0.0
fluid,101,15,without_replacement,110,0.018328,0.01841895706589314
fluid,101,15,without_replacement,111,0.009843,0.00986285882063381
fluid,101,15,without_replacement,112,0.0,0.0
fluid,101,15,without_replacement,113,0.003982,0.004043908553178868
fluid,101,15,without_replacement,114,0.0,0.0
fluid,101,15,without_replacement,115,0.001676,0.0017148171471555878
fluid,101,15,without_replacement,116,0.0,0.0
fluid,101,15,without_replacement,117,0.0,0.0
fluid,101,15,without_replacement,118,0.000476,0.0004918135576157286
fluid,101,15,without_replacement,119,0.0,0.0
fluid,101,15,without_replacement,120,0.0,0.0
fluid,101,15,without_replacement,121,0.000159,0.00015841819040212618
fluid,101,15,without_replacement,122,0.0,0.0
fluid,101,15,without_replacement,123,0.0,0.0
fluid,101,15,without_replacement,124,0.0,0.0
fluid,101,15,without_replacement,125,0.0,0.0
fluid,101,15,without_replacement,126,4.3e-05,3.0575818567123655e-05
fluid,101,15,without_replacement,127,0.0,0.0
fluid,101,15,without_replacement,128,0.0,0.0
fluid,101,15,without_replacement,129,0.0,0.0
fluid,101,15,without_replacement,130,0.0,0.0
fluid,101,15,without_replacement,131,0.0,0.0
fluid,101,15,without_replacement,132,0.0,0.0
fluid,101,15,without_replacement,133,0.0,0.0
fluid,101,15,without_replacement,134,0.0,0.0
fluid,101,15,without_replacement,135,0.0,0.0
fluid,101,15,without_replacement,136,0.0,0.0
fluid,101,15,without_replacement,137,0.0,0.0
fluid,101,15,without_replacement,138,0.0,0.0
fluid,101,15,without_replacement,139,0.0,0.0
fluid,101,15,without_replacement,140,0.0,0.0
fluid,101,15,without_replacement,141,0.0,0.0
fluid,101,15,without_replacement,142,0.0,0.0
fluid,101,15,without_replacement,143,0.0,0.0
fluid,101,15,without_replacement,144,0.0,0.0
fluid,101,15,without_replacement,145,0.0,0.0
fluid,101,15,without_replacement,146,0.0,0.0
fluid,101,15,without_replacement,147,0.0,0.0
fluid,101,15,without_replacement,148,0.0,0.0
fluid,101,15,without_replacement,149,0.0,0.0
fluid,101,15,without_replacement,150,0.0,0.0
fluid,101,15,without_replacement,151,0.0,0.0
fluid,101,15,without_replacement,152,0.0,0.0
fluid,101,15,without_replacement,153,0.0,0.0
fluid,101,15,without_replacement,154,0.0,0.0
fluid,101,15,without_replacement,155,0.0,0.0
fluid,101,15,without_replacement,156,0.0,0.0
fluid,101,15,without_replacement,157,0.0,0.0
fluid,101,15,without_replacement,158,0.0,0.0
fluid,101,15,without_replacement,159,0.0,0.0
fluid,101,15,without_replacement,160,0.0,0.0
fluid,101,20,with_replacement,40,0.0,0.0
fluid,101,20,with_replacement,41,0.0,0.0
fluid,101,20,with_replacement,42,0.0,0.0
fluid,101,20,with_replacement,43,0.0,0.0
fluid,101,20,with_replacement,44,0.0,0.0
fluid,101,20,with_replacement,45,0.0,0.0
fluid,101,20,with_replacement,46,0.0,0.0
fluid,101,20,with_replacement,47,0.0,0.0
fluid,101,20,with_replacement,48,0.0,0.0
fluid,101,20,with_replacement,49,0.0,0.0
fluid,101,20,with_replacement,50,0.0,0.0
fluid,101,20,with_replacement,51,0.0,0.0
fluid,101,20,with_replacement,52,0.0,0.0
fluid,101,20,with_replacement,53,0.0,0.0
fluid,101,20,with_replacement,54,0.0,0.0
fluid,101,20,with_replacement,55,0.0,0.0
fluid,101,20,with_replacement,56,0.0,0.0
fluid,101,20,with_replacement,57,0.0,0.0
fluid,101,20,with_replacement,58,0.0,0.0
fluid,101,20,with_replacement,59,0.0,0.0
fluid,101,20,with_replacement,60,0.0,0.0
fluid,101,20,with_replacement,61,0.0,0.0
fluid,101,20,with_replacement,62,0.0,0.0
fluid,101,20,with_replacement,63,0.0,0.0
fluid,101,20,with_replacement,64,0.0,0.0
fluid,101,20,with_replacement,65,0.0,0.0
fluid,101,20,with_replacement,66,0.0,0.0
fluid,101,20,with_replacement,67,0.0,0.0
fluid,101,20,with_replacement,68,0.0,0.0
fluid,101,20,with_replacement,69,0.0,5.6808100768426775e-08
fluid,101,20,with_replacement,70,0.0,0.0
fluid,101,20,with_replacement,71,0.0,0.0
fluid,101,20,with_replacement,72,0.0,0.0
fluid,101,20,with_replacement,73,0.0,0.0
fluid,101,20,with_replacement,74,1e-06,3.747120356465783e-07
fluid,101,20,with_replacement,75,0.0,0.0
fluid,101,20,with_replacement,76,0.0,0.0
fluid,101,20,with_replacement,77,1e-06,1.237666409130661e-06
fluid,101,20,with_replacement,78,0.0,0.0
fluid,101,20,with_replacement,79,0.0,0.0
fluid,101,20,with_replacement,80,6e-06,5.69387940383099e-06
fluid,101,20,with_replacement,81,0.0,0.0
fluid,101,20,with_replacement,82,1.7e-05,1.562594769649459e-05
fluid,101,20,with_replacement,83,5.9e-05,5.226607980494774e-05
fluid,101,20,with_replacement,84,0.0,0.0
fluid,101,20,with_replacement,85,0.000103,0.000122695112125256
fluid,101,20,with_replacement,86,0.000325,0.0003284564083466476
fluid,101,20,with_replacement,87,0.000636,0.0006723355750228494
fluid,101,20,with_replacement,88,0.0,0.0
fluid,101,20,with_replacement,89,0.001451,0.0015116967237755472
fluid,101,20,with_replacement,90,0.00272,0.0027337095597944525
fluid,101,20,with_replacement,91,0.005272,0.005308662789243107
fluid,101,20,with_replacement,92,0.00851,0.008557536557131217
fluid,101,20,with_replacement,93,0.014667,0.014605455596912478
fluid,101,20,with_replacement,94,0.021249,0.021113393795072863
fluid,101,20,with_replacement,95,0.031933,0.03203081264580292
fluid,101,20,with_replacement,96,0.041863,0.04167523638259185
fluid,101,20,with_replacement,97,0.056573,0.056611234153278345
fluid,101,20,with_replacement,98,0.066571,0.06640472781210688
fluid,101,20,with_replacement,99,0.08141,0.08112684444082578
fluid,101,20,with_replacement,100,0.085824,0.08577277342397131
fluid,101,20,with_replacement,101,0.094269,0.09445034031475805
fluid,101,20,with_replacement,102,0.089773,0.08981097852096295
fluid,101,20,with_replacement,103,0.089317,0.08915993961427164
fluid,101,20,with_replacement,104,0.075863,0.07591197814710357
fluid,101,20,with_replacement,105,0.067637,0.06782937595352771
fluid,101,20,with_replacement,106,0.051285,0.05133362432067515
fluid,101,20,with_replacement,107,0.040838,0.041132845703284696
fluid,101,20,with_replacement,108,0.027527,0.027359391915374516
fluid,101,20,with_replacement,109,0.019588,0.01954200828531956
fluid,101,20,with_replacement,110,0.011271,0.011226414286124599
fluid,101,20,with_replacement,111,0.00709,0.007084075237906492
fluid,101,20,with_replacement,112,0.0,0.0
fluid,101,20,with_replacement,113,0.003357,0.003418087211558545
fluid,101,20,with_replacement,114,0.001807,0.001880729154717532
fluid,101,20,with_replacement,115,0.0,0.0
fluid,101,20,with_replacement,116,0.000706,0.000726278433426169
fluid,101,20,with_replacement,117,0.0,0.0
fluid,101,20,with_replacement,118,0.000342,0.00034183419012789277
fluid,101,20,with_replacement,119,0.0,0.0
fluid,101,20,with_replacement,120,9.5e-05,9.597570041759524e-05
fluid,101,20,with_replacement,121,0.0,0.0
fluid,101,20,with_replacement,122,0.0,0.0
fluid,101,20,with_replacement,123,3.8e-05,3.75323520179418e-05
fluid,101,20,with_replacement,124,0.0,0.0
fluid,101,20,with_replacement,125,0.0,0.0
fluid,101,20,with_replacement,126,0.0,0.0
fluid,101,20,with_replacement,127,0.0,0.0
fluid,101,20,with_replacement,128,6e-06,7.764588973248158e-06
fluid,101,20,with_replacement,129,0.0,0.0
fluid,101,20,with_replacement,130,0.0,0.0
fluid,101,20,with_replacement,131,0.0,0.0
fluid,101,20,with_replacement,132,0.0,0.0
fluid,101,20,with_replacement,133,0.0,0.0
fluid,101,20,with_replacement,134,0.0,0.0
fluid,101,20,with_replacement,135,0.0,0.0
fluid,101,20,with_replacement,136,0.0,0.0
fluid,101,20,with_replacement,137,0.0,0.0
fluid,101,20,with_replacement,138,0.0,0.0
fluid,101,20,with_replacement,139,0.0,0.0
fluid,101,20,with_replacement,140,0.0,0.0
fluid,101,20,with_replacement,141,0.0,0.0
fluid,101,20,with_replacement,142,0.0,0.0
fluid,101,20,with_replacement,143,0.0,0.0
fluid,101,20,with_replacement,144,0.0,0.0
fluid,101,20,with_replacement,145,0.0,0.0
fluid,101,20,with_replacement,146,0.0,0.0
fluid,101,20,with_replacement,147,0.0,0.0
fluid,101,20,with_replacement,148,0.0,0.0
fluid,101,20,with_replacement,149,0.0,0.0
fluid,101,20,with_replacement,150,0.0,0.0
fluid,101,20,with_replacement,151,0.0,0.0
fluid,101,20,with_replacement,152,0.0,0.0
fluid,101,20,with_replacement,153,0.0,0.0
fluid,101,20,with_replacement,154,0.0,0.0
fluid,101,20,with_replacement,155,0.0,0.0
fluid,101,20,with_replacement,156,0.0,0.0
fluid,101,20,with_replacement,157,0.0,0.0
fluid,101,20,with_replacement,158,0.0,0.0
fluid,101,20,with_replacement,159,0.0,0.0
fluid,101,20,with_replacement,160,0.0,0.0
fluid,101,20,without_replacement,40,0.0,0.0
fluid,101,20,without_replacement,41,0.0,0.0
fluid,101,20,without_replacement,42,0.0,0.0
fluid,101,20,without_replacement,43,0.0,0.0
fluid,101,20,without_replacement,44,0.0,0.0
fluid,101,20,without_replacement,45,0.0,0.0
fluid,101,20,without_replacement,46,0.0,0.0
fluid,101,20,without_replacement,47,0.0,0.0
fluid,101,20,without_replacement,48,0.0,0.0
fluid,101,20,without_replacement,49,0.0,0.0
fluid,101,20,without_replacement,50,0.0,0.0
fluid,101,20,without_replacement,51,0.0,0.0
fluid,101,20,without_replacement,52,0.0,0.0
fluid,101,20,without_replacement,53,0.0,0.0
fluid,101,20,without_replacement,54,0.0,0.0
fluid,101,20,without_replacement,55,0.0,0.0
fluid,101,20,without_replacement,56,0.0,0.0
fluid,101,20,without_replacement,57,0.0,0.0
fluid,101,20,without_replacement,58,0.0,0.0
fluid,101,20,without_replacement,59,0.0,0.0
fluid,101,20,without_replacement,60,0.0,0.0
fluid,101,20,without_replacement,61,0.0,0.0
fluid,101,20,without_replacement,62,0.0,0.0
fluid,101,20,without_replacement,63,0.0,0.0
fluid,101,20,without_replacement,64,0.0,0.0
fluid,101,20,without_replacement,65,0.0,0.0
fluid,101,20,without_replacement,66,0.0,0.0
fluid,101,20,without_replacement,67,0.0,0.0
fluid,101,20,without_replacement,68,0.0,0.0
fluid,101,20,without_replacement,69,0.0,5.3233367719378414e-11
fluid,101,20,without_replacement,70,0.0,0.0
fluid,101,20,without_replacement,71,0.0,0.0
fluid,101,20,without_replacement,72,0.0,0.0
fluid,101,20,without_replacement,73,0.0,0.0
fluid,101,20,without_replacement,74,0.0,6.354205162694058e-10
fluid,101,20,without_replacement,75,0.0,0.0
fluid,101,20,without_replacement,76,0.0,0.0
fluid,101,20,without_replacement,77,0.0,5.802557791996645e-09
fluid,101,20,without_replacement,78,0.0,0.0
fluid,101,20,without_replacement,79,0.0,0.0
fluid,101,20,without_replacement,80,0.0,4.140342867194444e-08
fluid,101,20,without_replacement,81,0.0,0.0
fluid,101,20,without_replacement,82,1e-06,2.466683371885499e-07
fluid,101,20,without_replacement,83,0.0,1.2353370319028431e-06
fluid,101,20,without_replacement,84,0.0,0.0
fluid,101,20,without_replacement,85,6e-06,5.408216652502884e-06
fluid,101,20,without_replacement,86,2.6e-05,2.0629061954764326e-05
fluid,101,20,without_replacement,87,8e-05,7.038005120452559e-05
fluid,101,20,without_replacement,88,0.0,0.0
fluid,101,20,without_replacement,89,0.000215,0.00021359793945218108
fluid,101,20,without_replacement,90,0.000588,0.0005877512222812208
fluid,101,20,without_replacement,91,0.001418,0.0014577568645528238
fluid,101,20,without_replacement,92,0.003314,0.0033070207292377153
fluid,101,20,without_replacement,93,0.006791,0.006821483066339392
fluid,101,20,without_replacement,94,0.012785,0.012945560830369688
fluid,101,20,without_replacement,95,0.022475,0.022469941130528786
fluid,101,20,without_replacement,96,0.036251,0.036020504932257655
fluid,101,20,without_replacement,97,0.052792,0.05301519211483645
fluid,101,20,without_replacement,98,0.072626,0.07222947104323578
fluid,101,20,without_replacement,99,0.090602,0.09055426043210875
fluid,101,20,without_replacement,100,0.1054,0.10519354656422714
fluid,101,20,without_replacement,101,0.112365,0.11255048090035275
fluid,101,20,without_replacement,102,0.110826,0.11154713465290486
fluid,101,20,without_replacement,103,0.102236,0.10179109510398758
fluid,101,20,without_replacement,104,0.085742,0.08589597823652365
fluid,101,20,without_replacement,105,0.066645,0.06663466550244238
fluid,101,20,without_replacement,106,0.04796,0.04763673607218377
fluid,101,20,without_replacement,107,0.031014,0.031216818144117923
fluid,101,20,without_replacement,108,0.018685,0.018740835876974962
fluid,101,20,without_replacement,109,0.010432,0.010267493609119355
fluid,101,20,without_replacement,110,0.005078,0.005103223816013037
fluid,101,20,without_replacement,111,0.00224,0.0023002822576113505
fluid,101,20,without_replacement,112,0.0,0.0
fluid,101,20,without_replacement,113,0.00095,0.0009249680151136577
fluid,101,20,without_replacement,114,0.000318,0.0003345270060132014
fluid,101,20,without_replacement,115,0.0,0.0
fluid,101,20,without_replacement,116,0.000112,0.00010457975501902868
fluid,101,20,without_replacement,117,0.0,0.0
fluid,101,20,without_replacement,118,1.9e-05,2.912139405599036e-05
fluid,101,20,without_replacement,119,0.0,0.0
fluid,101,20,without_replacement,120,6e-06,6.537025457897909e-06
fluid,101,20,without_replacement,121,0.0,0.0
fluid,101,20,without_replacement,122,0.0,0.0
fluid,101,20,without_replacement,123,2e-06,1.3000060814404785e-06
fluid,101,20,without_replacement,124,0.0,0.0
fluid,101,20,without_replacement,125,0.0,0.0
fluid,101,20,without_replacement,126,0.0,0.0
fluid,101,20,without_replacement,127,0.0,0.0
fluid,101,20,without_replacement,128,0.0,1.8852677834435624e-07
fluid,101,20,without_replacement,129,0.0,0.0
fluid,101,20,without_replacement,130,0.0,0.0
fluid,101,20,without_replacement,131,0.0,0.0
fluid,101,20,without_replacement,132,0.0,0.0
fluid,101,20,without_replacement,133,0.0,0.0
fluid,101,20,without_replacement,134,0.0,0.0
fluid,101,20,without_replacement,135,0.0,0.0
fluid,101,20,without_replacement,136,0.0,0.0
fluid,101,20,without_replacement,137,0.0,0.0
fluid,101,20,without_replacement,138,0.0,0.0
fluid,101,20,without_replacement,139,0.0,0.0
fluid,101,20,without_replacement,140,0.0,0.0
fluid,101,20,without_replacement,141,0.0,0.0
fluid,101,20,without_replacement,142,0.0,0.0
fluid,101,20,without_replacement,143,0.0,0.0
fluid,101,20,without_replacement,144,0.0,0.0
fluid,101,20,without_replacement,145,0.0,0.0
fluid,101,20,without_replacement,146,0.0,0.0
fluid,101,20,without_replacement,147,0.0,0.0
fluid,101,20,without_replacement,148,0.0,0.0
fluid,101,20,without_replacement,149,0.0,0.0
fluid,101,20,without_replacement,150,0.0,0.0
fluid,101,20,without_replacement,151,0.0,0.0
fluid,101,20,without_replacement,152,0.0,0.0
fluid,101,20,without_replacement,153,0.0,0.0
fluid,101,20,without_replacement,154,0.0,0.0
fluid,101,20,without_replacement,155,0.0,0.0
fluid,101,20,without_replacement,156,0.0,0.0
fluid,101,20,without_replacement,157,0.0,0.0
fluid,101,20,without_replacement,158,0.0,0.0
fluid,101,20,without_replacement,159,0.0,0.0
fluid,101,20,without_replacement,160,0.0,0.0
fluid,101,25,with_replacement,40,0.0,0.0
fluid,101,25,with_replacement,41,0.0,0.0
fluid,101,25,with_replacement,42,0.0,0.0
fluid,101,25,with_replacement,43,0.0,0.0
fluid,101,25,with_replacement,44,0.0,0.0
fluid,101,25,with_replacement,45,0.0,0.0
fluid,101,25,with_replacement,46,0.0,0.0
fluid,101,25,with_replacement,47,0.0,0.0
fluid,101,25,with_replacement,48,0.0,0.0
fluid,101,25,with_replacement,49,0.0,0.0
fluid,101,25,with_replacement,50,0.0,0.0
fluid,101,25,with_replacement,51,0.0,0.0
fluid,101,25,with_replacement,52,0.0,0.0
fluid,101,25,with_replacement,53,0.0,0.0
fluid,101,25,with_replacement,54,0.0,0.0
fluid,101,25,with_replacement,55,0.0,0.0
fluid,101,25,with_replacement,56,0.0,0.0
fluid,101,25,with_replacement,57,0.0,0.0
fluid,101,25,with_replacement,58,0.0,0.0
fluid,101,25,with_replacement,59,0.0,0.0
fluid,101,25,with_replacement,60,0.0,0.0
fluid,101,25,with_replacement,61,0.0,0.0
fluid,101,25,with_replacement,62,0.0,0.0
fluid,101,25,with_replacement,63,0.0,0.0
fluid,101,25,with_replacement,64,0.0,0.0
fluid,101,25,with_replacement,65,0.0,0.0
fluid,101,25,with_replacement,66,0.0,0.0
fluid,101,25,with_replacement,67,0.0,0.0
fluid,101,25,with_replacement,68,0.0,6.989961921647974e-10
fluid,101,25,with_replacement,69,0.0,0.0
fluid,101,25,with_replacement,70,0.0,0.0
fluid,101,25,with_replacement,71,0.0,0.0
fluid,101,25,with_replacement,72,0.0,0.0
fluid,101,25,with_replacement,73,0.0,5.101733952880637e-09
fluid,101,25,with_replacement,74,0.0,0.0
fluid,101,25,with_replacement,75,0.0,2.0520144786530423e-08
fluid,101,25,with_replacement,76,0.0,0.0
fluid,101,25,with_replacement,77,0.0,0.0
fluid,101,25,with_replacement,78,0.0,1.0258954217088158e-07
fluid,101,25,with_replacement,79,0.0,0.0
fluid,101,25,with_replacement,80,0.0,3.389146073493098e-07
fluid,101,25,with_replacement,81,4e-06,1.2512788046570117e-06
fluid,101,25,with_replacement,82,0.0,0.0
fluid,101,25,with_replacement,83,0.0,3.5217700219923142e-06
fluid,101,25,with_replacement,84,1.4e-05,1.0540122872559816e-05
fluid,101,25,with_replacement,85,2.4e-05,2.588161983094136e-05
fluid,101,25,with_replacement,86,6.6e-05,6.580737319395065e-05
fluid,101,25,with_replacement,87,0.000132,0.00014329959013133664
fluid,101,25,with_replacement,88,0.000314,0.0003181670627419861
fluid,101,25,with_replacement,89,0.000643,0.00062157071649684
fluid,101,25,with_replacement,90,0.001261,0.001226473341963896
fluid,101,25,with_replacement,91,0.002142,0.00216777123786081
fluid,101,25,with_replacement,92,0.003834,0.003846700030012368
fluid,101,25,with_replacement,93,0.016139,0.016147348301771395
fluid,101,25,with_replacement,94,0.014739,0.01464899288702737
fluid,101,25,with_replacement,95,0.021494,0.021496040681826287
fluid,101,25,with_replacement,96,0.029078,0.028998180915632985
fluid,101,25,with_replacement,97,0.087228,0.08724658650054394
fluid,101,25,with_replacement,98,0.059589,0.05954999691870437
fluid,101,25,with_replacement,99,0.067634,0.06785497748706293
fluid,101,25,with_replacement,100,0.157759,0.15747895253600266
fluid,101,25,with_replacement,101,0.083908,0.08396122763945671
fluid,101,25,with_replacement,102,0.08034,0.08071840349327963
fluid,101,25,with_replacement,103,0.145101,0.14531933076830447
fluid,101,25,with_replacement,104,0.059921,0.05973628367795697
fluid,101,25,with_replacement,105,0.047781,0.047954322770016766
fluid,101,25,with_replacement,106,0.038723,0.03849837424203344
fluid,101,25,with_replacement,107,0.028166,0.028023215784413615
fluid,101,25,with_replacement,108,0.033784,0.03388510453807671
fluid,101,25,with_replacement,109,0.009034,0.008863619336256148
fluid,101,25,with_replacement,110,0.005135,0.005156455544874506
fluid,101,25,with_replacement,111,0.003012,0.0030586609426521555
fluid,101,25,with_replacement,112,0.0,0.0
fluid,101,25,with_replacement,113,0.001629,0.0015538127744952254
fluid,101,25,with_replacement,114,0.00079,0.0008173411411334854
fluid,101,25,with_replacement,115,0.000316,0.0003527517122943991
fluid,101,25,with_replacement,116,0.000178,0.00016188726221080314
fluid,101,25,with_replacement,117,0.0,0.0
fluid,101,25,with_replacement,118,5.8e-05,5.663688116468378e-05
fluid,101,25,with_replacement,119,0.0,0.0
fluid,101,25,with_replacement,120,2.1e-05,2.214433211480158e-05
fluid,101,25,with_replacement,121,0.0,0.0
fluid,101,25,with_replacement,122,5e-06,5.721242649354417e-06
fluid,101,25,with_replacement,123,0.0,0.0
fluid,101,25,with_replacement,124,0.0,0.0
fluid,101,25,with_replacement,125,4e-06,1.8372920927139066e-06
fluid,101,25,with_replacement,126,0.0,0.0
fluid,101,25,with_replacement,127,0.0,0.0
fluid,101,25,with_replacement,128,0.0,0.0
fluid,101,25,with_replacement,129,0.0,0.0
fluid,101,25,with_replacement,130,0.0,3.4042699464997977e-07
fluid,101,25,with_replacement,131,0.0,0.0
fluid,101,25,with_replacement,132,0.0,0.0
fluid,101,25,with_replacement,133,0.0,0.0
fluid,101,25,with_replacement,134,0.0,0.0
fluid,101,25,with_replacement,135,0.0,0.0
fluid,101,25,with_replacement,136,0.0,0.0
fluid,101,25,with_replacement,137,0.0,0.0
fluid,101,25,with_replacement,138,0.0,0.0
fluid,101,25,with_replacement,139,0.0,0.0
fluid,101,25,with_replacement,140,0.0,0.0
fluid,101,25,with_replacement,141,0.0,0.0
fluid,101,25,with_replacement,142,0.0,0.0
fluid,101,25,with_replacement,143,0.0,0.0
fluid,101,25,with_replacement,144,0.0,0.0
fluid,101,25,with_replacement,145,0.0,0.0
fluid,101,25,with_replacement,146,0.0,0.0
fluid,101,25,with_replacement,147,0.0,0.0
fluid,101,25,with_replacement,148,0.0,0.0
fluid,101,25,with_replacement,149,0.0,0.0
fluid,101,25,with_replacement,150,0.0,0.0
fluid,101,25,with_replacement,151,0.0,0.0
fluid,101,25,with_replacement,152,0.0,0.0
fluid,101,25,with_replacement,153,0.0,0.0
fluid,101,25,with_replacement,154,0.0,0.0
fluid,101,25,with_replacement,155,0.0,0.0
fluid,101,25,with_replacement,156,0.0,0.0
fluid,101,25,with_replacement,157,0.0,0.0
fluid,101,25,with_replacement,158,0.0,0.0
fluid,101,25,with_replacement,159,0.0,0.0
fluid,101,25,with_replacement,160,0.0,0.0
fluid,101,25,without_replacement,40,0.0,0.0
fluid,101,25,without_replacement,41,0.0,0.0
fluid,101,25,without_replacement,42,0.0,0.0
fluid,101,25,without_replacement,43,0.0,0.0
fluid,101,25,without_replacement,44,0.0,0.0
fluid,101,25,without_replacement,45,0.0,0.0
fluid,101,25,without_replacement,46,0.0,0.0
fluid,101,25,without_replacement,47,0.0,0.0
fluid,101,25,without_replacement,48,0.0,0.0
fluid,101,25,without_replacement,49,0.0,0.0
fluid,101,25,without_replacement,50,0.0,0.0
fluid,101,25,without_replacement,51,0.0,0.0
fluid,101,25,without_replacement,52,0.0,0.0
fluid,101,25,without_replacement,53,0.0,0.0
fluid,101,25,without_replacement,54,0.0,0.0
fluid,101,25,without_replacement,55,0.0,0.0
fluid,101,25,without_replacement,56,0.0,0.0
fluid,101,25,without_replacement,57,0.0,0.0
fluid,101,25,without_replacement,58,0.0,0.0
fluid,101,25,without_replacement,59,0.0,0.0
fluid,101,25,without_replacement,60,0.0,0.0
fluid,101,25,without_replacement,61,0.0,0.0
fluid,101,25,without_replacement,62,0.0,0.0
fluid,101,25,without_replacement,63,0.0,0.0
fluid,101,25,without_replacement,64,0.0,0.0
fluid,101,25,without_replacement,65,0.0,0.0
fluid,101,25,without_replacement,66,0.0,0.0
fluid,101,25,without_replacement,67,0.0,0.0
fluid,101,25,without_replacement,68,0.0,9.631046553960411e-17
fluid,101,25,without_replacement,69,0.0,0.0
fluid,101,25,without_replacement,70,0.0,0.0
fluid,101,25,without_replacement,71,0.0,0.0
fluid,101,25,without_replacement,72,0.0,0.0
fluid,101,25,without_replacement,73,0.0,5.220027232246543e-15
fluid,101,25,without_replacement,74,0.0,0.0
fluid,101,25,without_replacement,75,0.0,1.2481836333932693e-13
fluid,101,25,without_replacement,76,0.0,0.0
fluid,101,25,without_replacement,77,0.0,0.0
fluid,101,25,without_replacement,78,0.0,2.057962027650261e-12
fluid,101,25,without_replacement,79,0.0,0.0
fluid,101,25,without_replacement,80,0.0,2.46509718483514e-11
fluid,101,25,without_replacement,81,0.0,2.369092986575952e-10
fluid,101,25,without_replacement,82,0.0,0.0
fluid,101,25,without_replacement,83,0.0,1.8533586107388496e-09
fluid,101,25,without_replacement,84,0.0,1.2330545305551426e-08
fluid,101,25,without_replacement,85,0.0,7.020796765313543e-08
fluid,101,25,without_replacement,86,2e-06,3.506549052904438e-07
fluid,101,25,without_replacement,87,0.0,1.5412728414150546e-06
fluid,101,25,without_replacement,88,3e-06,6.056755394021471e-06
fluid,101,25,without_replacement,89,1.8e-05,2.1317604031044857e-05
fluid,101,25,without_replacement,90,6.6e-05,6.793839119856977e-05
fluid,101,25,without_replacement,91,0.000195,0.0001962388274503585
fluid,101,25,without_replacement,92,0.000535,0.0005178331077947115
fluid,101,25,without_replacement,93,0.004,0.004017964183173876
fluid,101,25,without_replacement,94,0.005742,0.005645310820718199
fluid,101,25,without_replacement,95,0.010597,0.01062956036011945
fluid,101,25,without_replacement,96,0.018529,0.01848172011222861
fluid,101,25,without_replacement,97,0.074163,0.07420111853055367
fluid,101,25,without_replacement,98,0.061496,0.061551548356501076
fluid,101,25,without_replacement,99,0.079026,0.07914001292436364
fluid,101,25,without_replacement,100,0.200223,0.19961814585207197
fluid,101,25,without_replacement,101,0.108363,0.10843908963432836
fluid,101,25,without_replacement,102,0.103955,0.10403478351310502
fluid,101,25,without_replacement,103,0.169261,0.1695389198422798
fluid,101,25,without_replacement,104,0.059142,0.058985289681442794
fluid,101,25,without_replacement,105,0.041677,0.042011918179337
fluid,101,25,without_replacement,106,0.027902,0.027688743269179247
fluid,101,25,without_replacement,107,0.016905,0.016877309306467747
fluid,101,25,without_replacement,108,0.014304,0.014386699447303156
fluid,101,25,without_replacement,109,0.002323,0.002325882578393336
fluid,101,25,without_replacement,110,0.000979,0.0010101834290415334
fluid,101,25,without_replacement,111,0.000403,0.00039837206405707087
fluid,101,25,without_replacement,112,0.0,0.0
fluid,101,25,without_replacement,113,0.000124,0.00014276765563097223
fluid,101,25,without_replacement,114,4.8e-05,4.583993082302011e-05
fluid,101,25,without_replacement,115,1.4e-05,1.3212378024031777e-05
fluid,101,25,without_replacement,116,5e-06,3.3395970787289353e-06
fluid,101,25,without_replacement,117,0.0,0.0
fluid,101,25,without_replacement,118,0.0,7.425555272029616e-07
fluid,101,25,without_replacement,119,0.0,0.0
fluid,101,25,without_replacement,120,0.0,1.3940876177484743e-07
fluid,101,25,without_replacement,121,0.0,0.0
fluid,101,25,without_replacement,122,0.0,2.2117655071460592e-08
fluid,101,25,without_replacement,123,0.0,0.0
fluid,101,25,without_replacement,124,0.0,0.0
fluid,101,25,without_replacement,125,0.0,2.7351603981500883e-09
fluid,101,25,without_replacement,126,0.0,0.0
fluid,101,25,without_replacement,127,0.0,0.0
fluid,101,25,without_replacement,128,0.0,0.0
fluid,101,25,without_replacement,129,0.0,0.0
fluid,101,25,without_replacement,130,0.0,2.6743790559689754e-10
fluid,101,25,without_replacement,131,0.0,0.0
fluid,101,25,without_replacement,132,0.0,0.0
fluid,101,25,without_replacement,133,0.0,0.0
fluid,101,25,without_replacement,134,0.0,0.0
fluid,101,25,without_replacement,135,0.0,0.0
fluid,101,25,without_replacement,136,0.0,0.0
fluid,101,25,without_replacement,137,0.0,0.0
fluid,101,25,without_replacement,138,0.0,0.0
fluid,101,25,without_replacement,139,0.0,0.0
fluid,101,25,without_replacement,140,0.0,0.0
fluid,101,25,without_replacement,141,0.0,0.0
fluid,101,25,without_replacement,142,0.0,0.0
fluid,101,25,without_replacement,143,0.0,0.0
fluid,101,25,without_replacement,144,0.0,0.0
fluid,101,25,without_replacement,145,0.0,0.0
fluid,101,25,without_replacement,146,0.0,0.0
fluid,101,25,without_replacement,147,0.0,0.0
fluid,101,25,without_replacement,148,0.0,0.0
fluid,101,25,without_replacement,149,0.0,0.0
fluid,101,25,without_replacement,150,0.0,0.0
fluid,101,25,without_replacement,151,0.0,0.0
fluid,101,25,without_replacement,152,0.0,0.0
fluid,101,25,without_replacement,153,0.0,0.0
fluid,101,25,without_replacement,154,0.0,0.0
fluid,101,25,without_replacement,155,0.0,0.0
fluid,101,25,without_replacement,156,0.0,0.0
fluid,101,25,without_replacement,157,0.0,0.0
fluid,101,25,without_replacement,158,0.0,0.0
fluid,101,25,without_replacement,159,0.0,0.0
fluid,101,25,without_replacement,160,0.0,0.0
fluid,101,30,with_replacement,40,0.0,0.0
fluid,101,30,with_replacement,41,0.0,0.0
fluid,101,30,with_replacement,42,0.0,0.0
fluid,101,30,with_replacement,43,0.0,0.0
fluid,101,30,with_replacement,44,0.0,0.0
fluid,101,30,with_replacement,45,0.0,0.0
fluid,101,30,with_replacement,46,0.0,0.0
fluid,101,30,with_replacement,47,0.0,0.0
fluid,101,30,with_replacement,48,0.0,0.0
fluid,101,30,with_replacement,49,0.0,0.0
fluid,101,30,with_replacement,50,0.0,0.0
fluid,101,30,with_replacement,51,0.0,0.0
fluid,101,30,with_replacement,52,0.0,0.0
fluid,101,30,with_replacement,53,0.0,0.0
fluid,101,30,with_replacement,54,0.0,0.0
fluid,101,30,with_replacement,55,0.0,0.0
fluid,101,30,with_replacement,56,0.0,0.0
fluid,101,30,with_replacement,57,0.0,0.0
fluid,101,30,with_replacement,58,0.0,0.0
fluid,101,30,with_replacement,59,0.0,0.0
fluid,101,30,with_replacement,60,0.0,0.0
fluid,101,30,with_replacement,61,0.0,0.0
fluid,101,30,with_replacement,62,0.0,0.0
fluid,101,30,with_replacement,63,0.0,0.0
fluid,101,30,with_replacement,64,0.0,0.0
fluid,101,30,with_replacement,65,0.0,0.0
fluid,101,30,with_replacement,66,0.0,0.0
fluid,101,30,with_replacement,67,0.0,8.358680908399659e-12
fluid,101,30,with_replacement,68,0.0,0.0
fluid,101,30,with_replacement,69,0.0,0.0
fluid,101,30,with_replacement,70,0.0,0.0
fluid,101,30,with_replacement,71,0.0,6.644310650247252e-11
fluid,101,30,with_replacement,72,0.0,0.0
fluid,101,30,with_replacement,73,0.0,0.0
fluid,101,30,with_replacement,74,0.0,3.1224123416504127e-10
fluid,101,30,with_replacement,75,0.0,0.0
fluid,101,30,with_replacement,76,0.0,1.6835132510804767e-09
fluid,101,30,with_replacement,77,0.0,0.0
fluid,101,30,with_replacement,78,0.0,6.421558195084125e-09
fluid,101,30,with_replacement,79,0.0,0.0
fluid,101,30,with_replacement,80,0.0,2.5869956793480932e-08
fluid,101,30,with_replacement,81,0.0,8.364971153473871e-08
fluid,101,30,with_replacement,82,0.0,2.7565637759782316e-07
fluid,101,30,with_replacement,83,0.0,7.766605443858152e-07
fluid,101,30,with_replacement,84,6e-06,2.1912809910341675e-06
fluid,101,30,with_replacement,85,1e-05,5.48116825673254e-06
fluid,101,30,with_replacement,86,1.1e-05,1.3601376807265685e-05
fluid,101,30,with_replacement,87,3.3e-05,3.060903363663639e-05
fluid,101,30,with_replacement,88,5.9e-05,6.797802544144448e-05
fluid,101,30,with_replacement,89,0.000398,0.00041857307144652783
fluid,101,30,with_replacement,90,0.000496,0.0005231836652955739
fluid,101,30,with_replacement,91,0.000908,0.000961484406218798
fluid,101,30,with_replacement,92,0.004509,0.004453671080265271
fluid,101,30,with_replacement,93,0.004342,0.004453460559293406
fluid,101,30,with_replacement,94,0.017147,0.01720774123724378
fluid,101,30,with_replacement,95,0.015001,0.014837147416352994
fluid,101,30,with_replacement,96,0.047758,0.04770212885765674
fluid,101,30,with_replacement,97,0.0351,0.03491971788502867
fluid,101,30,with_replacement,98,0.095781,0.09563175036506885
fluid,101,30,with_replacement,99,0.127417,0.12764631307911395
fluid,101,30,with_replacement,100,0.072689,0.07287287193660866
fluid,101,30,with_replacement,101,0.151481,0.1513861090721273
fluid,101,30,with_replacement,102,0.073354,0.07317123945573331
fluid,101,30,with_replacement,103,0.130043,0.1304375287981134
fluid,101,30,with_replacement,104,0.053909,0.05385085149436285
fluid,101,30,with_replacement,105,0.080854,0.08073820846523427
fluid,101,30,with_replacement,106,0.027577,0.02764970561481147
fluid,101,30,with_replacement,107,0.035139,0.03531213323263482
fluid,101,30,with_replacement,108,0.010109,0.010060524796753506
fluid,101,30,with_replacement,109,0.006455,0.0064600135383014595
fluid,101,30,with_replacement,110,0.004163,0.004081086307805381
fluid,101,30,with_replacement,111,0.003803,0.003735956010838691
fluid,101,30,with_replacement,112,0.000726,0.0007091395774440649
fluid,101,30,with_replacement,113,0.000415,0.0003661905341238871
fluid,101,30,with_replacement,114,0.000164,0.00016764505105885483
fluid,101,30,with_replacement,115,9.9e-05,7.685603783431463e-05
fluid,101,30,with_replacement,116,0.0,0.0
fluid,101,30,with_replacement,117,2.8e-05,3.012484676387237e-05
fluid,101,30,with_replacement,118,1e-05,1.2033904324895602e-05
fluid,101,30,with_replacement,119,0.0,0.0
fluid,101,30,with_replacement,120,3e-06,3.858350930888532e-06
fluid,101,30,with_replacement,121,3e-06,1.3065567991588627e-06
fluid,101,30,with_replacement,122,0.0,0.0
fluid,101,30,with_replacement,123,0.0,3.1300585555341064e-07
fluid,101,30,with_replacement,124,0.0,0.0
fluid,101,30,with_replacement,125,0.0,0.0
fluid,101,30,with_replacement,126,0.0,8.603250904884253e-08
fluid,101,30,with_replacement,127,0.0,0.0
fluid,101,30,with_replacement,128,0.0,0.0
fluid,101,30,with_replacement,129,0.0,0.0
fluid,101,30,with_replacement,130,0.0,0.0
fluid,101,30,with_replacement,131,0.0,1.4542202388102352e-08
fluid,101,30,with_replacement,132,0.0,0.0
fluid,101,30,with_replacement,133,0.0,0.0
fluid,101,30,with_replacement,134,0.0,0.0
fluid,101,30,with_replacement,135,0.0,0.0
fluid,101,30,with_replacement,136,0.0,0.0
fluid,101,30,with_replacement,137,0.0,0.0
fluid,101,30,with_replacement,138,0.0,0.0
fluid,101,30,with_replacement,139,0.0,0.0
fluid,101,30,with_replacement,140,0.0,0.0
fluid,101,30,with_replacement,141,0.0,0.0
fluid,101,30,with_replacement,142,0.0,0.0
fluid,101,30,with_replacement,143,0.0,0.0
fluid,101,30,with_replacement,144,0.0,0.0
fluid,101,30,with_replacement,145,0.0,0.0
fluid,101,30,with_replacement,146,0.0,0.0
fluid,101,30,with_replacement,147,0.0,0.0
fluid,101,30,with_replacement,148,0.0,0.0
fluid,101,30,with_replacement,149,0.0,0.0
fluid,101,30,with_replacement,150,0.0,0.0
fluid,101,30,with_replacement,151,0.0,0.0
fluid,101,30,with_replacement,152,0.0,0.0
fluid,101,30,with_replacement,153,0.0,0.0
fluid,101,30,with_replacement,154,0.0,0.0
fluid,101,30,with_replacement,155,0.0,0.0
fluid,101,30,with_replacement,156,0.0,0.0
fluid,101,30,with_replacement,157,0.0,0.0
fluid,101,30,with_replacement,158,0.0,0.0
fluid,101,30,with_replacement,159,0.0,0.0
fluid,101,30,with_replacement,160,0.0,0.0
fluid,101,30,without_replacement,40,0.0,0.0
fluid,101,30,without_replacement,41,0.0,0.0
fluid,101,30,without_replacement,42,0.0,0.0
fluid,101,30,without_replacement,43,0.0,0.0
fluid,101,30,without_replacement,44,0.0,0.0
fluid,101,30,without_replacement,45,0.0,0.0
fluid,101,30,without_replacement,46,0.0,0.0
fluid,101,30,without_replacement,47,0.0,0.0
fluid,101,30,without_replacement,48,0.0,0.0
fluid,101,30,without_replacement,49,0.0,0.0
fluid,101,30,without_replacement,50,0.0,0.0
fluid,101,30,without_replacement,51,0.0,0.0
fluid,101,30,without_replacement,52,0.0,0.0
fluid,101,30,without_replacement,53,0.0,0.0
fluid,101,30,without_replacement,54,0.0,0.0
fluid,101,30,without_replacement,55,0.0,0.0
fluid,101,30,without_replacement,56,0.0,0.0
fluid,101,30,without_replacement,57,0.0,0.0
fluid,101,30,without_replacement,58,0.0,0.0
fluid,101,30,without_replacement,59,0.0,0.0
fluid,101,30,without_replacement,60,0.0,0.0
fluid,101,30,without_replacement,61,0.0,0.0
fluid,101,30,without_replacement,62,0.0,0.0
fluid,101,30,without_replacement,63,0.0,0.0
fluid,101,30,without_replacement,64,0.0,0.0
fluid,101,30,without_replacement,65,0.0,0.0
fluid,101,30,without_replacement,66,0.0,0.0
fluid,101,30,without_replacement,67,0.0,0.0
fluid,101,30,without_replacement,68,0.0,0.0
fluid,101,30,without_replacement,69,0.0,0.0
fluid,101,30,without_replacement,70,0.0,0.0
fluid,101,30,without_replacement,71,0.0,0.0
fluid,101,30,without_replacement,72,0.0,0.0
fluid,101,30,without_replacement,73,0.0,0.0
fluid,101,30,without_replacement,74,0.0,0.0
fluid,101,30,without_replacement,75,0.0,0.0
fluid,101,30,without_replacement,76,0.0,0.0
fluid,101,30,without_replacement,77,0.0,0.0
fluid,101,30,without_replacement,78,0.0,0.0
fluid,101,30,without_replacement,79,0.0,0.0
fluid,101,30,without_replacement,80,0.0,0.0
fluid,101,30,without_replacement,81,0.0,2.621241253282434e-16
fluid,101,30,without_replacement,82,0.0,1.9659309399618254e-14
fluid,101,30,without_replacement,83,0.0,4.744446668441205e-13
fluid,101,30,without_replacement,84,0.0,7.221519652793105e-12
fluid,101,30,without_replacement,85,0.0,8.15271560802169e-11
fluid,101,30,without_replacement,86,0.0,7.18191531869726e-10
fluid,101,30,without_replacement,87,0.0,5.250880963540385e-09
fluid,101,30,without_replacement,88,0.0,3.225601976114741e-08
fluid,101,30,without_replacement,89,3e-06,9.71170821697014e-07
fluid,101,30,without_replacement,90,0.0,3.3023194176678064e-06
fluid,101,30,without_replacement,91,9e-06,1.2158307840554906e-05
fluid,101,30,without_replacement,92,0.000152,0.0001617317460236381
fluid,101,30,without_replacement,93,0.000328,0.0003322270743303757
fluid,101,30,without_replacement,94,0.002716,0.002735367622404897
fluid,101,30,without_replacement,95,0.003937,0.004017662572572361
fluid,101,30,without_replacement,96,0.021993,0.02188123709679649
fluid,101,30,without_replacement,97,0.023302,0.023419407019347114
fluid,101,30,without_replacement,98,0.088233,0.08799517596904008
fluid,101,30,without_replacement,99,0.155261,0.1546727837392236
fluid,101,30,without_replacement,100,0.098879,0.09873477529475841
fluid,101,30,without_replacement,101,0.211578,0.21206632350617566
fluid,101,30,without_replacement,102,0.09873,0.09873477529475841
fluid,101,30,without_replacement,103,0.154026,0.1546727837392236
fluid,101,30,without_replacement,104,0.051826,0.0518417597229063
fluid,101,30,without_replacement,105,0.059558,0.059572823265480905
fluid,101,30,without_replacement,106,0.01423,0.014060274694663174
fluid,101,30,without_replacement,107,0.011931,0.011838624974705676
fluid,101,30,without_replacement,108,0.00189,0.0019051734613972546
fluid,101,30,without_replacement,109,0.000888,0.0008301941610076424
fluid,101,30,without_replacement,110,0.000367,0.00033222707433037567
fluid,101,30,without_replacement,111,0.000143,0.00016173174602363813
fluid,101,30,without_replacement,112,1.8e-05,1.2158307840554908e-05
fluid,101,30,without_replacement,113,2e-06,3.3023194176678064e-06
fluid,101,30,without_replacement,114,0.0,7.99212193366295e-07
fluid,101,30,without_replacement,115,0.0,1.7195862833071894e-07
fluid,101,30,without_replacement,116,0.0,0.0
fluid,101,30,without_replacement,117,0.0,3.225601976114742e-08
fluid,101,30,without_replacement,118,0.0,5.250880963540385e-09
fluid,101,30,without_replacement,119,0.0,0.0
fluid,101,30,without_replacement,120,0.0,7.181915318697261e-10
fluid,101,30,without_replacement,121,0.0,8.15271560802169e-11
fluid,101,30,without_replacement,122,0.0,0.0
fluid,101,30,without_replacement,123,0.0,7.221519652793105e-12
fluid,101,30,without_replacement,124,0.0,0.0
fluid,101,30,without_replacement,125,0.0,0.0
fluid,101,30,without_replacement,126,0.0,4.744446668441205e-13
fluid,101,30,without_replacement,127,0.0,0.0
fluid,101,30,without_replacement,128,0.0,0.0
fluid,101,30,without_replacement,129,0.0,0.0
fluid,101,30,without_replacement,130,0.0,0.0
fluid,101,30,without_replacement,131,0.0,1.9921433524946498e-14
fluid,101,30,without_replacement,132,0.0,0.0
fluid,101,30,without_replacement,133,0.0,0.0
fluid,101,30,without_replacement,134,0.0,0.0
fluid,101,30,without_replacement,135,0.0,0.0
fluid,101,30,without_replacement,136,0.0,0.0
fluid,101,30,without_replacement,137,0.0,0.0
fluid,101,30,without_replacement,138,0.0,0.0
fluid,101,30,without_replacement,139,0.0,0.0
fluid,101,30,without_replacement,140,0.0,0.0
fluid,101,30,without_replacement,141,0.0,0.0
fluid,101,30,without_replacement,142,0.0,0.0
fluid,101,30,without_replacement,143,0.0,0.0
fluid,101,30,without_replacement,144,0.0,0.0
fluid,101,30,without_replacement,145,0.0,0.0
fluid,101,30,without_replacement,146,0.0,0.0
fluid,101,30,without_replacement,147,0.0,0.0
fluid,101,30,without_replacement,148,0.0,0.0
fluid,101,30,without_replacement,149,0.0,0.0
fluid,101,30,without_replacement,150,0.0,0.0
fluid,101,30,without_replacement,151,0.0,0.0
fluid,101,30,without_replacement,152,0.0,0.0
fluid,101,30,without_replacement,153,0.0,0.0
fluid,101,30,without_replacement,154,0.0,0.0
fluid,101,30,without_replacement,155,0.0,0.0
fluid,101,30,without_replacement,156,0.0,0.0
fluid,101,30,without_replacement,157,0.0,0.0
fluid,101,30,without_replacement,158,0.0,0.0
fluid,101,30,without_replacement,159,0.0,0.0
fluid,101,30,without_replacement,160,0.0,0.0
fluid,101,35,with_replacement,40,0.0,0.0
fluid,101,35,with_replacement,41,0.0,0.0
fluid,101,35,with_replacement,42,0.0,0.0
fluid,101,35,with_replacement,43,0.0,0.0
fluid,101,35,with_replacement,44,0.0,0.0
fluid,101,35,with_replacement,45,0.0,0.0
fluid,101,35,with_replacement,46,0.0,0.0
fluid,101,35,with_replacement,47,0.0,0.0
fluid,101,35,with_replacement,48,0.0,0.0
fluid,101,35,with_replacement,49,0.0,0.0
fluid,101,35,with_replacement,50,0.0,0.0
fluid,101,35,with_replacement,51,0.0,0.0
fluid,101,35,with_replacement,52,0.0,0.0
fluid,101,35,with_replacement,53,0.0,0.0
fluid,101,35,with_replacement,54,0.0,0.0
fluid,101,35,with_replacement,55,0.0,0.0
fluid,101,35,with_replacement,56,0.0,0.0
fluid,101,35,with_replacement,57,0.0,0.0
fluid,101,35,with_replacement,58,0.0,0.0
fluid,101,35,with_replacement,59,0.0,0.0
fluid,101,35,with_replacement,60,0.0,0.0
fluid,101,35,with_replacement,61,0.0,0.0
fluid,101,35,with_replacement,62,0.0,0.0
fluid,101,35,with_replacement,63,0.0,0.0
fluid,101,35,with_replacement,64,0.0,0.0
fluid,101,35,with_replacement,65,0.0,0.0
fluid,101,35,with_replacement,66,0.0,9.789072188448593e-14
fluid,101,35,with_replacement,67,0.0,0.0
fluid,101,35,with_replacement,68,0.0,0.0
fluid,101,35,with_replacement,69,0.0,0.0
fluid,101,35,with_replacement,70,0.0,8.386094819731341e-13
fluid,101,35,with_replacement,71,0.0,0.0
fluid,101,35,with_replacement,72,0.0,0.0
fluid,101,35,with_replacement,73,0.0,4.479249498185109e-12
fluid,101,35,with_replacement,74,0.0,0.0
fluid,101,35,with_replacement,75,0.0,2.587988237196837e-11
fluid,101,35,with_replacement,76,0.0,0.0
fluid,101,35,with_replacement,77,0.0,1.1095652479488116e-10
fluid,101,35,with_replacement,78,0.0,4.832897086963911e-10
fluid,101,35,with_replacement,79,0.0,0.0
fluid,101,35,with_replacement,80,0.0,1.7479428882301347e-09
fluid,101,35,with_replacement,81,0.0,6.26853534586388e-09
fluid,101,35,with_replacement,82,0.0,1.9722151538912535e-08
fluid,101,35,with_replacement,83,0.0,6.088335264503732e-08
fluid,101,35,with_replacement,84,0.0,1.7009472591179163e-07
fluid,101,35,with_replacement,85,1e-06,1.63225791440693e-06
fluid,101,35,with_replacement,86,3e-06,2.865808563178674e-06
fluid,101,35,with_replacement,87,1e-05,6.56967828325606e-06
fluid,101,35,with_replacement,88,4.6e-05,4.5535906525079724e-05
fluid,101,35,with_replacement,89,7.4e-05,6.326453472227481e-05
fluid,101,35,with_replacement,90,0.000349,0.0003559828334656848
fluid,101,35,with_replacement,91,0.000434,0.00042055913450587224
fluid,101,35,with_replacement,92,0.002022,0.0019840491598743454
fluid,101,35,with_replacement,93,0.005084,0.005249239678870924
fluid,101,35,with_replacement,94,0.012153,0.012169536957314188
fluid,101,35,with_replacement,95,0.01046,0.010417837485422809
fluid,101,35,with_replacement,96,0.033828,0.03384780130606964
fluid,101,35,with_replacement,97,0.057723,0.05731211111243941
fluid,101,35,with_replacement,98,0.086039,0.08591875308997952
fluid,101,35,with_replacement,99,0.11394,0.11414835315989745
fluid,101,35,with_replacement,100,0.134273,0.13442177658046942
fluid,101,35,with_replacement,101,0.139962,0.1402273223027606
fluid,101,35,with_replacement,102,0.067342,0.0669148006190909
fluid,101,35,with_replacement,103,0.11855,0.1186645700649496
fluid,101,35,with_replacement,104,0.091135,0.09072095191821844
fluid,101,35,with_replacement,105,0.06063,0.0609086277545497
fluid,101,35,with_replacement,106,0.020373,0.02060553120298834
fluid,101,35,with_replacement,107,0.025928,0.025961326473624386
fluid,101,35,with_replacement,108,0.007424,0.00738535147317935
fluid,101,35,with_replacement,109,0.007902,0.007997850712195017
fluid,101,35,with_replacement,110,0.001934,0.0018975398202595456
fluid,101,35,with_replacement,111,0.001708,0.0017164710082982785
fluid,101,35,with_replacement,112,0.000336,0.00032570150109381365
fluid,101,35,with_replacement,113,0.000171,0.00016712875636303023
fluid,101,35,with_replacement,114,9e-05,7.912280929312041e-05
fluid,101,35,with_replacement,115,5.9e-05,3.658136128602305e-05
fluid,101,35,with_replacement,116,1e-05,1.530615287445425e-05
fluid,101,35,with_replacement,117,4e-06,6.283885836685496e-06
fluid,101,35,with_replacement,118,2e-06,2.2632884021297774e-06
fluid,101,35,with_replacement,119,0.0,8.082964265623953e-07
fluid,101,35,with_replacement,120,0.0,0.0
fluid,101,35,with_replacement,121,1e-06,2.396991034683414e-07
fluid,101,35,with_replacement,122,0.0,7.221481680577808e-08
fluid,101,35,with_replacement,123,0.0,0.0
fluid,101,35,with_replacement,124,0.0,0.0
fluid,101,35,with_replacement,125,0.0,1.614431867705017e-08
fluid,101,35,with_replacement,126,0.0,0.0
fluid,101,35,with_replacement,127,0.0,3.904133759551786e-09
fluid,101,35,with_replacement,128,0.0,0.0
fluid,101,35,with_replacement,129,0.0,0.0
fluid,101,35,with_replacement,130,0.0,0.0
fluid,101,35,with_replacement,131,0.0,0.0
fluid,101,35,with_replacement,132,0.0,6.093559376389604e-10
fluid,101,35,with_replacement,133,0.0,0.0
fluid,101,35,with_replacement,134,0.0,0.0
fluid,101,35,with_replacement,135,0.0,0.0
fluid,101,35,with_replacement,136,0.0,0.0
fluid,101,35,with_replacement,137,0.0,0.0
fluid,101,35,with_replacement,138,0.0,0.0
fluid,101,35,with_replacement,139,0.0,0.0
fluid,101,35,with_replacement,140,0.0,0.0
fluid,101,35,with_replacement,141,0.0,0.0
fluid,101,35,with_replacement,142,0.0,0.0
fluid,101,35,with_replacement,143,0.0,0.0
fluid,101,35,with_replacement,144,0.0,0.0
fluid,101,35,with_replacement,145,0.0,0.0
fluid,101,35,with_replacement,146,0.0,0.0
fluid,101,35,with_replacement,147,0.0,0.0
fluid,101,35,with_replacement,148,0.0,0.0
fluid,101,35,with_replacement,149,0.0,0.0
fluid,101,35,with_replacement,150,0.0,0.0
fluid,101,35,with_replacement,151,0.0,0.0
fluid,101,35,with_replacement,152,0.0,0.0
fluid,101,35,with_replacement,153,0.0,0.0
fluid,101,35,with_replacement,154,0.0,0.0
fluid,101,35,with_replacement,155,0.0,0.0
fluid,101,35,with_replacement,156,0.0,0.0
fluid,101,35,with_replacement,157,0.0,0.0
fluid,101,35,with_replacement,158,0.0,0.0
fluid,101,35,with_replacement,159,0.0,0.0
fluid,101,35,with_replacement,160,0.0,0.0
fluid,101,35,without_replacement,40,0.0,0.0
fluid,101,35,without_replacement,41,0.0,0.0
fluid,101,35,without_replacement,42,0.0,0.0
fluid,101,35,without_replacement,43,0.0,0.0
fluid,101,35,without_replacement,44,0.0,0.0
fluid,101,35,without_replacement,45,0.0,0.0
fluid,101,35,without_replacement,46,0.0,0.0
fluid,101,35,without_replacement,47,0.0,0.0
fluid,101,35,without_replacement,48,0.0,0.0
fluid,101,35,without_replacement,49,0.0,0.0
fluid,101,35,without_replacement,50,0.0,0.0
fluid,101,35,without_replacement,51,0.0,0.0
fluid,101,35,without_replacement,52,0.0,0.0
fluid,101,35,without_replacement,53,0.0,0.0
fluid,101,35,without_replacement,54,0.0,0.0
fluid,101,35,without_replacement,55,0.0,0.0
fluid,101,35,without_replacement,56,0.0,0.0
fluid,101,35,without_replacement,57,0.0,0.0
fluid,101,35,without_replacement,58,0.0,0.0
fluid,101,35,without_replacement,59,0.0,0.0
fluid,101,35,without_replacement,60,0.0,0.0
fluid,101,35,without_replacement,61,0.0,0.0
fluid,101,35,without_replacement,62,0.0,0.0
fluid,101,35,without_replacement,63,0.0,0.0
fluid,101,35,without_replacement,64,0.0,0.0
fluid,101,35,without_replacement,65,0.0,0.0
fluid,101,35,without_replacement,66,0.0,0.0
fluid,101,35,without_replacement,67,0.0,0.0
fluid,101,35,without_replacement,68,0.0,0.0
fluid,101,35,without_replacement,69,0.0,0.0
fluid,101,35,without_replacement,70,0.0,0.0
fluid,101,35,without_replacement,71,0.0,0.0
fluid,101,35,without_replacement,72,0.0,0.0
fluid,101,35,without_replacement,73,0.0,0.0
fluid,101,35,without_replacement,74,0.0,0.0
fluid,101,35,without_replacement,75,0.0,0.0
fluid,101,35,without_replacement,76,0.0,0.0
fluid,101,35,without_replacement,77,0.0,0.0
fluid,101,35,without_replacement,78,0.0,0.0
fluid,101,35,without_replacement,79,0.0,0.0
fluid,101,35,without_replacement,80,0.0,0.0
fluid,101,35,without_replacement,81,0.0,0.0
fluid,101,35,without_replacement,82,0.0,0.0
fluid,101,35,without_replacement,83,0.0,0.0
fluid,101,35,without_replacement,84,0.0,0.0
fluid,101,35,without_replacement,85,0.0,0.0
fluid,101,35,without_replacement,86,0.0,0.0
fluid,101,35,without_replacement,87,0.0,0.0
fluid,101,35,without_replacement,88,0.0,1.4182313175593053e-11
fluid,101,35,without_replacement,89,0.0,2.532555924213045e-10
fluid,101,35,without_replacement,90,0.0,2.485281546961068e-08
fluid,101,35,without_replacement,91,1e-06,1.394087617748474e-07
fluid,101,35,without_replacement,92,3e-06,4.082152605931897e-06
fluid,101,35,without_replacement,93,5.7e-05,5.9052308847051886e-05
fluid,101,35,without_replacement,94,0.000578,0.000541139719688043
fluid,101,35,without_replacement,95,0.001028,0.0010101834290415336
fluid,101,35,without_replacement,96,0.007264,0.0072321479377941795
fluid,101,35,without_replacement,97,0.026425,0.026357743394370057
fluid,101,35,without_replacement,98,0.069672,0.06970066144851624
fluid,101,35,without_replacement,99,0.135884,0.1357738765426428
fluid,101,35,without_replacement,100,0.197184,0.19678511649418484
fluid,101,35,without_replacement,101,0.212933,0.2134681762666329
fluid,101,35,without_replacement,102,0.094052,0.09458905921976739
fluid,101,35,without_replacement,103,0.140804,0.14069156128086474
fluid,101,35,without_replacement,104,0.074401,0.07420111853055367
fluid,101,35,without_replacement,105,0.029266,0.029111280472348053
fluid,101,35,without_replacement,106,0.005649,0.005645310820718199
fluid,101,35,without_replacement,107,0.003973,0.004017964183173877
fluid,101,35,without_replacement,108,0.000535,0.0005178331077947114
fluid,101,35,without_replacement,109,0.000255,0.00026417721864892827
fluid,101,35,without_replacement,110,2.8e-05,2.1317604031044857e-05
fluid,101,35,without_replacement,111,8e-06,7.598028235436526e-06
fluid,101,35,without_replacement,112,0.0,3.506549052904438e-07
fluid,101,35,without_replacement,113,0.0,7.020796765313543e-08
fluid,101,35,without_replacement,114,0.0,1.2330545305551426e-08
fluid,101,35,without_replacement,115,0.0,1.8533586107388496e-09
fluid,101,35,without_replacement,116,0.0,2.369092986575952e-10
fluid,101,35,without_replacement,117,0.0,2.46509718483514e-11
fluid,101,35,without_replacement,118,0.0,2.0579620276502606e-12
fluid,101,35,without_replacement,119,0.0,1.2481836333932693e-13
fluid,101,35,without_replacement,120,0.0,0.0
fluid,101,35,without_replacement,121,0.0,5.220027232246543e-15
fluid,101,35,without_replacement,122,0.0,9.631046553960411e-17
fluid,101,35,without_replacement,123,0.0,0.0
fluid,101,35,without_replacement,124,0.0,0.0
fluid,101,35,without_replacement,125,0.0,0.0
fluid,101,35,without_replacement,126,0.0,0.0
fluid,101,35,without_replacement,127,0.0,0.0
fluid,101,35,without_replacement,128,0.0,0.0
fluid,101,35,without_replacement,129,0.0,0.0
fluid,101,35,without_replacement,130,0.0,0.0
fluid,101,35,without_replacement,131,0.0,0.0
fluid,101,35,without_replacement,132,0.0,0.0
fluid,101,35,without_replacement,133,0.0,0.0
fluid,101,35,without_replacement,134,0.0,0.0
fluid,101,35,without_replacement,135,0.0,0.0
fluid,101,35,without_replacement,136,0.0,0.0
fluid,101,35,without_replacement,137,0.0,0.0
fluid,101,35,without_replacement,138,0.0,0.0
fluid,101,35,without_replacement,139,0.0,0.0
fluid,101,35,without_replacement,140,0.0,0.0
fluid,101,35,without_replacement,141,0.0,0.0
fluid,101,35,without_replacement,142,0.0,0.0
fluid,101,35,without_replacement,143,0.0,0.0
fluid,101,35,without_replacement,144,0.0,0.0
fluid,101,35,without_replacement,145,0.0,0.0
fluid,101,35,without_replacement,146,0.0,0.0
fluid,101,35,without_replacement,147,0.0,0.0
fluid,101,35,without_replacement,148,0.0,0.0
fluid,101,35,without_replacement,149,0.0,0.0
fluid,101,35,without_replacement,150,0.0,0.0
fluid,101,35,without_replacement,151,0.0,0.0
fluid,101,35,without_replacement,152,0.0,0.0
fluid,101,35,without_replacement,153,0.0,0.0
fluid,101,35,without_replacement,154,0.0,0.0
fluid,101,35,without_replacement,155,0.0,0.0
fluid,101,35,without_replacement,156,0.0,0.0
fluid,101,35,without_replacement,157,0.0,0.0
fluid,101,35,without_replacement,158,0.0,0.0
fluid,101,35,without_replacement,159,0.0,0.0
fluid,101,35,without_replacement,160,0.0,0.0
fluid,101,40,with_replacement,40,0.0,0.0
fluid,101,40,with_replacement,41,0.0,0.0
fluid,101,40,with_replacement,42,0.0,0.0
fluid,101,40,with_replacement,43,0.0,0.0
fluid,101,40,with_replacement,44,0.0,0.0
fluid,101,40,with_replacement,45,0.0,0.0
fluid,101,40,with_replacement,46,0.0,0.0
fluid,101,40,with_replacement,47,0.0,0.0
fluid,101,40,with_replacement,48,0.0,0.0
fluid,101,40,with_replacement,49,0.0,0.0
fluid,101,40,with_replacement,50,0.0,0.0
fluid,101,40,with_replacement,51,0.0,0.0
fluid,101,40,with_replacement,52,0.0,0.0
fluid,101,40,with_replacement,53,0.0,0.0
fluid,101,40,with_replacement,54,0.0,0.0
fluid,101,40,with_replacement,55,0.0,0.0
fluid,101,40,with_replacement,56,0.0,0.0
fluid,101,40,with_replacement,57,0.0,0.0
fluid,101,40,with_replacement,58,0.0,0.0
fluid,101,40,with_replacement,59,0.0,0.0
fluid,101,40,with_replacement,60,0.0,0.0
fluid,101,40,with_replacement,61,0.0,0.0
fluid,101,40,with_replacement,62,0.0,0.0
fluid,101,40,with_replacement,63,0.0,0.0
fluid,101,40,with_replacement,64,0.0,0.0
fluid,101,40,with_replacement,65,0.0,1.128330764973652e-15
fluid,101,40,with_replacement,66,0.0,0.0
fluid,101,40,with_replacement,67,0.0,0.0
fluid,101,40,with_replacement,68,0.0,0.0
fluid,101,40,with_replacement,69,0.0,1.033883435316261e-14
fluid,101,40,with_replacement,70,0.0,0.0
fluid,101,40,with_replacement,71,0.0,0.0
fluid,101,40,with_replacement,72,0.0,6.154992551802478e-14
fluid,101,40,with_replacement,73,0.0,0.0
fluid,101,40,with_replacement,74,0.0,3.790212259039808e-13
fluid,101,40,with_replacement,75,0.0,0.0
fluid,101,40,with_replacement,76,0.0,1.792862440618689e-12
fluid,101,40,with_replacement,77,0.0,8.380034273180767e-12
fluid,101,40,with_replacement,78,0.0,3.329173214808976e-11
fluid,101,40,with_replacement,79,0.0,0.0
fluid,101,40,with_replacement,80,0.0,1.2873403347453878e-10
fluid,101,40,with_replacement,81,0.0,4.441510889215468e-10
fluid,101,40,with_replacement,82,0.0,6.0302394689408655e-09
fluid,101,40,with_replacement,83,0.0,1.3470954008284264e-08
fluid,101,40,with_replacement,84,0.0,3.721211957571581e-08
fluid,101,40,with_replacement,85,0.0,3.5007685050193995e-07
fluid,101,40,with_replacement,86,0.0,6.115438208183691e-07
fluid,101,40,with_replacement,87,5e-06,4.603499582164161e-06
fluid,101,40,with_replacement,88,1.3e-05,6.8398246168885525e-06
fluid,101,40,with_replacement,89,4.5e-05,4.274415162838292e-05
fluid,101,40,with_replacement,90,0.00016,0.00015876067511615236
fluid,101,40,with_replacement,91,0.000542,0.0005176470507124623
fluid,101,40,with_replacement,92,0.000642,0.000562637117026034
fluid,101,40,with_replacement,93,0.002384,0.002419491844912916
fluid,101,40,with_replacement,94,0.005722,0.005835723170608213
fluid,101,40,with_replacement,95,0.022847,0.022845013207542827
fluid,101,40,with_replacement,96,0.032344,0.03226284019717444
fluid,101,40,with_replacement,97,0.05312,0.05285136663728435
fluid,101,40,with_replacement,98,0.07737,0.07781285250347082
fluid,101,40,with_replacement,99,0.103365,0.10303141172370064
fluid,101,40,with_replacement,100,0.123262,0.12270584362129991
fluid,101,40,with_replacement,101,0.13089,0.13139117508794218
fluid,101,40,with_replacement,102,0.126833,0.12637744230493703
fluid,101,40,with_replacement,103,0.108778,0.10902582115076595
fluid,101,40,with_replacement,104,0.084204,0.08418538058857629
fluid,101,40,with_replacement,105,0.057861,0.05802166605183241
fluid,101,40,with_replacement,106,0.035522,0.0355676215973887
fluid,101,40,with_replacement,107,0.019231,0.019306541232687064
fluid,101,40,with_replacement,108,0.00907,0.009228755676418912
fluid,101,40,with_replacement,109,0.002421,0.0023818915854059205
fluid,101,40,with_replacement,110,0.002313,0.0023646747152347267
fluid,101,40,with_replacement,111,0.000785,0.0007949808005574736
fluid,101,40,with_replacement,112,0.000145,0.00015057818015523283
fluid,101,40,with_replacement,113,6.6e-05,7.719411895456813e-05
fluid,101,40,with_replacement,114,4.8e-05,5.474583683538124e-05
fluid,101,40,with_replacement,115,7e-06,7.603408813762938e-06
fluid,101,40,with_replacement,116,3e-06,3.206041550141881e-06
fluid,101,40,with_replacement,117,0.0,1.2393522141854039e-06
fluid,101,40,with_replacement,118,1e-06,4.6398917091738647e-07
fluid,101,40,with_replacement,119,1e-06,1.5498915548569787e-07
fluid,101,40,with_replacement,120,0.0,5.0391950299759053e-08
fluid,101,40,with_replacement,121,0.0,0.0
fluid,101,40,with_replacement,122,0.0,1.3925563994132145e-08
fluid,101,40,with_replacement,123,0.0,3.802592684639338e-09
fluid,101,40,with_replacement,124,0.0,0.0
fluid,101,40,with_replacement,125,0.0,0.0
fluid,101,40,with_replacement,126,0.0,7.976167401815018e-10
fluid,101,40,with_replacement,127,0.0,0.0
fluid,101,40,with_replacement,128,0.0,1.730568354496269e-10
fluid,101,40,with_replacement,129,0.0,0.0
fluid,101,40,with_replacement,130,0.0,0.0
fluid,101,40,with_replacement,131,0.0,0.0
fluid,101,40,with_replacement,132,0.0,2.515753143838346e-11
fluid,101,40,with_replacement,133,0.0,0.0
fluid,101,40,with_replacement,134,0.0,0.0
fluid,101,40,with_replacement,135,0.0,0.0
fluid,101,40,with_replacement,136,0.0,0.0
fluid,101,40,with_replacement,137,0.0,0.0
fluid,101,40,with_replacement,138,0.0,0.0
fluid,101,40,with_replacement,139,0.0,0.0
fluid,101,40,with_replacement,140,0.0,0.0
fluid,101,40,with_replacement,141,0.0,0.0
fluid,101,40,with_replacement,142,0.0,0.0
fluid,101,40,with_replacement,143,0.0,0.0
fluid,101,40,with_replacement,144,0.0,0.0
fluid,101,40,with_replacement,145,0.0,0.0
fluid,101,40,with_replacement,146,0.0,0.0
fluid,101,40,with_replacement,147,0.0,0.0
fluid,101,40,with_replacement,148,0.0,0.0
fluid,101,40,with_replacement,149,0.0,0.0
fluid,101,40,with_replacement,150,0.0,0.0
fluid,101,40,with_replacement,151,0.0,0.0
fluid,101,40,with_replacement,152,0.0,0.0
fluid,101,40,with_replacement,153,0.0,0.0
fluid,101,40,with_replacement,154,0.0,0.0
fluid,101,40,with_replacement,155,0.0,0.0
fluid,101,40,with_replacement,156,0.0,0.0
fluid,101,40,with_replacement,157,0.0,0.0
fluid,101,40,with_replacement,158,0.0,0.0
fluid,101,40,with_replacement,159,0.0,0.0
fluid,101,40,with_replacement,160,0.0,0.0
fluid,101,40,without_replacement,40,0.0,0.0
fluid,101,40,without_replacement,41,0.0,0.0
fluid,101,40,without_replacement,42,0.0,0.0
fluid,101,40,without_replacement,43,0.0,0.0
fluid,101,40,without_replacement,44,0.0,0.0
fluid,101,40,without_replacement,45,0.0,0.0
fluid,101,40,without_replacement,46,0.0,0.0
fluid,101,40,without_replacement,47,0.0,0.0
fluid,101,40,without_replacement,48,0.0,0.0
fluid,101,40,without_replacement,49,0.0,0.0
fluid,101,40,without_replacement,50,0.0,0.0
fluid,101,40,without_replacement,51,0.0,0.0
fluid,101,40,without_replacement,52,0.0,0.0
fluid,101,40,without_replacement,53,0.0,0.0
fluid,101,40,without_replacement,54,0.0,0.0
fluid,101,40,without_replacement,55,0.0,0.0
fluid,101,40,without_replacement,56,0.0,0.0
fluid,101,40,without_replacement,57,0.0,0.0
fluid,101,40,without_replacement,58,0.0,0.0
fluid,101,40,without_replacement,59,0.0,0.0
fluid,101,40,without_replacement,60,0.0,0.0
fluid,101,40,without_replacement,61,0.0,0.0
fluid,101,40,without_replacement,62,0.0,0.0
fluid,101,40,without_replacement,63,0.0,0.0
fluid,101,40,without_replacement,64,0.0,0.0
fluid,101,40,without_replacement,65,0.0,0.0
fluid,101,40,without_replacement,66,0.0,0.0
fluid,101,40,without_replacement,67,0.0,0.0
fluid,101,40,without_replacement,68,0.0,0.0
fluid,101,40,without_replacement,69,0.0,0.0
fluid,101,40,without_replacement,70,0.0,0.0
fluid,101,40,without_replacement,71,0.0,0.0
fluid,101,40,without_replacement,72,0.0,0.0
fluid,101,40,without_replacement,73,0.0,0.0
fluid,101,40,without_replacement,74,0.0,0.0
fluid,101,40,without_replacement,75,0.0,0.0
fluid,101,40,without_replacement,76,0.0,0.0
fluid,101,40,without_replacement,77,0.0,0.0
fluid,101,40,without_replacement,78,0.0,0.0
fluid,101,40,without_replacement,79,0.0,0.0
fluid,101,40,without_replacement,80,0.0,0.0
fluid,101,40,without_replacement,81,0.0,0.0
fluid,101,40,without_replacement,82,0.0,0.0
fluid,101,40,without_replacement,83,0.0,0.0
fluid,101,40,without_replacement,84,0.0,0.0
fluid,101,40,without_replacement,85,0.0,0.0
fluid,101,40,without_replacement,86,0.0,0.0
fluid,101,40,without_replacement,87,0.0,0.0
fluid,101,40,without_replacement,88,0.0,0.0
fluid,101,40,without_replacement,89,0.0,0.0
fluid,101,40,without_replacement,90,0.0,0.0
fluid,101,40,without_replacement,91,0.0,0.0
fluid,101,40,without_replacement,92,0.0,0.0
fluid,101,40,without_replacement,93,0.0,1.8852677834435624e-07
fluid,101,40,without_replacement,94,1e-05,7.837031539338388e-06
fluid,101,40,without_replacement,95,0.00044,0.0004682281550882204
fluid,101,40,without_replacement,96,0.003281,0.003225250272725008
fluid,101,40,without_replacement,97,0.015443,0.01537071742513239
fluid,101,40,without_replacement,98,0.049896,0.04995765402109288
fluid,101,40,without_replacement,99,0.114746,0.11427140157462615
fluid,101,40,without_replacement,100,0.187434,0.18768707334051124
fluid,101,40,without_replacement,101,0.22368,0.2240976155532576
fluid,101,40,without_replacement,102,0.19557,0.19574780699633587
fluid,101,40,without_replacement,103,0.125559,0.12524466315807226
fluid,101,40,without_replacement,104,0.058632,0.058490446062786444
fluid,101,40,without_replacement,105,0.01964,0.01976704389670908
fluid,101,40,without_replacement,106,0.004775,0.00476477759379054
fluid,101,40,without_replacement,107,0.000785,0.000801349161733402
fluid,101,40,without_replacement,108,0.000103,9.100911315928992e-05
fluid,101,40,without_replacement,109,4e-06,5.4082166525028835e-06
fluid,101,40,without_replacement,110,2e-06,1.4820053690913932e-06
fluid,101,40,without_replacement,111,0.0,4.720598646394108e-08
fluid,101,40,without_replacement,112,0.0,6.354205162694058e-10
fluid,101,40,without_replacement,113,0.0,5.0698445447027064e-11
fluid,101,40,without_replacement,114,0.0,2.534922272351353e-12
fluid,101,40,without_replacement,115,0.0,0.0
fluid,101,40,without_replacement,116,0.0,0.0
fluid,101,40,without_replacement,117,0.0,0.0
fluid,101,40,without_replacement,118,0.0,0.0
fluid,101,40,without_replacement,119,0.0,0.0
fluid,101,40,without_replacement,120,0.0,0.0
fluid,101,40,without_replacement,121,0.0,0.0
fluid,101,40,without_replacement,122,0.0,0.0
fluid,101,40,without_replacement,123,0.0,0.0
fluid,101,40,without_replacement,124,0.0,0.0
fluid,101,40,without_replacement,125,0.0,0.0
fluid,101,40,without_replacement,126,0.0,0.0
fluid,101,40,without_replacement,127,0.0,0.0
fluid,101,40,without_replacement,128,0.0,0.0
fluid,101,40,without_replacement,129,0.0,0.0
fluid,101,40,without_replacement,130,0.0,0.0
fluid,101,40,without_replacement,131,0.0,0.0
fluid,101,40,without_replacement,132,0.0,0.0
fluid,101,40,without_replacement,133,0.0,0.0
fluid,101,40,without_replacement,134,0.0,0.0
fluid,101,40,without_replacement,135,0.0,0.0
fluid,101,40,without_replacement,136,0.0,0.0
fluid,101,40,without_replacement,137,0.0,0.0
fluid,101,40,without_replacement,138,0.0,0.0
fluid,101,40,without_replacement,139,0.0,0.0
fluid,101,40,without_replacement,140,0.0,0.0
fluid,101,40,without_replacement,141,0.0,0.0
fluid,101,40,without_replacement,142,0.0,0.0
fluid,101,40,without_replacement,143,0.0,0.0
fluid,101,40,without_replacement,144,0.0,0.0
fluid,101,40,without_replacement,145,0.0,0.0
fluid,101,40,without_replacement,146,0.0,0.0
fluid,101,40,without_replacement,147,0.0,0.0
fluid,101,40,without_replacement,148,0.0,0.0
fluid,101,40,without_replacement,149,0.0,0.0
fluid,101,40,without_replacement,150,0.0,0.0
fluid,101,40,without_replacement,151,0.0,0.0
fluid,101,40,without_replacement,152,0.0,0.0
fluid,101,40,without_replacement,153,0.0,0.0
fluid,101,40,without_replacement,154,0.0,0.0
fluid,101,40,without_replacement,155,0.0,0.0
fluid,101,40,without_replacement,156,0.0,0.0
fluid,101,40,without_replacement,157,0.0,0.0
fluid,101,40,without_replacement,158,0.0,0.0
fluid,101,40,without_replacement,159,0.0,0.0
fluid,101,40,without_replacement,160,0.0,0.0
fluid,101,45,with_replacement,40,0.0,0.0
fluid,101,45,with_replacement,41,0.0,0.0
fluid,101,45,with_replacement,42,0.0,0.0
fluid,101,45,with_replacement,43,0.0,0.0
fluid,101,45,with_replacement,44,0.0,0.0
fluid,101,45,with_replacement,45,0.0,0.0
fluid,101,45,with_replacement,46,0.0,0.0
fluid,101,45,with_replacement,47,0.0,0.0
fluid,101,45,with_replacement,48,0.0,0.0
fluid,101,45,with_replacement,49,0.0,0.0
fluid,101,45,with_replacement,50,0.0,0.0
fluid,101,45,with_replacement,51,0.0,0.0
fluid,101,45,with_replacement,52,0.0,0.0
fluid,101,45,with_replacement,53,0.0,0.0
fluid,101,45,with_replacement,54,0.0,0.0
fluid,101,45,with_replacement,55,0.0,0.0
fluid,101,45,with_replacement,56,0.0,0.0
fluid,101,45,with_replacement,57,0.0,0.0
fluid,101,45,with_replacement,58,0.0,0.0
fluid,101,45,with_replacement,59,0.0,0.0
fluid,101,45,with_replacement,60,0.0,0.0
fluid,101,45,with_replacement,61,0.0,0.0
fluid,101,45,with_replacement,62,0.0,0.0
fluid,101,45,with_replacement,63,0.0,0.0
fluid,101,45,with_replacement,64,0.0,0.0
fluid,101,45,with_replacement,65,0.0,1.2843627907586463e-17
fluid,101,45,with_replacement,66,0.0,0.0
fluid,101,45,with_replacement,67,0.0,0.0
fluid,101,45,with_replacement,68,0.0,0.0
fluid,101,45,with_replacement,69,0.0,1.2514800084651085e-16
fluid,101,45,with_replacement,70,0.0,0.0
fluid,101,45,with_replacement,71,0.0,8.184293473700114e-16
fluid,101,45,with_replacement,72,0.0,0.0
fluid,101,45,with_replacement,73,0.0,5.346603221426917e-15
fluid,101,45,with_replacement,74,0.0,0.0
fluid,101,45,with_replacement,75,0.0,2.7527980085412546e-14
fluid,101,45,with_replacement,76,0.0,1.3721972364865778e-13
fluid,101,45,with_replacement,77,0.0,5.910361525985082e-13
fluid,101,45,with_replacement,78,0.0,0.0
fluid,101,45,with_replacement,79,0.0,2.445922027993845e-12
fluid,101,45,with_replacement,80,0.0,4.189322087185339e-11
fluid,101,45,with_replacement,81,0.0,1.0860396950020168e-10
fluid,101,45,with_replacement,82,0.0,3.4618833524725535e-10
fluid,101,45,with_replacement,83,0.0,1.035551912249341e-09
fluid,101,45,with_replacement,84,0.0,1.1135691113490797e-08
fluid,101,45,with_replacement,85,0.0,2.149486299925997e-08
fluid,101,45,with_replacement,86,0.0,1.8575987971287328e-07
fluid,101,45,with_replacement,87,0.0,1.0029368326743883e-06
fluid,101,45,with_replacement,88,6e-06,4.717805519395746e-06
fluid,101,45,with_replacement,89,1.2e-05,1.9507797289214567e-05
fluid,101,45,with_replacement,90,7.5e-05,7.141868661445636e-05
fluid,101,45,with_replacement,91,0.000229,0.00023287283901581797
fluid,101,45,with_replacement,92,0.000644,0.0006795847578580965
fluid,101,45,with_replacement,93,0.001786,0.001782087346658891
fluid,101,45,with_replacement,94,0.004146,0.004213145434823937
fluid,101,45,with_replacement,95,0.0163,0.01638741052086144
fluid,101,45,with_replacement,96,0.023348,0.02338552438061231
fluid,101,45,with_replacement,97,0.039276,0.03915794599669881
fluid,101,45,with_replacement,98,0.097738,0.09798754591362842
fluid,101,45,with_replacement,99,0.093492,0.09371025855567273
fluid,101,45,with_replacement,100,0.174035,0.17345473931414057
fluid,101,45,with_replacement,101,0.12405,0.12410477397475297
fluid,101,45,with_replacement,102,0.117466,0.11749122663945427
fluid,101,45,with_replacement,103,0.143123,0.1431824393770239
fluid,101,45,with_replacement,104,0.066651,0.06672129644057499
fluid,101,45,with_replacement,105,0.044816,0.04457843275457129
fluid,101,45,with_replacement,106,0.026919,0.026807833748205185
fluid,101,45,with_replacement,107,0.014402,0.014457281386819123
fluid,101,45,with_replacement,108,0.006912,0.006960971644678061
fluid,101,45,with_replacement,109,0.002956,0.002976251747585284
fluid,101,45,with_replacement,110,0.001101,0.0011226264980296486
fluid,101,45,with_replacement,111,0.000386,0.00037057164949242543
fluid,101,45,with_replacement,112,6.6e-05,7.003637145985276e-05
fluid,101,45,with_replacement,113,4.8e-05,5.355903712433859e-05
fluid,101,45,with_replacement,114,1.2e-05,8.32773328746243e-06
fluid,101,45,with_replacement,115,4e-06,5.344058763881899e-06
fluid,101,45,with_replacement,116,0.0,6.53072010806159e-07
fluid,101,45,with_replacement,117,1e-06,2.544378614628839e-07
fluid,101,45,with_replacement,118,0.0,9.16517129263865e-08
fluid,101,45,with_replacement,119,0.0,3.169635606033749e-08
fluid,101,45,with_replacement,120,0.0,9.893073310893222e-09
fluid,101,45,with_replacement,121,0.0,2.966772010860118e-09
fluid,101,45,with_replacement,122,0.0,0.0
fluid,101,45,with_replacement,123,0.0,7.687629246794709e-10
fluid,101,45,with_replacement,124,0.0,1.928619230058586e-10
fluid,101,45,with_replacement,125,0.0,0.0
fluid,101,45,with_replacement,126,0.0,3.813293060781453e-11
fluid,101,45,with_replacement,127,0.0,0.0
fluid,101,45,with_replacement,128,0.0,0.0
fluid,101,45,with_replacement,129,0.0,7.531705977786573e-12
fluid,101,45,with_replacement,130,0.0,0.0
fluid,101,45,with_replacement,131,0.0,0.0
fluid,101,45,with_replacement,132,0.0,0.0
fluid,101,45,with_replacement,133,0.0,1.0264746460538166e-12
fluid,101,45,with_replacement,134,0.0,0.0
fluid,101,45,with_replacement,135,0.0,0.0
fluid,101,45,with_replacement,136,0.0,0.0
fluid,101,45,with_replacement,137,0.0,0.0
fluid,101,45,with_replacement,138,0.0,0.0
fluid,101,45,with_replacement,139,0.0,0.0
fluid,101,45,with_replacement,140,0.0,0.0
fluid,101,45,with_replacement,141,0.0,0.0
fluid,101,45,with_replacement,142,0.0,0.0
fluid,101,45,with_replacement,143,0.0,0.0
fluid,101,45,with_replacement,144,0.0,0.0
fluid,101,45,with_replacement,145,0.0,0.0
fluid,101,45,with_replacement,146,0.0,0.0
fluid,101,45,with_replacement,147,0.0,0.0
fluid,101,45,with_replacement,148,0.0,0.0
fluid,101,45,with_replacement,149,0.0,0.0
fluid,101,45,with_replacement,150,0.0,0.0
fluid,101,45,with_replacement,151,0.0,0.0
fluid,101,45,with_replacement,152,0.0,0.0
fluid,101,45,with_replacement,153,0.0,0.0
fluid,101,45,with_replacement,154,0.0,0.0
fluid,101,45,with_replacement,155,0.0,0.0
fluid,101,45,with_replacement,156,0.0,0.0
fluid,101,45,with_replacement,157,0.0,0.0
fluid,101,45,with_replacement,158,0.0,0.0
fluid,101,45,with_replacement,159,0.0,0.0
fluid,101,45,with_replacement,160,0.0,0.0
fluid,101,45,without_replacement,40,0.0,0.0
fluid,101,45,without_replacement,41,0.0,0.0
fluid,101,45,without_replacement,42,0.0,0.0
fluid,101,45,without_replacement,43,0.0,0.0
fluid,101,45,without_replacement,44,0.0,0.0
fluid,101,45,without_replacement,45,0.0,0.0
fluid,101,45,without_replacement,46,0.0,0.0
fluid,101,45,without_replacement,47,0.0,0.0
fluid,101,45,without_replacement,48,0.0,0.0
fluid,101,45,without_replacement,49,0.0,0.0
fluid,101,45,without_replacement,50,0.0,0.0
fluid,101,45,without_replacement,51,0.0,0.0
fluid,101,45,without_replacement,52,0.0,0.0
fluid,101,45,without_replacement,53,0.0,0.0
fluid,101,45,without_replacement,54,0.0,0.0
fluid,101,45,without_replacement,55,0.0,0.0
fluid,101,45,without_replacement,56,0.0,0.0
fluid,101,45,without_replacement,57,0.0,0.0
fluid,101,45,without_replacement,58,0.0,0.0
fluid,101,45,without_replacement,59,0.0,0.0
fluid,101,45,without_replacement,60,0.0,0.0
fluid,101,45,without_replacement,61,0.0,0.0
fluid,101,45,without_replacement,62,0.0,0.0
fluid,101,45,without_replacement,63,0.0,0.0
fluid,101,45,without_replacement,64,0.0,0.0
fluid,101,45,without_replacement,65,0.0,0.0
fluid,101,45,without_replacement,66,0.0,0.0
fluid,101,45,without_replacement,67,0.0,0.0
fluid,101,45,without_replacement,68,0.0,0.0
fluid,101,45,without_replacement,69,0.0,0.0
fluid,101,45,without_replacement,70,0.0,0.0
fluid,101,45,without_replacement,71,0.0,0.0
fluid,101,45,without_replacement,72,0.0,0.0
fluid,101,45,without_replacement,73,0.0,0.0
fluid,101,45,without_replacement,74,0.0,0.0
fluid,101,45,without_replacement,75,0.0,0.0
fluid,101,45,without_replacement,76,0.0,0.0
fluid,101,45,without_replacement,77,0.0,0.0
fluid,101,45,without_replacement,78,0.0,0.0
fluid,101,45,without_replacement,79,0.0,0.0
fluid,101,45,without_replacement,80,0.0,0.0
fluid,101,45,without_replacement,81,0.0,0.0
fluid,101,45,without_replacement,82,0.0,0.0
fluid,101,45,without_replacement,83,0.0,0.0
fluid,101,45,without_replacement,84,0.0,0.0
fluid,101,45,without_replacement,85,0.0,0.0
fluid,101,45,without_replacement,86,0.0,0.0
fluid,101,45,without_replacement,87,0.0,0.0
fluid,101,45,without_replacement,88,0.0,0.0
fluid,101,45,without_replacement,89,0.0,0.0
fluid,101,45,without_replacement,90,0.0,0.0
fluid,101,45,without_replacement,91,0.0,0.0
fluid,101,45,without_replacement,92,0.0,0.0
fluid,101,45,without_replacement,93,0.0,0.0
fluid,101,45,without_replacement,94,0.0,0.0
fluid,101,45,without_replacement,95,7e-06,5.649879517838067e-06
fluid,101,45,without_replacement,96,0.000199,0.00018334412945141177
fluid,101,45,without_replacement,97,0.002247,0.0022066307047713166
fluid,101,45,without_replacement,98,0.032522,0.03232572443970582
fluid,101,45,without_replacement,99,0.08646,0.08632320892277695
fluid,101,45,without_replacement,100,0.290379,0.29028382453295704
fluid,101,45,without_replacement,101,0.242008,0.241766502784412
fluid,101,45,without_replacement,102,0.190241,0.19072381549748332
fluid,101,45,without_replacement,103,0.12971,0.12990965905784774
fluid,101,45,without_replacement,104,0.021294,0.02122122455121368
fluid,101,45,without_replacement,105,0.004284,0.0044177988184477
fluid,101,45,without_replacement,106,0.000602,0.0005851998702942404
fluid,101,45,without_replacement,107,4.5e-05,4.559566592470083e-05
fluid,101,45,without_replacement,108,2e-06,1.796565322394485e-06
fluid,101,45,without_replacement,109,0.0,2.4579873813854897e-08
fluid,101,45,without_replacement,110,0.0,0.0
fluid,101,45,without_replacement,111,0.0,0.0
fluid,101,45,without_replacement,112,0.0,0.0
fluid,101,45,without_replacement,113,0.0,0.0
fluid,101,45,without_replacement,114,0.0,0.0
fluid,101,45,without_replacement,115,0.0,0.0
fluid,101,45,without_replacement,116,0.0,0.0
fluid,101,45,without_replacement,117,0.0,0.0
fluid,101,45,without_replacement,118,0.0,0.0
fluid,101,45,without_replacement,119,0.0,0.0
fluid,101,45,without_replacement,120,0.0,0.0
fluid,101,45,without_replacement,121,0.0,0.0
fluid,101,45,without_replacement,122,0.0,0.0
fluid,101,45,without_replacement,123,0.0,0.0
fluid,101,45,without_replacement,124,0.0,0.0
fluid,101,45,without_replacement,125,0.0,0.0
fluid,101,45,without_replacement,126,0.0,0.0
fluid,101,45,without_replacement,127,0.0,0.0
fluid,101,45,without_replacement,128,0.0,0.0
fluid,101,45,without_replacement,129,0.0,0.0
fluid,101,45,without_replacement,130,0.0,0.0
fluid,101,45,without_replacement,131,0.0,0.0
fluid,101,45,without_replacement,132,0.0,0.0
fluid,101,45,without_replacement,133,0.0,0.0
fluid,101,45,without_replacement,134,0.0,0.0
fluid,101,45,without_replacement,135,0.0,0.0
fluid,101,45,without_replacement,136,0.0,0.0
fluid,101,45,without_replacement,137,0.0,0.0
fluid,101,45,without_replacement,138,0.0,0.0
fluid,101,45,without_replacement,139,0.0,0.0
fluid,101,45,without_replacement,140,0.0,0.0
fluid,101,45,without_replacement,141,0.0,0.0
fluid,101,45,without_replacement,142,0.0,0.0
fluid,101,45,without_replacement,143,0.0,0.0
fluid,101,45,without_replacement,144,0.0,0.0
fluid,101,45,without_replacement,145,0.0,0.0
fluid,101,45,without_replacement,146,0.0,0.0
fluid,101,45,without_replacement,147,0.0,0.0
fluid,101,45,without_replacement,148,0.0,0.0
fluid,101,45,without_replacement,149,0.0,0.0
fluid,101,45,without_replacement,150,0.0,0.0
fluid,101,45,without_replacement,151,0.0,0.0
fluid,101,45,without_replacement,152,0.0,0.0
fluid,101,45,without_replacement,153,0.0,0.0
fluid,101,45,without_replacement,154,0.0,0.0
fluid,101,45,without_replacement,155,0.0,0.0
fluid,101,45,without_replacement,156,0.0,0.0
fluid,101,45,without_replacement,157,0.0,0.0
fluid,101,45,without_replacement,158,0.0,0.0
fluid,101,45,without_replacement,159,0.0,0.0
fluid,101,45,without_replacement,160,0.0,0.0
fluid,101,50,with_replacement,40,0.0,0.0
fluid,101,50,with_replacement,41,0.0,0.0
fluid,101,50,with_replacement,42,0.0,0.0
fluid,101,50,with_replacement,43,0.0,0.0
fluid,101,50,with_replacement,44,0.0,0.0
fluid,101,50,with_replacement,45,0.0,0.0
fluid,101,50,with_replacement,46,0.0,0.0
fluid,101,50,with_replacement,47,0.0,0.0
fluid,101,50,with_replacement,48,0.0,0.0
fluid,101,50,with_replacement,49,0.0,0.0
fluid,101,50,with_replacement,50,0.0,0.0
fluid,101,50,with_replacement,51,0.0,0.0
fluid,101,50,with_replacement,52,0.0,0.0
fluid,101,50,with_replacement,53,0.0,0.0
fluid,101,50,with_replacement,54,0.0,0.0
fluid,101,50,with_replacement,55,0.0,0.0
fluid,101,50,with_replacement,56,0.0,0.0
fluid,101,50,with_replacement,57,0.0,0.0
fluid,101,50,with_replacement,58,0.0,0.0
fluid,101,50,with_replacement,59,0.0,0.0
fluid,101,50,with_replacement,60,0.0,0.0
fluid,101,50,with_replacement,61,0.0,0.0
fluid,101,50,with_replacement,62,0.0,0.0
fluid,101,50,with_replacement,63,0.0,0.0
fluid,101,50,with_replacement,64,0.0,1.4472344352605673e-19
fluid,101,50,with_replacement,65,0.0,0.0
fluid,101,50,with_replacement,66,0.0,0.0
fluid,101,50,with_replacement,67,0.0,0.0
fluid,101,50,with_replacement,68,0.0,1.4926805895916664e-18
fluid,101,50,with_replacement,69,0.0,0.0
fluid,101,50,with_replacement,70,0.0,0.0
fluid,101,50,with_replacement,71,0.0,1.0604102677256383e-17
fluid,101,50,with_replacement,72,0.0,0.0
fluid,101,50,with_replacement,73,0.0,7.319508083681862e-17
fluid,101,50,with_replacement,74,0.0,4.060117111914773e-16
fluid,101,50,with_replacement,75,0.0,2.147091636030925e-15
fluid,101,50,with_replacement,76,0.0,0.0
fluid,101,50,with_replacement,77,0.0,9.92895624634348e-15
fluid,101,50,with_replacement,78,0.0,4.3704951147697466e-14
fluid,101,50,with_replacement,79,0.0,1.750149101815968e-13
fluid,101,50,with_replacement,80,0.0,3.0456991577999458e-12
fluid,101,50,with_replacement,81,0.0,8.088830997915823e-12
fluid,101,50,with_replacement,82,0.0,2.5944224615012826e-11
fluid,101,50,with_replacement,83,0.0,3.143030386162153e-10
fluid,101,50,with_replacement,84,0.0,2.451203554608858e-09
fluid,101,50,with_replacement,85,0.0,4.67334376276914e-09
fluid,101,50,with_replacement,86,0.0,4.027480191452165e-08
fluid,101,50,with_replacement,87,0.0,2.1939958464222892e-07
fluid,101,50,with_replacement,88,2e-06,1.0543567920624708e-06
fluid,101,50,with_replacement,89,8e-06,4.503388210910506e-06
fluid,101,50,with_replacement,90,3.4e-05,3.8199487130176696e-05
fluid,101,50,with_replacement,91,0.000124,0.00010530517750218143
fluid,101,50,with_replacement,92,0.0003,0.00031063926450308266
fluid,101,50,with_replacement,93,0.001615,0.001633070342389517
fluid,101,50,with_replacement,94,0.003087,0.003055699883147822
fluid,101,50,with_replacement,95,0.01176,0.011823136505576724
fluid,101,50,with_replacement,96,0.017274,0.017015057038253283
fluid,101,50,with_replacement,97,0.049196,0.04937664262494928
fluid,101,50,with_replacement,98,0.090223,0.09002431184813435
fluid,101,50,with_replacement,99,0.085653,0.08573342684030227
fluid,101,50,with_replacement,100,0.159959,0.16045835981962045
fluid,101,50,with_replacement,101,0.176473,0.17598219475307608
fluid,101,50,with_replacement,102,0.109361,0.10979543351127437
fluid,101,50,with_replacement,103,0.133708,0.13348433413641647
fluid,101,50,with_replacement,104,0.062879,0.06296341715747254
fluid,101,50,with_replacement,105,0.058201,0.05809009255075282
fluid,101,50,with_replacement,106,0.020246,0.020306177421103636
fluid,101,50,with_replacement,107,0.01095,0.010894473291478935
fluid,101,50,with_replacement,108,0.006716,0.006677711942669284
fluid,101,50,with_replacement,109,0.001451,0.0014538164173525437
fluid,101,50,with_replacement,110,0.000526,0.0005339519338167243
fluid,101,50,with_replacement,111,0.000183,0.00017364816680967294
fluid,101,50,with_replacement,112,3.7e-05,3.27475327158345e-05
fluid,101,50,with_replacement,113,3e-05,2.5173839860253894e-05
fluid,101,50,with_replacement,114,4e-06,5.8005861120387505e-06
fluid,101,50,with_replacement,115,0.0,8.021954821441261e-07
fluid,101,50,with_replacement,116,0.0,4.716026192405322e-07
fluid,101,50,with_replacement,117,0.0,5.138883997185594e-08
fluid,101,50,with_replacement,118,0.0,1.8678774455843293e-08
fluid,101,50,with_replacement,119,0.0,6.313113342140195e-09
fluid,101,50,with_replacement,120,0.0,2.036336886853574e-09
fluid,101,50,with_replacement,121,0.0,5.975483316388315e-10
fluid,101,50,with_replacement,122,0.0,1.6690543290662257e-10
fluid,101,50,with_replacement,123,0.0,4.0767014353583084e-11
fluid,101,50,with_replacement,124,0.0,0.0
fluid,101,50,with_replacement,125,0.0,9.492982765223895e-12
fluid,101,50,with_replacement,126,0.0,0.0
fluid,101,50,with_replacement,127,0.0,1.776418036427836e-12
fluid,101,50,with_replacement,128,0.0,0.0
fluid,101,50,with_replacement,129,0.0,0.0
fluid,101,50,with_replacement,130,0.0,3.229896361935559e-13
fluid,101,50,with_replacement,131,0.0,0.0
fluid,101,50,with_replacement,132,0.0,0.0
fluid,101,50,with_replacement,133,0.0,0.0
fluid,101,50,with_replacement,134,0.0,4.148267926106975e-14
fluid,101,50,with_replacement,135,0.0,0.0
fluid,101,50,with_replacement,136,0.0,0.0
fluid,101,50,with_replacement,137,0.0,0.0
fluid,101,50,with_replacement,138,0.0,0.0
fluid,101,50,with_replacement,139,0.0,0.0
fluid,101,50,with_replacement,140,0.0,0.0
fluid,101,50,with_replacement,141,0.0,0.0
fluid,101,50,with_replacement,142,0.0,0.0
fluid,101,50,with_replacement,143,0.0,0.0
fluid,101,50,with_replacement,144,0.0,0.0
fluid,101,50,with_replacement,145,0.0,0.0
fluid,101,50,with_replacement,146,0.0,0.0
fluid,101,50,with_replacement,147,0.0,0.0
fluid,101,50,with_replacement,148,0.0,0.0
fluid,101,50,with_replacement,149,0.0,0.0
fluid,101,50,with_replacement,150,0.0,0.0
fluid,101,50,with_replacement,151,0.0,0.0
fluid,101,50,with_replacement,152,0.0,0.0
fluid,101,50,with_replacement,153,0.0,0.0
fluid,101,50,with_replacement,154,0.0,0.0
fluid,101,50,with_replacement,155,0.0,0.0
fluid,101,50,with_replacement,156,0.0,0.0
fluid,101,50,with_replacement,157,0.0,0.0
fluid,101,50,with_replacement,158,0.0,0.0
fluid,101,50,with_replacement,159,0.0,0.0
fluid,101,50,with_replacement,160,0.0,0.0
fluid,101,50,without_replacement,40,0.0,0.0
fluid,101,50,without_replacement,41,0.0,0.0
fluid,101,50,without_replacement,42,0.0,0.0
fluid,101,50,without_replacement,43,0.0,0.0
fluid,101,50,without_replacement,44,0.0,0.0
fluid,101,50,without_replacement,45,0.0,0.0
fluid,101,50,without_replacement,46,0.0,0.0
fluid,101,50,without_replacement,47,0.0,0.0
fluid,101,50,without_replacement,48,0.0,0.0
fluid,101,50,without_replacement,49,0.0,0.0
fluid,101,50,without_replacement,50,0.0,0.0
fluid,101,50,without_replacement,51,0.0,0.0
fluid,101,50,without_replacement,52,0.0,0.0
fluid,101,50,without_replacement,53,0.0,0.0
fluid,101,50,without_replacement,54,0.0,0.0
fluid,101,50,without_replacement,55,0.0,0.0
fluid,101,50,without_replacement,56,0.0,0.0
fluid,101,50,without_replacement,57,0.0,0.0
fluid,101,50,without_replacement,58,0.0,0.0
fluid,101,50,without_replacement,59,0.0,0.0
fluid,101,50,without_replacement,60,0.0,0.0
fluid,101,50,without_replacement,61,0.0,0.0
fluid,101,50,without_replacement,62,0.0,0.0
fluid,101,50,without_replacement,63,0.0,0.0
fluid,101,50,without_replacement,64,0.0,0.0
fluid,101,50,without_replacement,65,0.0,0.0
fluid,101,50,without_replacement,66,0.0,0.0
fluid,101,50,without_replacement,67,0.0,0.0
fluid,101,50,without_replacement,68,0.0,0.0
fluid,101,50,without_replacement,69,0.0,0.0
fluid,101,50,without_replacement,70,0.0,0.0
fluid,101,50,without_replacement,71,0.0,0.0
fluid,101,50,without_replacement,72,0.0,0.0
fluid,101,50,without_replacement,73,0.0,0.0
fluid,101,50,without_replacement,74,0.0,0.0
fluid,101,50,without_replacement,75,0.0,0.0
fluid,101,50,without_replacement,76,0.0,0.0
fluid,101,50,without_replacement,77,0.0,0.0
fluid,101,50,without_replacement,78,0.0,0.0
fluid,101,50,without_replacement,79,0.0,0.0
fluid,101,50,without_replacement,80,0.0,0.0
fluid,101,50,without_replacement,81,0.0,0.0
fluid,101,50,without_replacement,82,0.0,0.0
fluid,101,50,without_replacement,83,0.0,0.0
fluid,101,50,without_replacement,84,0.0,0.0
fluid,101,50,without_replacement,85,0.0,0.0
fluid,101,50,without_replacement,86,0.0,0.0
fluid,101,50,without_replacement,87,0.0,0.0
fluid,101,50,without_replacement,88,0.0,0.0
fluid,101,50,without_replacement,89,0.0,0.0
fluid,101,50,without_replacement,90,0.0,0.0
fluid,101,50,without_replacement,91,0.0,0.0
fluid,101,50,without_replacement,92,0.0,0.0
fluid,101,50,without_replacement,93,0.0,0.0
fluid,101,50,without_replacement,94,0.0,0.0
fluid,101,50,without_replacement,95,0.0,0.0
fluid,101,50,without_replacement,96,0.0,0.0
fluid,101,50,without_replacement,97,0.0,0.0
fluid,101,50,without_replacement,98,0.009357,0.009389093710112777
fluid,101,50,without_replacement,99,0.050104,0.050203051583715956
fluid,101,50,without_replacement,100,0.254418,0.25335360621607145
fluid,101,50,without_replacement,101,0.417709,0.4188987425078556
fluid,101,50,without_replacement,102,0.177095,0.1768819823072297
fluid,101,50,without_replacement,103,0.082979,0.08299960052567858
fluid,101,50,without_replacement,104,0.007605,0.007526037516742046
fluid,101,50,without_replacement,105,0.000733,0.0007478856325939022
fluid,101,50,without_replacement,106,0.0,0.0
fluid,101,50,without_replacement,107,0.0,0.0
fluid,101,50,without_replacement,108,0.0,0.0
fluid,101,50,without_replacement,109,0.0,0.0
fluid,101,50,without_replacement,110,0.0,0.0
fluid,101,50,without_replacement,111,0.0,0.0
fluid,101,50,without_replacement,112,0.0,0.0
fluid,101,50,without_replacement,113,0.0,0.0
fluid,101,50,without_replacement,114,0.0,0.0
fluid,101,50,without_replacement,115,0.0,0.0
fluid,101,50,without_replacement,116,0.0,0.0
fluid,101,50,without_replacement,117,0.0,0.0
fluid,101,50,without_replacement,118,0.0,0.0
fluid,101,50,without_replacement,119,0.0,0.0
fluid,101,50,without_replacement,120,0.0,0.0
fluid,101,50,without_replacement,121,0.0,0.0
fluid,101,50,without_replacement,122,0.0,0.0
fluid,101,50,without_replacement,123,0.0,0.0
fluid,101,50,without_replacement,124,0.0,0.0
fluid,101,50,without_replacement,125,0.0,0.0
fluid,101,50,without_replacement,126,0.0,0.0
fluid,101,50,without_replacement,127,0.0,0.0
fluid,101,50,without_replacement,128,0.0,0.0
fluid,101,50,without_replacement,129,0.0,0.0
fluid,101,50,without_replacement,130,0.0,0.0
fluid,101,50,without_replacement,131,0.0,0.0
fluid,101,50,without_replacement,132,0.0,0.0
fluid,101,50,without_replacement,133,0.0,0.0
fluid,101,50,without_replacement,134,0.0,0.0
fluid,101,50,without_replacement,135,0.0,0.0
fluid,101,50,without_replacement,136,0.0,0.0
fluid,101,50,without_replacement,137,0.0,0.0
fluid,101,50,without_replacement,138,0.0,0.0
fluid,101,50,without_replacement,139,0.0,0.0
fluid,101,50,without_replacement,140,0.0,0.0
fluid,101,50,without_replacement,141,0.0,0.0
fluid,101,50,without_replacement,142,0.0,0.0
fluid,101,50,without_replacement,143,0.0,0.0
fluid,101,50,without_replacement,144,0.0,0.0
fluid,101,50,without_replacement,145,0.0,0.0
fluid,101,50,without_replacement,146,0.0,0.0
fluid,101,50,without_replacement,147,0.0,0.0
fluid,101,50,without_replacement,148,0.0,0.0
fluid,101,50,without_replacement,149,0.0,0.0
fluid,101,50,without_replacement,150,0.0,0.0
fluid,101,50,without_replacement,151,0.0,0.0
fluid,101,50,without_replacement,152,0.0,0.0
fluid,101,50,without_replacement,153,0.0,0.0
fluid,101,50,without_replacement,154,0.0,0.0
fluid,101,50,without_replacement,155,0.0,0.0
fluid,101,50,without_replacement,156,0.0,0.0
fluid,101,50,without_replacement,157,0.0,0.0
fluid,101,50,without_replacement,158,0.0,0.0
fluid,101,50,without_replacement,159,0.0,0.0
fluid,101,50,without_replacement,160,0.0,0.0
fluid,101,55,with_replacement,40,0.0,0.0
fluid,101,55,with_replacement,41,0.0,0.0
fluid,101,55,with_replacement,42,0.0,0.0
fluid,101,55,with_replacement,43,0.0,0.0
fluid,101,55,with_replacement,44,0.0,0.0
fluid,101,55,with_replacement,45,0.0,0.0
fluid,101,55,with_replacement,46,0.0,0.0
fluid,101,55,with_replacement,47,0.0,0.0
fluid,101,55,with_replacement,48,0.0,0.0
fluid,101,55,with_replacement,49,0.0,0.0
fluid,101,55,with_replacement,50,0.0,0.0
fluid,101,55,with_replacement,51,0.0,0.0
fluid,101,55,with_replacement,52,0.0,0.0
fluid,101,55,with_replacement,53,0.0,0.0
fluid,101,55,with_replacement,54,0.0,0.0
fluid,101,55,with_replacement,55,0.0,0.0
fluid,101,55,with_replacement,56,0.0,0.0
fluid,101,55,with_replacement,57,0.0,0.0
fluid,101,55,with_replacement,58,0.0,0.0
fluid,101,55,with_replacement,59,0.0,0.0
fluid,101,55,with_replacement,60,0.0,0.0
fluid,101,55,with_replacement,61,0.0,0.0
fluid,101,55,with_replacement,62,0.0,0.0
fluid,101,55,with_replacement,63,0.0,1.6171841257311843e-21
fluid,101,55,with_replacement,64,0.0,0.0
fluid,101,55,with_replacement,65,0.0,0.0
fluid,101,55,with_replacement,66,0.0,0.0
fluid,101,55,with_replacement,67,0.0,1.7588229527966726e-20
fluid,101,55,with_replacement,68,0.0,0.0
fluid,101,55,with_replacement,69,0.0,0.0
fluid,101,55,with_replacement,70,0.0,1.345378709532227e-19
fluid,101,55,with_replacement,71,0.0,0.0
fluid,101,55,with_replacement,72,0.0,9.777629052861548e-19
fluid,101,55,with_replacement,73,0.0,5.7965971566651276e-18
fluid,101,55,with_replacement,74,0.0,0.0
fluid,101,55,with_replacement,75,0.0,3.2375543027337427e-17
fluid,101,55,with_replacement,76,0.0,1.595234034919222e-16
fluid,101,55,with_replacement,77,0.0,7.43043581032296e-16
fluid,101,55,with_replacement,78,0.0,3.1665438374643783e-15
fluid,101,55,with_replacement,79,0.0,1.2824203691003994e-14
fluid,101,55,with_replacement,80,0.0,2.2355948482468637e-13
fluid,101,55,with_replacement,81,0.0,5.975638051899379e-13
fluid,101,55,with_replacement,82,0.0,8.061853320161218e-12
fluid,101,55,with_replacement,83,0.0,1.834236693275396e-11
fluid,101,55,with_replacement,84,0.0,1.998004447040839e-10
fluid,101,55,with_replacement,85,0.0,1.4145137837236108e-09
fluid,101,55,with_replacement,86,0.0,8.775727809173183e-09
fluid,101,55,with_replacement,87,0.0,4.8159453944792636e-08
fluid,101,55,with_replacement,88,0.0,5.744959917686423e-07
fluid,101,55,with_replacement,89,1e-06,2.082562121109617e-06
fluid,101,55,with_replacement,90,5e-06,7.841563165872695e-06
fluid,101,55,with_replacement,91,5e-05,5.738417972946426e-05
fluid,101,55,with_replacement,92,0.0003,0.00029049302246249623
fluid,101,55,with_replacement,93,0.000665,0.0006195577481995764
fluid,101,55,with_replacement,94,0.002791,0.0028138018660377466
fluid,101,55,with_replacement,95,0.008557,0.00857052136716464
fluid,101,55,with_replacement,96,0.021815,0.021796225042271647
fluid,101,55,with_replacement,97,0.046264,0.04643355631254183
fluid,101,55,with_replacement,98,0.082804,0.08305756556778332
fluid,101,55,with_replacement,99,0.12401,0.12487888912170615
fluid,101,55,with_replacement,100,0.103307,0.10277899656660537
fluid,101,55,with_replacement,101,0.168206,0.16753119699205724
fluid,101,55,with_replacement,102,0.158828,0.15820671538247097
fluid,101,55,with_replacement,103,0.125079,0.12502982246262442
fluid,101,55,with_replacement,104,0.081693,0.08236663954239135
fluid,101,55,with_replacement,105,0.033805,0.03342469301571157
fluid,101,55,with_replacement,106,0.026934,0.027021383220946184
fluid,101,55,with_replacement,107,0.010511,0.010638735584219407
fluid,101,55,with_replacement,108,0.002632,0.0027015454575380657
fluid,101,55,with_replacement,109,0.001127,0.001135404148370981
fluid,101,55,with_replacement,110,0.000495,0.000523859130776771
fluid,101,55,with_replacement,111,9.4e-05,8.172609041848999e-05
fluid,101,55,with_replacement,112,1.8e-05,2.3310829101615012e-05
fluid,101,55,with_replacement,113,6e-06,5.854084920902998e-06
fluid,101,55,with_replacement,114,2e-06,8.844005422392003e-07
fluid,101,55,with_replacement,115,1e-06,5.67076113140257e-07
fluid,101,55,with_replacement,116,0.0,7.057270007983688e-08
fluid,101,55,with_replacement,117,0.0,3.837861666423368e-08
fluid,101,55,with_replacement,118,0.0,3.76896721366147e-09
fluid,101,55,with_replacement,119,0.0,1.287658659919457e-09
fluid,101,55,with_replacement,120,0.0,4.106825995778453e-10
fluid,101,55,with_replacement,121,0.0,1.244759749477647e-10
fluid,101,55,with_replacement,122,0.0,3.4518038498985685e-11
fluid,101,55,with_replacement,123,0.0,9.048763039779039e-12
fluid,101,55,with_replacement,124,0.0,2.092645797434092e-12
fluid,101,55,with_replacement,125,0.0,0.0
fluid,101,55,with_replacement,126,0.0,4.559388663680716e-13
fluid,101,55,with_replacement,127,0.0,0.0
fluid,101,55,with_replacement,128,0.0,8.103414629222188e-14
fluid,101,55,with_replacement,129,0.0,0.0
fluid,101,55,with_replacement,130,0.0,1.3683465043851494e-14
fluid,101,55,with_replacement,131,0.0,0.0
fluid,101,55,with_replacement,132,0.0,0.0
fluid,101,55,with_replacement,133,0.0,0.0
fluid,101,55,with_replacement,134,0.0,1.663160348593434e-15
fluid,101,55,with_replacement,135,0.0,0.0
fluid,101,55,with_replacement,136,0.0,0.0
fluid,101,55,with_replacement,137,0.0,0.0
fluid,101,55,with_replacement,138,0.0,0.0
fluid,101,55,with_replacement,139,0.0,0.0
fluid,101,55,with_replacement,140,0.0,0.0
fluid,101,55,with_replacement,141,0.0,0.0
fluid,101,55,with_replacement,142,0.0,0.0
fluid,101,55,with_replacement,143,0.0,0.0
fluid,101,55,with_replacement,144,0.0,0.0
fluid,101,55,with_replacement,145,0.0,0.0
fluid,101,55,with_replacement,146,0.0,0.0
fluid,101,55,with_replacement,147,0.0,0.0
fluid,101,55,with_replacement,148,0.0,0.0
fluid,101,55,with_replacement,149,0.0,0.0
fluid,101,55,with_replacement,150,0.0,0.0
fluid,101,55,with_replacement,151,0.0,0.0
fluid,101,55,with_replacement,152,0.0,0.0
fluid,101,55,with_replacement,153,0.0,0.0
fluid,101,55,with_replacement,154,0.0,0.0
fluid,101,55,with_replacement,155,0.0,0.0
fluid,101,55,with_replacement,156,0.0,0.0
fluid,101,55,with_replacement,157,0.0,0.0
fluid,101,55,with_replacement,158,0.0,0.0
fluid,101,55,with_replacement,159,0.0,0.0
fluid,101,55,with_replacement,160,0.0,0.0
fluid,101,55,without_replacement,40,0.0,0.0
fluid,101,55,without_replacement,41,0.0,0.0
fluid,101,55,without_replacement,42,0.0,0.0
fluid,101,55,without_replacement,43,0.0,0.0
fluid,101,55,without_replacement,44,0.0,0.0
fluid,101,55,without_replacement,45,0.0,0.0
fluid,101,55,without_replacement,46,0.0,0.0
fluid,101,55,without_replacement,47,0.0,0.0
fluid,101,55,without_replacement,48,0.0,0.0
fluid,101,55,without_replacement,49,0.0,0.0
fluid,101,55,without_replacement,50,0.0,0.0
fluid,101,55,without_replacement,51,0.0,0.0
fluid,101,55,without_replacement,52,0.0,0.0
fluid,101,55,without_replacement,53,0.0,0.0
fluid,101,55,without_replacement,54,0.0,0.0
fluid,101,55,without_replacement,55,0.0,0.0
fluid,101,55,without_replacement,56,0.0,0.0
fluid,101,55,without_replacement,57,0.0,0.0
fluid,101,55,without_replacement,58,0.0,0.0
fluid,101,55,without_replacement,59,0.0,0.0
fluid,101,55,without_replacement,60,0.0,0.0
fluid,101,55,without_replacement,61,0.0,0.0
fluid,101,55,without_replacement,62,0.0,0.0
fluid,101,55,without_replacement,63,0.0,0.0
fluid,101,55,without_replacement,64,0.0,0.0
fluid,101,55,without_replacement,65,0.0,0.0
fluid,101,55,without_replacement,66,0.0,0.0
fluid,101,55,without_replacement,67,0.0,0.0
fluid,101,55,without_replacement,68,0.0,0.0
fluid,101,55,without_replacement,69,0.0,0.0
fluid,101,55,without_replacement,70,0.0,0.0
fluid,101,55,without_replacement,71,0.0,0.0
fluid,101,55,without_replacement,72,0.0,0.0
fluid,101,55,without_replacement,73,0.0,0.0
fluid,101,55,without_replacement,74,0.0,0.0
fluid,101,55,without_replacement,75,0.0,0.0
fluid,101,55,without_replacement,76,0.0,0.0
fluid,101,55,without_replacement,77,0.0,0.0
fluid,101,55,without_replacement,78,0.0,0.0
fluid,101,55,without_replacement,79,0.0,0.0
fluid,101,55,without_replacement,80,0.0,0.0
fluid,101,55,without_replacement,81,0.0,0.0
fluid,101,55,without_replacement,82,0.0,0.0
fluid,101,55,without_replacement,83,0.0,0.0
fluid,101,55,without_replacement,84,0.0,0.0
fluid,101,55,without_replacement,85,0.0,0.0
fluid,101,55,without_replacement,86,0.0,0.0
fluid,101,55,without_replacement,87,0.0,0.0
fluid,101,55,without_replacement,88,0.0,0.0
fluid,101,55,without_replacement,89,0.0,0.0
fluid,101,55,without_replacement,90,0.0,0.0
fluid,101,55,without_replacement,91,0.0,0.0
fluid,101,55,without_replacement,92,0.0,0.0
fluid,101,55,without_replacement,93,0.0,0.0
fluid,101,55,without_replacement,94,0.0,0.0
fluid,101,55,without_replacement,95,0.0,0.0
fluid,101,55,without_replacement,96,0.0,0.0
fluid,101,55,without_replacement,97,0.0,0.0
fluid,101,55,without_replacement,98,0.0,0.0
fluid,101,55,without_replacement,99,0.031354,0.031110615521855487
fluid,101,55,without_replacement,100,0.175079,0.17530584936918567
fluid,101,55,without_replacement,101,0.465981,0.46609180754340557
fluid,101,55,without_replacement,102,0.310201,0.30998119202155006
fluid,101,55,without_replacement,103,0.017385,0.0175105355440032
fluid,101,55,without_replacement,104,0.0,0.0
fluid,101,55,without_replacement,105,0.0,0.0
fluid,101,55,without_replacement,106,0.0,0.0
fluid,101,55,without_replacement,107,0.0,0.0
fluid,101,55,without_replacement,108,0.0,0.0
fluid,101,55,without_replacement,109,0.0,0.0
fluid,101,55,without_replacement,110,0.0,0.0
fluid,101,55,without_replacement,111,0.0,0.0
fluid,101,55,without_replacement,112,0.0,0.0
fluid,101,55,without_replacement,113,0.0,0.0
fluid,101,55,without_replacement,114,0.0,0.0
fluid,101,55,without_replacement,115,0.0,0.0
fluid,101,55,without_replacement,116,0.0,0.0
fluid,101,55,without_replacement,117,0.0,0.0
fluid,101,55,without_replacement,118,0.0,0.0
fluid,101,55,without_replacement,119,0.0,0.0
fluid,101,55,without_replacement,120,0.0,0.0
fluid,101,55,without_replacement,121,0.0,0.0
fluid,101,55,without_replacement,122,0.0,0.0
fluid,101,55,without_replacement,123,0.0,0.0
fluid,101,55,without_replacement,124,0.0,0.0
fluid,101,55,without_replacement,125,0.0,0.0
fluid,101,55,without_replacement,126,0.0,0.0
fluid,101,55,without_replacement,127,0.0,0.0
fluid,101,55,without_replacement,128,0.0,0.0
fluid,101,55,without_replacement,129,0.0,0.0
fluid,101,55,without_replacement,130,0.0,0.0
fluid,101,55,without_replacement,131,0.0,0.0
fluid,101,55,without_replacement,132,0.0,0.0
fluid,101,55,without_replacement,133,0.0,0.0
fluid,101,55,without_replacement,134,0.0,0.0
fluid,101,55,without_replacement,135,0.0,0.0
fluid,101,55,without_replacement,136,0.0,0.0
fluid,101,55,without_replacement,137,0.0,0.0
fluid,101,55,without_replacement,138,0.0,0.0
fluid,101,55,without_replacement,139,0.0,0.0
fluid,101,55,without_replacement,140,0.0,0.0
fluid,101,55,without_replacement,141,0.0,0.0
fluid,101,55,without_replacement,142,0.0,0.0
fluid,101,55,without_replacement,143,0.0,0.0
fluid,101,55,without_replacement,144,0.0,0.0
fluid,101,55,without_replacement,145,0.0,0.0
fluid,101,55,without_replacement,146,0.0,0.0
fluid,101,55,without_replacement,147,0.0,0.0
fluid,101,55,without_replacement,148,0.0,0.0
fluid,101,55,without_replacement,149,0.0,0.0
fluid,101,55,without_replacement,150,0.0,0.0
fluid,101,55,without_replacement,151,0.0,0.0
fluid,101,55,without_replacement,152,0.0,0.0
fluid,101,55,without_replacement,153,0.0,0.0
fluid,101,55,without_replacement,154,0.0,0.0
fluid,101,55,without_replacement,155,0.0,0.0
fluid,101,55,without_replacement,156,0.0,0.0
fluid,101,55,without_replacement,157,0.0,0.0
fluid,101,55,without_replacement,158,0.0,0.0
fluid,101,55,without_replacement,159,0.0,0.0
fluid,101,55,without_replacement,160,0.0,0.0
fluid,101,60,with_replacement,40,0.0,0.0
fluid,101,60,with_replacement,41,0.0,0.0
fluid,101,60,with_replacement,42,0.0,0.0
fluid,101,60,with_replacement,43,0.0,0.0
fluid,101,60,with_replacement,44,0.0,0.0
fluid,101,60,with_replacement,45,0.0,0.0
fluid,101,60,with_replacement,46,0.0,0.0
fluid,101,60,with_replacement,47,0.0,0.0
fluid,101,60,with_replacement,48,0.0,0.0
fluid,101,60,with_replacement,49,0.0,0.0
fluid,101,60,with_replacement,50,0.0,0.0
fluid,101,60,with_replacement,51,0.0,0.0
fluid,101,60,with_replacement,52,0.0,0.0
fluid,101,60,with_replacement,53,0.0,0.0
fluid,101,60,with_replacement,54,0.0,0.0
fluid,101,60,with_replacement,55,0.0,0.0
fluid,101,60,with_replacement,56,0.0,0.0
fluid,101,60,with_replacement,57,0.0,0.0
fluid,101,60,with_replacement,58,0.0,0.0
fluid,101,60,with_replacement,59,0.0,0.0
fluid,101,60,with_replacement,60,0.0,0.0
fluid,101,60,with_replacement,61,0.0,0.0
fluid,101,60,with_replacement,62,0.0,0.0
fluid,101,60,with_replacement,63,0.0,1.794457794309692e-23
fluid,101,60,with_replacement,64,0.0,0.0
fluid,101,60,with_replacement,65,0.0,0.0
fluid,101,60,with_replacement,66,0.0,0.0
fluid,101,60,with_replacement,67,0.0,2.051303412245217e-22
fluid,101,60,with_replacement,68,0.0,0.0
fluid,101,60,with_replacement,69,0.0,1.6775253459825761e-21
fluid,101,60,with_replacement,70,0.0,0.0
fluid,101,60,with_replacement,71,0.0,1.2796474081295288e-20
fluid,101,60,with_replacement,72,0.0,0.0
fluid,101,60,with_replacement,73,0.0,8.056164310534595e-20
fluid,101,60,with_replacement,74,0.0,4.734067545160174e-19
fluid,101,60,with_replacement,75,0.0,2.4703695320825715e-18
fluid,101,60,with_replacement,76,0.0,1.2123267689903474e-17
fluid,101,60,with_replacement,77,0.0,5.465626884379685e-17
fluid,101,60,with_replacement,78,0.0,2.3345555822714093e-16
fluid,101,60,with_replacement,79,0.0,9.334701160920106e-16
fluid,101,60,with_replacement,80,0.0,1.640501330214538e-14
fluid,101,60,with_replacement,81,0.0,4.444075259069276e-14
fluid,101,60,with_replacement,82,0.0,6.13046427354381e-13
fluid,101,60,with_replacement,83,0.0,5.609997523625495e-12
fluid,101,60,with_replacement,84,0.0,4.455123192419907e-11
fluid,101,60,with_replacement,85,0.0,3.1064721719741777e-10
fluid,101,60,with_replacement,86,0.0,1.9200397226421314e-09
fluid,101,60,with_replacement,87,0.0,2.714329235906956e-08
fluid,101,60,with_replacement,88,0.0,1.1291930558305746e-07
fluid,101,60,with_replacement,89,3e-06,1.1236202171183757e-06
fluid,101,60,with_replacement,90,3e-06,3.5868576188298633e-06
fluid,101,60,with_replacement,91,3.2e-05,2.616923188867509e-05
fluid,101,60,with_replacement,92,0.00014,0.00013410897624133945
fluid,101,60,with_replacement,93,0.000555,0.0005734096527526465
fluid,101,60,with_replacement,94,0.00203,0.0020586982788789007
fluid,101,60,with_replacement,95,0.00622,0.006237216549108899
fluid,101,60,with_replacement,96,0.016235,0.016009401686492432
fluid,101,60,with_replacement,97,0.034867,0.03491294558669365
fluid,101,60,with_replacement,98,0.094612,0.09465482633391636
fluid,101,60,with_replacement,99,0.115517,0.11538271932044947
fluid,101,60,with_replacement,100,0.147895,0.14763349935868475
fluid,101,60,with_replacement,101,0.16067,0.16096002266522716
fluid,101,60,with_replacement,102,0.149499,0.14930782781270616
fluid,101,60,with_replacement,103,0.117618,0.1175679007714356
fluid,101,60,with_replacement,104,0.078193,0.0783259246429384
fluid,101,60,with_replacement,105,0.043632,0.04396425845168165
fluid,101,60,with_replacement,106,0.02063,0.020676366255816467
fluid,101,60,with_replacement,107,0.008182,0.008092675237983444
fluid,101,60,with_replacement,108,0.002021,0.0020725119720390746
fluid,101,60,with_replacement,109,0.001127,0.0010999408941214505
fluid,101,60,with_replacement,110,0.000209,0.0002071283034334626
fluid,101,60,with_replacement,111,9.8e-05,8.303681210765238e-05
fluid,101,60,with_replacement,112,8e-06,1.0999716129630759e-05
fluid,101,60,with_replacement,113,1e-06,2.789095294422502e-06
fluid,101,60,with_replacement,114,3e-06,6.239265761122956e-07
fluid,101,60,with_replacement,115,0.0,1.218431665311285e-07
fluid,101,60,with_replacement,116,0.0,1.4736058228922725e-08
fluid,101,60,with_replacement,117,0.0,7.91581915162479e-09
fluid,101,60,with_replacement,118,0.0,7.699479984007766e-10
fluid,101,60,with_replacement,119,0.0,2.608990952861932e-10
fluid,101,60,with_replacement,120,0.0,1.097671125334447e-10
fluid,101,60,with_replacement,121,0.0,7.302023144583293e-12
fluid,101,60,with_replacement,122,0.0,1.9219225609887433e-12
fluid,101,60,with_replacement,123,0.0,4.757281656413197e-13
fluid,101,60,with_replacement,124,0.0,0.0
fluid,101,60,with_replacement,125,0.0,1.0456905471427738e-13
fluid,101,60,with_replacement,126,0.0,2.1454363779763105e-14
fluid,101,60,with_replacement,127,0.0,0.0
fluid,101,60,with_replacement,128,0.0,3.632828213098069e-15
fluid,101,60,with_replacement,129,0.0,0.0
fluid,101,60,with_replacement,130,0.0,0.0
fluid,101,60,with_replacement,131,0.0,5.737941624144334e-16
fluid,101,60,with_replacement,132,0.0,0.0
fluid,101,60,with_replacement,133,0.0,0.0
fluid,101,60,with_replacement,134,0.0,0.0
fluid,101,60,with_replacement,135,0.0,6.623581843328273e-17
fluid,101,60,with_replacement,136,0.0,0.0
fluid,101,60,with_replacement,137,0.0,0.0
fluid,101,60,with_replacement,138,0.0,0.0
fluid,101,60,with_replacement,139,0.0,0.0
fluid,101,60,with_replacement,140,0.0,0.0
fluid,101,60,with_replacement,141,0.0,0.0
fluid,101,60,with_replacement,142,0.0,0.0
fluid,101,60,with_replacement,143,0.0,0.0
fluid,101,60,with_replacement,144,0.0,0.0
fluid,101,60,with_replacement,145,0.0,0.0
fluid,101,60,with_replacement,146,0.0,0.0
fluid,101,60,with_replacement,147,0.0,0.0
fluid,101,60,with_replacement,148,0.0,0.0
fluid,101,60,with_replacement,149,0.0,0.0
fluid,101,60,with_replacement,150,0.0,0.0
fluid,101,60,with_replacement,151,0.0,0.0
fluid,101,60,with_replacement,152,0.0,0.0
fluid,101,60,with_replacement,153,0.0,0.0
fluid,101,60,with_replacement,154,0.0,0.0
fluid,101,60,with_replacement,155,0.0,0.0
fluid,101,60,with_replacement,156,0.0,0.0
fluid,101,60,with_replacement,157,0.0,0.0
fluid,101,60,with_replacement,158,0.0,0.0
fluid,101,60,with_replacement,159,0.0,0.0
fluid,101,60,with_replacement,160,0.0,0.0
fluid,101,60,without_replacement,40,0.0,0.0
fluid,101,60,without_replacement,41,0.0,0.0
fluid,101,60,without_replacement,42,0.0,0.0
fluid,101,60,without_replacement,43,0.0,0.0
fluid,101,60,without_replacement,44,0.0,0.0
fluid,101,60,without_replacement,45,0.0,0.0
fluid,101,60,without_replacement,46,0.0,0.0
fluid,101,60,without_replacement,47,0.0,0.0
fluid,101,60,without_replacement,48,0.0,0.0
fluid,101,60,without_replacement,49,0.0,0.0
fluid,101,60,without_replacement,50,0.0,0.0
fluid,101,60,without_replacement,51,0.0,0.0
fluid,101,60,without_replacement,52,0.0,0.0
fluid,101,60,without_replacement,53,0.0,0.0
fluid,101,60,without_replacement,54,0.0,0.0
fluid,101,60,without_replacement,55,0.0,0.0
fluid,101,60,without_replacement,56,0.0,0.0
fluid,101,60,without_replacement,57,0.0,0.0
fluid,101,60,without_replacement,58,0.0,0.0
fluid,101,60,without_replacement,59,0.0,0.0
fluid,101,60,without_replacement,60,0.0,0.0
fluid,101,60,without_replacement,61,0.0,0.0
fluid,101,60,without_replacement,62,0.0,0.0
fluid,101,60,without_replacement,63,0.0,0.0
fluid,101,60,without_replacement,64,0.0,0.0
fluid,101,60,without_replacement,65,0.0,0.0
fluid,101,60,without_replacement,66,0.0,0.0
fluid,101,60,without_replacement,67,0.0,0.0
fluid,101,60,without_replacement,68,0.0,0.0
fluid,101,60,without_replacement,69,0.0,0.0
fluid,101,60,without_replacement,70,0.0,0.0
fluid,101,60,without_replacement,71,0.0,0.0
fluid,101,60,without_replacement,72,0.0,0.0
fluid,101,60,without_replacement,73,0.0,0.0
fluid,101,60,without_replacement,74,0.0,0.0
fluid,101,60,without_replacement,75,0.0,0.0
fluid,101,60,without_replacement,76,0.0,0.0
fluid,101,60,without_replacement,77,0.0,0.0
fluid,101,60,without_replacement,78,0.0,0.0
fluid,101,60,without_replacement,79,0.0,0.0
fluid,101,60,without_replacement,80,0.0,0.0
fluid,101,60,without_replacement,81,0.0,0.0
fluid,101,60,without_replacement,82,0.0,0.0
fluid,101,60,without_replacement,83,0.0,0.0
fluid,101,60,without_replacement,84,0.0,0.0
fluid,101,60,without_replacement,85,0.0,0.0
fluid,101,60,without_replacement,86,0.0,0.0
fluid,101,60,without_replacement,87,0.0,0.0
fluid,101,60,without_replacement,88,0.0,0.0
fluid,101,60,without_replacement,89,0.0,0.0
fluid,101,60,without_replacement,90,0.0,0.0
fluid,101,60,without_replacement,91,0.0,0.0
fluid,101,60,without_replacement,92,0.0,0.0
fluid,101,60,without_replacement,93,0.0,0.0
fluid,101,60,without_replacement,94,0.0,0.0
fluid,101,60,without_replacement,95,0.0,0.0
fluid,101,60,without_replacement,96,0.0,0.0
fluid,101,60,without_replacement,97,0.0,0.0
fluid,101,60,without_replacement,98,0.0,0.0
fluid,101,60,without_replacement,99,0.0,0.0
fluid,101,60,without_replacement,100,0.0,0.0
fluid,101,60,without_replacement,101,1.0,1.0
fluid,101,60,without_replacement,102,0.0,0.0
fluid,101,60,without_replacement,103,0.0,0.0
fluid,101,60,without_replacement,104,0.0,0.0
fluid,101,60,without_replacement,105,0.0,0.0
fluid,101,60,without_replacement,106,0.0,0.0
fluid,101,60,without_replacement,107,0.0,0.0
fluid,101,60,without_replacement,108,0.0,0.0
fluid,101,60,without_replacement,109,0.0,0.0
fluid,101,60,without_replacement,110,0.0,0.0
fluid,101,60,without_replacement,111,0.0,0.0
fluid,101,60,without_replacement,112,0.0,0.0
fluid,101,60,without_replacement,113,0.0,0.0
fluid,101,60,without_replacement,114,0.0,0.0
fluid,101,60,without_replacement,115,0.0,0.0
fluid,101,60,without_replacement,116,0.0,0.0
fluid,101,60,without_replacement,117,0.0,0.0
fluid,101,60,without_replacement,118,0.0,0.0
fluid,101,60,without_replacement,119,0.0,0.0
fluid,101,60,without_replacement,120,0.0,0.0
fluid,101,60,without_replacement,121,0.0,0.0
fluid,101,60,without_replacement,122,0.0,0.0
fluid,101,60,without_replacement,123,0.0,0.0
fluid,101,60,without_replacement,124,0.0,0.0
fluid,101,60,without_replacement,125,0.0,0.0
fluid,101,60,without_replacement,126,0.0,0.0
fluid,101,60,without_replacement,127,0.0,0.0
fluid,101,60,without_replacement,128,0.0,0.0
fluid,101,60,without_replacement,129,0.0,0.0
fluid,101,60,without_replacement,130,0.0,0.0
fluid,101,60,without_replacement,131,0.0,0.0
fluid,101,60,without_replacement,132,0.0,0.0
fluid,101,60,without_replacement,133,0.0,0.0
fluid,101,60,without_replacement,134,0.0,0.0
fluid,101,60,without_replacement,135,0.0,0.0
fluid,101,60,without_replacement,136,0.0,0.0
fluid,101,60,without_replacement,137,0.0,0.0
fluid,101,60,without_replacement,138,0.0,0.0
fluid,101,60,without_replacement,139,0.0,0.0
fluid,101,60,without_replacement,140,0.0,0.0
fluid,101,60,without_replacement,141,0.0,0.0
fluid,101,60,without_replacement,142,0.0,0.0
fluid,101,60,without_replacement,143,0.0,0.0
fluid,101,60,without_replacement,144,0.0,0.0
fluid,101,60,without_replacement,145,0.0,0.0
fluid,101,60,without_replacement,146,0.0,0.0
fluid,101,60,without_replacement,147,0.0,0.0
fluid,101,60,without_replacement,148,0.0,0.0
fluid,101,60,without_replacement,149,0.0,0.0
fluid,101,60,without_replacement,150,0.0,0.0
fluid,101,60,without_replacement,151,0.0,0.0
fluid,101,60,without_replacement,152,0.0,0.0
fluid,101,60,without_replacement,153,0.0,0.0
fluid,101,60,without_replacement,154,0.0,0.0
fluid,101,60,without_replacement,155,0.0,0.0
fluid,101,60,without_replacement,156,0.0,0.0
fluid,101,60,without_replacement,157,0.0,0.0
fluid,101,60,without_replacement,158,0.0,0.0
fluid,101,60,without_replacement,159,0.0,0.0
fluid,101,60,without_replacement,160,0.0,0.0
numerical,101,15,with_replacement,40,0.0,0.0
numerical,101,15,with_replacement,41,0.0,0.0
numerical,101,15,with_replacement,42,0.0,0.0
numerical,101,15,with_replacement,43,0.0,0.0
numerical,101,15,with_replacement,44,0.0,0.0
numerical,101,15,with_replacement,45,0.0,0.0
numerical,101,15,with_replacement,46,0.0,0.0
numerical,101,15,with_replacement,47,0.0,0.0
numerical,101,15,with_replacement,48,0.0,0.0
numerical,101,15,with_replacement,49,0.0,0.0
numerical,101,15,with_replacement,50,0.0,0.0
numerical,101,15,with_replacement,51,0.0,0.0
numerical,101,15,with_replacement,52,0.0,0.0
numerical,101,15,with_replacement,53,0.0,0.0
numerical,101,15,with_replacement,54,0.0,0.0
numerical,101,15,with_replacement,55,0.0,0.0
numerical,101,15,with_replacement,56,0.0,0.0
numerical,101,15,with_replacement,57,0.0,0.0
numerical,101,15,with_replacement,58,0.0,0.0
numerical,101,15,with_replacement,59,0.0,0.0
numerical,101,15,with_replacement,60,0.0,0.0
numerical,101,15,with_replacement,61,0.0,0.0
numerical,101,15,with_replacement,62,0.0,0.0
numerical,101,15,with_replacement,63,0.0,0.0
numerical,101,15,with_replacement,64,0.0,0.0
numerical,101,15,with_replacement,65,0.0,0.0
numerical,101,15,with_replacement,66,0.0,0.0
numerical,101,15,with_replacement,67,0.0,0.0
numerical,101,15,with_replacement,68,0.0,0.0
numerical,101,15,with_replacement,69,0.0,0.0
numerical,101,15,with_replacement,70,0.0,0.0
numerical,101,15,with_replacement,71,1e-06,2.255611807939681e-06
numerical,101,15,with_replacement,72,0.0,0.0
numerical,101,15,with_replacement,73,0.0,0.0
numerical,101,15,with_replacement,74,0.0,0.0
numerical,101,15,with_replacement,75,0.0,0.0
numerical,101,15,with_replacement,76,9e-06,1.1845968716396229e-05
numerical,101,15,with_replacement,77,0.0,0.0
numerical,101,15,with_replacement,78,0.0,0.0
numerical,101,15,with_replacement,79,5.3e-05,4.2945894951703704e-05
numerical,101,15,with_replacement,80,0.0,0.0
numerical,101,15,with_replacement,81,0.0,0.0
numerical,101,15,with_replacement,82,0.000169,0.0001568118000189687
numerical,101,15,with_replacement,83,0.0,0.0
numerical,101,15,with_replacement,84,0.000414,0.0004330515575134007
numerical,101,15,with_replacement,85,0.0,0.0
numerical,101,15,with_replacement,86,0.001174,0.0011651144088782976
numerical,101,15,with_replacement,87,0.0,0.0
numerical,101,15,with_replacement,88,0.002541,0.0025998953856633134
numerical,101,15,with_replacement,89,0.005659,0.00559375341498208
numerical,101,15,with_replacement,90,0.0,0.0
numerical,101,15,with_replacement,91,0.010573,0.010420691498352057
numerical,101,15,with_replacement,92,0.018716,0.018652799981028374
numerical,101,15,with_replacement,93,0.0,0.0
numerical,101,15,with_replacement,94,0.029677,0.029568976957744582
numerical,101,15,with_replacement,95,0.045245,0.0449888348074854
numerical,101,15,with_replacement,96,0.061118,0.06134848184648123
numerical,101,15,with_replacement,97,0.080545,0.08026979280495934
numerical,101,15,with_replacement,98,0.0,0.0
numerical,101,15,with_replacement,99,0.094874,0.09462535906249375
numerical,101,15,with_replacement,100,0.106498,0.10702639040661249
numerical,101,15,with_replacement,101,0.108849,0.10906396772707792
numerical,101,15,with_replacement,102,0.106341,0.10664020102515079
numerical,101,15,with_replacement,103,0.0,0.0
numerical,101,15,with_replacement,104,0.093756,0.09345256915040273
numerical,101,15,with_replacement,105,0.078143,0.07860274559906608
numerical,101,15,with_replacement,106,0.0,0.0
numerical,101,15,with_replacement,107,0.058624,0.05855027760939647
numerical,101,15,with_replacement,108,0.041942,0.04190583262508743
numerical,101,15,with_replacement,109,0.0,0.0
numerical,101,15,with_replacement,110,0.026077,0.02596963023850503
numerical,101,15,with_replacement,111,0.015604,0.01551733737748269
numerical,101,15,with_replacement,112,0.0,0.0
numerical,101,15,with_replacement,113,0.007692,0.007690011176669759
numerical,101,15,with_replacement,114,0.0,0.0
numerical,101,15,with_replacement,115,0.003703,0.0037128281035905897
numerical,101,15,with_replacement,116,0.0,0.0
numerical,101,15,with_replacement,117,0.0,0.0
numerical,101,15,with_replacement,118,0.001363,0.001355771489060957
numerical,101,15,with_replacement,119,0.0,0.0
numerical,101,15,with_replacement,120,0.0,0.0
numerical,101,15,with_replacement,121,0.000502,0.0004986251239785726
numerical,101,15,with_replacement,122,0.0,0.0
numerical,101,15,with_replacement,123,0.0,0.0
numerical,101,15,with_replacement,124,0.0,0.0
numerical,101,15,with_replacement,125,0.0,0.0
numerical,101,15,with_replacement,126,0.000138,0.00013320134684478534
numerical,101,15,with_replacement,127,0.0,0.0
numerical,101,15,with_replacement,128,0.0,0.0
numerical,101,15,with_replacement,129,0.0,0.0
numerical,101,15,with_replacement,130,0.0,0.0
numerical,101,15,with_replacement,131,0.0,0.0
numerical,101,15,with_replacement,132,0.0,0.0
numerical,101,15,with_replacement,133,0.0,0.0
numerical,101,15,with_replacement,134,0.0,0.0
numerical,101,15,with_replacement,135,0.0,0.0
numerical,101,15,with_replacement,136,0.0,0.0
numerical,101,15,with_replacement,137,0.0,0.0
numerical,101,15,with_replacement,138,0.0,0.0
numerical,101,15,with_replacement,139,0.0,0.0
numerical,101,15,with_replacement,140,0.0,0.0
numerical,101,15,with_replacement,141,0.0,0.0
numerical,101,15,with_replacement,142,0.0,0.0
numerical,101,15,with_replacement,143,0.0,0.0
numerical,101,15,with_replacement,144,0.0,0.0
numerical,101,15,with_replacement,145,0.0,0.0
numerical,101,15,with_replacement,146,0.0,0.0
numerical,101,15,with_replacement,147,0.0,0.0
numerical,101,15,with_replacement,148,0.0,0.0
numerical,101,15,with_replacement,149,0.0,0.0
numerical,101,15,with_replacement,150,0.0,0.0
numerical,101,15,with_replacement,151,0.0,0.0
numerical,101,15,with_replacement,152,0.0,0.0
numerical,101,15,with_replacement,153,0.0,0.0
numerical,101,15,with_replacement,154,0.0,0.0
numerical,101,15,with_replacement,155,0.0,0.0
numerical,101,15,with_replacement,156,0.0,0.0
numerical,101,15,with_replacement,157,0.0,0.0
numerical,101,15,with_replacement,158,0.0,0.0
numerical,101,15,with_replacement,159,0.0,0.0
numerical,101,15,with_replacement,160,0.0,0.0
numerical,101,15,without_replacement,40,0.0,0.0
numerical,101,15,without_replacement,41,0.0,0.0
numerical,101,15,without_replacement,42,0.0,0.0
numerical,101,15,without_replacement,43,0.0,0.0
numerical,101,15,without_replacement,44,0.0,0.0
numerical,101,15,without_replacement,45,0.0,0.0
numerical,101,15,without_replacement,46,0.0,0.0
numerical,101,15,without_replacement,47,0.0,0.0
numerical,101,15,without_replacement,48,0.0,0.0
numerical,101,15,without_replacement,49,0.0,0.0
numerical,101,15,without_replacement,50,0.0,0.0
numerical,101,15,without_replacement,51,0.0,0.0
numerical,101,15,without_replacement,52,0.0,0.0
numerical,101,15,without_replacement,53,0.0,0.0
numerical,101,15,without_replacement,54,0.0,0.0
numerical,101,15,without_replacement,55,0.0,0.0
numerical,101,15,without_replacement,56,0.0,0.0
numerical,101,15,without_replacement,57,0.0,0.0
numerical,101,15,without_replacement,58,0.0,0.0
numerical,101,15,without_replacement,59,0.0,0.0
numerical,101,15,without_replacement,60,0.0,0.0
numerical,101,15,without_replacement,61,0.0,0.0
numerical,101,15,without_replacement,62,0.0,0.0
numerical,101,15,without_replacement,63,0.0,0.0
numerical,101,15,without_replacement,64,0.0,0.0
numerical,101,15,without_replacement,65,0.0,0.0
numerical,101,15,without_replacement,66,0.0,0.0
numerical,101,15,without_replacement,67,0.0,0.0
numerical,101,15,without_replacement,68,0.0,0.0
numerical,101,15,without_replacement,69,0.0,0.0
numerical,101,15,without_replacement,70,0.0,0.0
numerical,101,15,without_replacement,71,0.0,4.2457848881268484e-07
numerical,101,15,without_replacement,72,0.0,0.0
numerical,101,15,without_replacement,73,0.0,0.0
numerical,101,15,without_replacement,74,0.0,0.0
numerical,101,15,without_replacement,75,0.0,0.0
numerical,101,15,without_replacement,76,1e-06,2.7371762151115636e-06
numerical,101,15,without_replacement,77,0.0,0.0
numerical,101,15,without_replacement,78,0.0,0.0
numerical,101,15,without_replacement,79,2e-05,1.3181004054581979e-05
numerical,101,15,without_replacement,80,0.0,0.0
numerical,101,15,without_replacement,81,0.0,0.0
numerical,101,15,without_replacement,82,5.1e-05,5.5611752181245397e-05
numerical,101,15,without_replacement,83,0.0,0.0
numerical,101,15,without_replacement,84,0.000209,0.00018971545799772042
numerical,101,15,without_replacement,85,0.0,0.0
numerical,101,15,without_replacement,86,0.000572,0.0005792220745963871
numerical,101,15,without_replacement,87,0.0,0.0
numerical,101,15,without_replacement,88,0.001513,0.0015229660594980401
numerical,101,15,without_replacement,89,0.003643,0.003634929390169573
numerical,101,15,without_replacement,90,0.0,0.0
numerical,101,15,without_replacement,91,0.007767,0.007690105004798921
numerical,101,15,without_replacement,92,0.014701,0.01490420492418923
numerical,101,15,without_replacement,93,0.0,0.0
numerical,101,15,without_replacement,94,0.025895,0.025994655114526886
numerical,101,15,without_replacement,95,0.041562,0.041774383888424686
numerical,101,15,without_replacement,96,0.06104,0.06090163157563748
numerical,101,15,without_replacement,97,0.082495,0.08208196418855827
numerical,101,15,without_replacement,98,0.0,0.0
numerical,101,15,without_replacement,99,0.10084,0.10071441337245757
numerical,101,15,without_replacement,100,0.114144,0.11440338914134898
numerical,101,15,without_replacement,101,0.118521,0.11829815594303862
numerical,101,15,without_replacement,102,0.113021,0.11320577941815282
numerical,101,15,without_replacement,103,0.0,0.0
numerical,101,15,without_replacement,104,0.098096,0.09824826531106914
numerical,101,15,without_replacement,105,0.079159,0.07874513674743598
numerical,101,15,without_replacement,106,0.0,0.0
numerical,101,15,without_replacement,107,0.05666,0.05675463767143539
numerical,101,15,without_replacement,108,0.037514,0.03762508216917154
numerical,101,15,without_replacement,109,0.0,0.0
numerical,101,15,without_replacement,110,0.02198,0.022071704129512183
numerical,101,15,without_replacement,111,0.011896,0.011835669122163215
numerical,101,15,without_replacement,112,0.0,0.0
numerical,101,15,without_replacement,113,0.005367,0.005443941639290655
numerical,101,15,without_replacement,114,0.0,0.0
numerical,101,15,without_replacement,115,0.002304,0.0022699081949898395
numerical,101,15,without_replacement,116,0.0,0.0
numerical,101,15,without_replacement,117,0.0,0.0
numerical,101,15,without_replacement,118,0.000737,0.0007578750139359148
numerical,101,15,without_replacement,119,0.0,0.0
numerical,101,15,without_replacement,120,0.0,0.0
numerical,101,15,without_replacement,121,0.000236,0.00022776506569223046
numerical,101,15,without_replacement,122,0.0,0.0
numerical,101,15,without_replacement,123,0.0,0.0
numerical,101,15,without_replacement,124,0.0,0.0
numerical,101,15,without_replacement,125,0.0,0.0
numerical,101,15,without_replacement,126,5.6e-05,5.2544870968998275e-05
numerical,101,15,without_replacement,127,0.0,0.0
numerical,101,15,without_replacement,128,0.0,0.0
numerical,101,15,without_replacement,129,0.0,0.0
numerical,101,15,without_replacement,130,0.0,0.0
numerical,101,15,without_replacement,131,0.0,0.0
numerical,101,15,without_replacement,132,0.0,0.0
numerical,101,15,without_replacement,133,0.0,0.0
numerical,101,15,without_replacement,134,0.0,0.0
numerical,101,15,without_replacement,135,0.0,0.0
numerical,101,15,without_replacement,136,0.0,0.0
numerical,101,15,without_replacement,137,0.0,0.0
numerical,101,15,without_replacement,138,0.0,0.0
numerical,101,15,without_replacement,139,0.0,0.0
numerical,101,15,without_replacement,140,0.0,0.0
numerical,101,15,without_replacement,141,0.0,0.0
numerical,101,15,without_replacement,142,0.0,0.0
numerical,101,15,without_replacement,143,0.0,0.0
numerical,101,15,without_replacement,144,0.0,0.0
numerical,101,15,without_replacement,145,0.0,0.0
numerical,101,15,without_replacement,146,0.0,0.0
numerical,101,15,without_replacement,147,0.0,0.0
numerical,101,15,without_replacement,148,0.0,0.0
numerical,101,15,without_replacement,149,0.0,0.0
numerical,101,15,without_replacement,150,0.0,0.0
numerical,101,15,without_replacement,151,0.0,0.0
numerical,101,15,without_replacement,152,0.0,0.0
numerical,101,15,without_replacement,153,0.0,0.0
numerical,101,15,without_replacement,154,0.0,0.0
numerical,101,15,without_replacement,155,0.0,0.0
numerical,101,15,without_replacement,156,0.0,0.0
numerical,101,15,without_replacement,157,0.0,0.0
numerical,101,15,without_replacement,158,0.0,0.0
numerical,101,15,without_replacement,159,0.0,0.0
numerical,101,15,without_replacement,160,0.0,0.0
numerical,101,20,with_replacement,40,0.0,0.0
numerical,101,20,with_replacement,41,0.0,0.0
numerical,101,20,with_replacement,42,0.0,0.0
numerical,101,20,with_replacement,43,0.0,0.0
numerical,101,20,with_replacement,44,0.0,0.0
numerical,101,20,with_replacement,45,0.0,0.0
numerical,101,20,with_replacement,46,0.0,0.0
numerical,101,20,with_replacement,47,0.0,0.0
numerical,101,20,with_replacement,48,0.0,0.0
numerical,101,20,with_replacement,49,0.0,0.0
numerical,101,20,with_replacement,50,0.0,0.0
numerical,101,20,with_replacement,51,0.0,0.0
numerical,101,20,with_replacement,52,0.0,0.0
numerical,101,20,with_replacement,53,0.0,0.0
numerical,101,20,with_replacement,54,0.0,0.0
numerical,101,20,with_replacement,55,0.0,0.0
numerical,101,20,with_replacement,56,0.0,0.0
numerical,101,20,with_replacement,57,0.0,0.0
numerical,101,20,with_replacement,58,0.0,0.0
numerical,101,20,with_replacement,59,0.0,0.0
numerical,101,20,with_replacement,60,0.0,0.0
numerical,101,20,with_replacement,61,0.0,0.0
numerical,101,20,with_replacement,62,0.0,0.0
numerical,101,20,with_replacement,63,0.0,0.0
numerical,101,20,with_replacement,64,0.0,0.0
numerical,101,20,with_replacement,65,0.0,0.0
numerical,101,20,with_replacement,66,0.0,0.0
numerical,101,20,with_replacement,67,0.0,0.0
numerical,101,20,with_replacement,68,0.0,0.0
numerical,101,20,with_replacement,69,0.0,2.0428300380804634e-08
numerical,101,20,with_replacement,70,0.0,0.0
numerical,101,20,with_replacement,71,0.0,0.0
numerical,101,20,with_replacement,72,0.0,0.0
numerical,101,20,with_replacement,73,0.0,0.0
numerical,101,20,with_replacement,74,0.0,1.2774871550732261e-07
numerical,101,20,with_replacement,75,0.0,0.0
numerical,101,20,with_replacement,76,0.0,0.0
numerical,101,20,with_replacement,77,0.0,5.859515534774474e-07
numerical,101,20,with_replacement,78,0.0,0.0
numerical,101,20,with_replacement,79,2e-06,2.5121021254493637e-06
numerical,101,20,with_replacement,80,0.0,0.0
numerical,101,20,with_replacement,81,4e-06,8.667085461493634e-06
numerical,101,20,with_replacement,82,0.0,0.0
numerical,101,20,with_replacement,83,2.3e-05,2.78749706228841e-05
numerical,101,20,with_replacement,84,0.0,0.0
numerical,101,20,with_replacement,85,8e-05,7.779336916484891e-05
numerical,101,20,with_replacement,86,0.000211,0.00020333763220917268
numerical,101,20,with_replacement,87,0.000501,0.000477647133042798
numerical,101,20,with_replacement,88,0.0,0.0
numerical,101,20,with_replacement,89,0.000987,0.001056183278165778
numerical,101,20,with_replacement,90,0.002249,0.0021394704834689906
numerical,101,20,with_replacement,91,0.004146,0.004096622211230145
numerical,101,20,with_replacement,92,0.007311,0.007268526975796892
numerical,101,20,with_replacement,93,0.012011,0.012228933302525967
numerical,101,20,with_replacement,94,0.019207,0.019200414139198305
numerical,101,20,with_replacement,95,0.028556,0.028649914767241956
numerical,101,20,with_replacement,96,0.039716,0.0400677731642885
numerical,101,20,with_replacement,97,0.053782,0.05333039900629363
numerical,101,20,with_replacement,98,0.066784,0.06668597554205852
numerical,101,20,with_replacement,99,0.079144,0.07941484630870348
numerical,101,20,with_replacement,100,0.089084,0.08891463405607793
numerical,101,20,with_replacement,101,0.190348,0.18978506054876138
numerical,101,20,with_replacement,102,0.090223,0.09054787877054254
numerical,101,20,with_replacement,103,0.080388,0.08091038715448162
numerical,101,20,with_replacement,104,0.069071,0.06871016571625008
numerical,101,20,with_replacement,105,0.054289,0.05445246729376121
numerical,101,20,with_replacement,106,0.0,0.0
numerical,101,20,with_replacement,107,0.040943,0.040920017258829204
numerical,101,20,with_replacement,108,0.028792,0.028494098989915048
numerical,101,20,with_replacement,109,0.018622,0.018755413928871888
numerical,101,20,with_replacement,110,0.011131,0.011309236287997688
numerical,101,20,with_replacement,111,0.006467,0.006419225043799453
numerical,101,20,with_replacement,112,0.0,0.0
numerical,101,20,with_replacement,113,0.003354,0.003274508761013702
numerical,101,20,with_replacement,114,0.001562,0.0015644321445822708
numerical,101,20,with_replacement,115,0.0,0.0
numerical,101,20,with_replacement,116,0.00068,0.0006485659257662016
numerical,101,20,with_replacement,117,0.0,0.0
numerical,101,20,with_replacement,118,0.000233,0.0002506438637455606
numerical,101,20,with_replacement,119,0.0,0.0
numerical,101,20,with_replacement,120,7.5e-05,7.795073819834164e-05
numerical,101,20,with_replacement,121,0.0,0.0
numerical,101,20,with_replacement,122,0.0,0.0
numerical,101,20,with_replacement,123,1.9e-05,2.2659681489791656e-05
numerical,101,20,with_replacement,124,0.0,0.0
numerical,101,20,with_replacement,125,0.0,0.0
numerical,101,20,with_replacement,126,0.0,0.0
numerical,101,20,with_replacement,127,0.0,0.0
numerical,101,20,with_replacement,128,5e-06,5.028235748583061e-06
numerical,101,20,with_replacement,129,0.0,0.0
numerical,101,20,with_replacement,130,0.0,0.0
numerical,101,20,with_replacement,131,0.0,0.0
numerical,101,20,with_replacement,132,0.0,0.0
numerical,101,20,with_replacement,133,0.0,0.0
numerical,101,20,with_replacement,134,0.0,0.0
numerical,101,20,with_replacement,135,0.0,0.0
numerical,101,20,with_replacement,136,0.0,0.0
numerical,101,20,with_replacement,137,0.0,0.0
numerical,101,20,with_replacement,138,0.0,0.0
numerical,101,20,with_replacement,139,0.0,0.0
numerical,101,20,with_replacement,140,0.0,0.0
numerical,101,20,with_replacement,141,0.0,0.0
numerical,101,20,with_replacement,142,0.0,0.0
numerical,101,20,with_replacement,143,0.0,0.0
numerical,101,20,with_replacement,144,0.0,0.0
numerical,101,20,with_replacement,145,0.0,0.0
numerical,101,20,with_replacement,146,0.0,0.0
numerical,101,20,with_replacement,147,0.0,0.0
numerical,101,20,with_replacement,148,0.0,0.0
numerical,101,20,with_replacement,149,0.0,0.0
numerical,101,20,with_replacement,150,0.0,0.0
numerical,101,20,with_replacement,151,0.0,0.0
numerical,101,20,with_replacement,152,0.0,0.0
numerical,101,20,with_replacement,153,0.0,0.0
numerical,101,20,with_replacement,154,0.0,0.0
numerical,101,20,with_replacement,155,0.0,0.0
numerical,101,20,with_replacement,156,0.0,0.0
numerical,101,20,with_replacement,157,0.0,0.0
numerical,101,20,with_replacement,158,0.0,0.0
numerical,101,20,with_replacement,159,0.0,0.0
numerical,101,20,with_replacement,160,0.0,0.0
numerical,101,20,without_replacement,40,0.0,0.0
numerical,101,20,without_replacement,41,0.0,0.0
numerical,101,20,without_replacement,42,0.0,0.0
numerical,101,20,without_replacement,43,0.0,0.0
numerical,101,20,without_replacement,44,0.0,0.0
numerical,101,20,without_replacement,45,0.0,0.0
numerical,101,20,without_replacement,46,0.0,0.0
numerical,101,20,without_replacement,47,0.0,0.0
numerical,101,20,without_replacement,48,0.0,0.0
numerical,101,20,without_replacement,49,0.0,0.0
numerical,101,20,without_replacement,50,0.0,0.0
numerical,101,20,without_replacement,51,0.0,0.0
numerical,101,20,without_replacement,52,0.0,0.0
numerical,101,20,without_replacement,53,0.0,0.0
numerical,101,20,without_replacement,54,0.0,0.0
numerical,101,20,without_replacement,55,0.0,0.0
numerical,101,20,without_replacement,56,0.0,0.0
numerical,101,20,without_replacement,57,0.0,0.0
numerical,101,20,without_replacement,58,0.0,0.0
numerical,101,20,without_replacement,59,0.0,0.0
numerical,101,20,without_replacement,60,0.0,0.0
numerical,101,20,without_replacement,61,0.0,0.0
numerical,101,20,without_replacement,62,0.0,0.0
numerical,101,20,without_replacement,63,0.0,0.0
numerical,101,20,without_replacement,64,0.0,0.0
numerical,101,20,without_replacement,65,0.0,0.0
numerical,101,20,without_replacement,66,0.0,0.0
numerical,101,20,without_replacement,67,0.0,0.0
numerical,101,20,without_replacement,68,0.0,0.0
numerical,101,20,without_replacement,69,0.0,6.552387139495032e-10
numerical,101,20,without_replacement,70,0.0,0.0
numerical,101,20,without_replacement,71,0.0,0.0
numerical,101,20,without_replacement,72,0.0,0.0
numerical,101,20,without_replacement,73,0.0,0.0
numerical,101,20,without_replacement,74,0.0,5.8680267049255514e-09
numerical,101,20,without_replacement,75,0.0,0.0
numerical,101,20,without_replacement,76,0.0,0.0
numerical,101,20,without_replacement,77,0.0,4.054272996130381e-08
numerical,101,20,without_replacement,78,0.0,0.0
numerical,101,20,without_replacement,79,0.0,2.2934748588358272e-07
numerical,101,20,without_replacement,80,0.0,0.0
numerical,101,20,without_replacement,81,1e-06,1.0845891041822002e-06
numerical,101,20,without_replacement,82,0.0,0.0
numerical,101,20,without_replacement,83,7e-06,4.456758084404612e-06
numerical,101,20,without_replacement,84,0.0,0.0
numerical,101,20,without_replacement,85,1.8e-05,1.6098585965383797e-05
numerical,101,20,without_replacement,86,5.7e-05,5.2016245776418075e-05
numerical,101,20,without_replacement,87,0.000147,0.00015140941226939964
numerical,101,20,without_replacement,88,0.0,0.0
numerical,101,20,without_replacement,89,0.000413,0.00040085786630202904
numerical,101,20,without_replacement,90,0.000985,0.000969689382278108
numerical,101,20,without_replacement,91,0.002164,0.002155936801603062
numerical,101,20,without_replacement,92,0.004516,0.004418714352559753
numerical,101,20,without_replacement,93,0.008405,0.008380710030956954
numerical,101,20,without_replacement,94,0.014544,0.01473726725917948
numerical,101,20,without_replacement,95,0.024275,0.024088964828421797
numerical,101,20,without_replacement,96,0.037038,0.03664024586756995
numerical,101,20,without_replacement,97,0.052216,0.05194787039076312
numerical,101,20,without_replacement,98,0.069283,0.06867956391112248
numerical,101,20,without_replacement,99,0.084465,0.0847570632114417
numerical,101,20,without_replacement,100,0.096671,0.09761620085366621
numerical,101,20,without_replacement,101,0.21045,0.21026498693223977
numerical,101,20,without_replacement,102,0.098568,0.0985263272553687
numerical,101,20,without_replacement,103,0.085513,0.08585453068316132
numerical,101,20,without_replacement,104,0.069246,0.06962934611640195
numerical,101,20,without_replacement,105,0.052723,0.052417596887273224
numerical,101,20,without_replacement,106,0.0,0.0
numerical,101,20,without_replacement,107,0.036761,0.03658672483163046
numerical,101,20,without_replacement,108,0.023596,0.02357787694842365
numerical,101,20,without_replacement,109,0.013989,0.014004218808436868
numerical,101,20,without_replacement,110,0.007562,0.0076147994321189415
numerical,101,20,without_replacement,111,0.003754,0.00378143496786061
numerical,101,20,without_replacement,112,0.0,0.0
numerical,101,20,without_replacement,113,0.001632,0.0016953528017372766
numerical,101,20,without_replacement,114,0.000669,0.0006842491075942007
numerical,101,20,without_replacement,115,0.0,0.0
numerical,101,20,without_replacement,116,0.000222,0.00024321601148465625
numerical,101,20,without_replacement,117,0.0,0.0
numerical,101,20,without_replacement,118,9.2e-05,7.597720948240581e-05
numerical,101,20,without_replacement,119,0.0,0.0
numerical,101,20,without_replacement,120,1.1e-05,1.9829313349410864e-05
numerical,101,20,without_replacement,121,0.0,0.0
numerical,101,20,without_replacement,122,0.0,0.0
numerical,101,20,without_replacement,123,7e-06,4.348533629256768e-06
numerical,101,20,without_replacement,124,0.0,0.0
numerical,101,20,without_replacement,125,0.0,0.0
numerical,101,20,without_replacement,126,0.0,0.0
numerical,101,20,without_replacement,127,0.0,0.0
numerical,101,20,without_replacement,128,0.0,7.57399261580205e-07
numerical,101,20,without_replacement,129,0.0,0.0
numerical,101,20,without_replacement,130,0.0,0.0
numerical,101,20,without_replacement,131,0.0,0.0
numerical,101,20,without_replacement,132,0.0,0.0
numerical,101,20,without_replacement,133,0.0,0.0
numerical,101,20,without_replacement,134,0.0,0.0
numerical,101,20,without_replacement,135,0.0,0.0
numerical,101,20,without_replacement,136,0.0,0.0
numerical,101,20,without_replacement,137,0.0,0.0
numerical,101,20,without_replacement,138,0.0,0.0
numerical,101,20,without_replacement,139,0.0,0.0
numerical,101,20,without_replacement,140,0.0,0.0
numerical,101,20,without_replacement,141,0.0,0.0
numerical,101,20,without_replacement,142,0.0,0.0
numerical,101,20,without_replacement,143,0.0,0.0
numerical,101,20,without_replacement,144,0.0,0.0
numerical,101,20,without_replacement,145,0.0,0.0
numerical,101,20,without_replacement,146,0.0,0.0
numerical,101,20,without_replacement,147,0.0,0.0
numerical,101,20,without_replacement,148,0.0,0.0
numerical,101,20,without_replacement,149,0.0,0.0
numerical,101,20,without_replacement,150,0.0,0.0
numerical,101,20,without_replacement,151,0.0,0.0
numerical,101,20,without_replacement,152,0.0,0.0
numerical,101,20,without_replacement,153,0.0,0.0
numerical,101,20,without_replacement,154,0.0,0.0
numerical,101,20,without_replacement,155,0.0,0.0
numerical,101,20,without_replacement,156,0.0,0.0
numerical,101,20,without_replacement,157,0.0,0.0
numerical,101,20,without_replacement,158,0.0,0.0
numerical,101,20,without_replacement,159,0.0,0.0
numerical,101,20,without_replacement,160,0.0,0.0
numerical,101,25,with_replacement,40,0.0,0.0
numerical,101,25,with_replacement,41,0.0,0.0
numerical,101,25,with_replacement,42,0.0,0.0
numerical,101,25,with_replacement,43,0.0,0.0
numerical,101,25,with_replacement,44,0.0,0.0
numerical,101,25,with_replacement,45,0.0,0.0
numerical,101,25,with_replacement,46,0.0,0.0
numerical,101,25,with_replacement,47,0.0,0.0
numerical,101,25,with_replacement,48,0.0,0.0
numerical,101,25,with_replacement,49,0.0,0.0
numerical,101,25,with_replacement,50,0.0,0.0
numerical,101,25,with_replacement,51,0.0,0.0
numerical,101,25,with_replacement,52,0.0,0.0
numerical,101,25,with_replacement,53,0.0,0.0
numerical,101,25,with_replacement,54,0.0,0.0
numerical,101,25,with_replacement,55,0.0,0.0
numerical,101,25,with_replacement,56,0.0,0.0
numerical,101,25,with_replacement,57,0.0,0.0
numerical,101,25,with_replacement,58,0.0,0.0
numerical,101,25,with_replacement,59,0.0,0.0
numerical,101,25,with_replacement,60,0.0,0.0
numerical,101,25,with_replacement,61,0.0,0.0
numerical,101,25,with_replacement,62,0.0,0.0
numerical,101,25,with_replacement,63,0.0,0.0
numerical,101,25,with_replacement,64,0.0,0.0
numerical,101,25,with_replacement,65,0.0,0.0
numerical,101,25,with_replacement,66,0.0,0.0
numerical,101,25,with_replacement,67,0.0,0.0
numerical,101,25,with_replacement,68,0.0,1.761033806625866e-10
numerical,101,25,with_replacement,69,0.0,0.0
numerical,101,25,with_replacement,70,0.0,0.0
numerical,101,25,with_replacement,71,0.0,0.0
numerical,101,25,with_replacement,72,0.0,1.271064543046151e-09
numerical,101,25,with_replacement,73,0.0,0.0
numerical,101,25,with_replacement,74,0.0,0.0
numerical,101,25,with_replacement,75,0.0,6.948783806995113e-09
numerical,101,25,with_replacement,76,0.0,0.0
numerical,101,25,with_replacement,77,0.0,0.0
numerical,101,25,with_replacement,78,0.0,3.4056426358959435e-08
numerical,101,25,with_replacement,79,0.0,1.3843803576323146e-07
numerical,101,25,with_replacement,80,0.0,0.0
numerical,101,25,with_replacement,81,1e-06,5.137847088219479e-07
numerical,101,25,with_replacement,82,3e-06,1.6872224770424919e-06
numerical,101,25,with_replacement,83,0.0,0.0
numerical,101,25,with_replacement,84,4e-06,5.130511147433727e-06
numerical,101,25,with_replacement,85,1.1e-05,1.4227040204433733e-05
numerical,101,25,with_replacement,86,3.1e-05,3.690229064561121e-05
numerical,101,25,with_replacement,87,8.8e-05,8.876813694972252e-05
numerical,101,25,with_replacement,88,0.00022,0.0002011865798825148
numerical,101,25,with_replacement,89,0.000458,0.0004272933713464591
numerical,101,25,with_replacement,90,0.00084,0.0008595786963993706
numerical,101,25,with_replacement,91,0.001604,0.001631602676437758
numerical,101,25,with_replacement,92,0.007855,0.007983355499544622
numerical,101,25,with_replacement,93,0.008237,0.00822040730471056
numerical,101,25,with_replacement,94,0.012659,0.012755411327378806
numerical,101,25,with_replacement,95,0.018783,0.01891052859812588
numerical,101,25,with_replacement,96,0.062459,0.06284905728803261
numerical,101,25,with_replacement,97,0.04673,0.04661579341653622
numerical,101,25,with_replacement,98,0.057823,0.05759186439431272
numerical,101,25,with_replacement,99,0.144478,0.14474285514968588
numerical,101,25,with_replacement,100,0.08273,0.08287252162939751
numerical,101,25,with_replacement,101,0.085721,0.08563409500596464
numerical,101,25,with_replacement,102,0.16483,0.16414407613068918
numerical,101,25,with_replacement,103,0.071223,0.07166826446768639
numerical,101,25,with_replacement,104,0.061594,0.061583517732225396
numerical,101,25,with_replacement,105,0.050876,0.05032871838097605
numerical,101,25,with_replacement,106,0.039205,0.039219725594791664
numerical,101,25,with_replacement,107,0.049216,0.0493257723177242
numerical,101,25,with_replacement,108,0.013659,0.013489349121441126
numerical,101,25,with_replacement,109,0.008293,0.008468423793648386
numerical,101,25,with_replacement,110,0.004989,0.004981950608580021
numerical,101,25,with_replacement,111,0.002793,0.0027614321333044364
numerical,101,25,with_replacement,112,0.001407,0.0014194965604214134
numerical,101,25,with_replacement,113,0.0,0.0
numerical,101,25,with_replacement,114,0.000711,0.0006825259339340117
numerical,101,25,with_replacement,115,0.000271,0.0002992744293386561
numerical,101,25,with_replacement,116,0.00013,0.00012151144074778982
numerical,101,25,with_replacement,117,0.0,0.0
numerical,101,25,with_replacement,118,4.2e-05,4.3654614837810804e-05
numerical,101,25,with_replacement,119,0.0,0.0
numerical,101,25,with_replacement,120,1.6e-05,1.4318995183234684e-05
numerical,101,25,with_replacement,121,0.0,0.0
numerical,101,25,with_replacement,122,8e-06,3.8954802367483774e-06
numerical,101,25,with_replacement,123,0.0,0.0
numerical,101,25,with_replacement,124,0.0,0.0
numerical,101,25,with_replacement,125,2e-06,9.500764343986771e-07
numerical,101,25,with_replacement,126,0.0,0.0
numerical,101,25,with_replacement,127,0.0,0.0
numerical,101,25,with_replacement,128,0.0,0.0
numerical,101,25,with_replacement,129,0.0,1.8137349575041107e-07
numerical,101,25,with_replacement,130,0.0,0.0
numerical,101,25,with_replacement,131,0.0,0.0
numerical,101,25,with_replacement,132,0.0,0.0
numerical,101,25,with_replacement,133,0.0,0.0
numerical,101,25,with_replacement,134,0.0,0.0
numerical,101,25,with_replacement,135,0.0,0.0
numerical,101,25,with_replacement,136,0.0,0.0
numerical,101,25,with_replacement,137,0.0,0.0
numerical,101,25,with_replacement,138,0.0,0.0
numerical,101,25,with_replacement,139,0.0,0.0
numerical,101,25,with_replacement,140,0.0,0.0
numerical,101,25,with_replacement,141,0.0,0.0
numerical,101,25,with_replacement,142,0.0,0.0
numerical,101,25,with_replacement,143,0.0,0.0
numerical,101,25,with_replacement,144,0.0,0.0
numerical,101,25,with_replacement,145,0.0,0.0
numerical,101,25,with_replacement,146,0.0,0.0
numerical,101,25,with_replacement,147,0.0,0.0
numerical,101,25,with_replacement,148,0.0,0.0
numerical,101,25,with_replacement,149,0.0,0.0
numerical,101,25,with_replacement,150,0.0,0.0
numerical,101,25,with_replacement,151,0.0,0.0
numerical,101,25,with_replacement,152,0.0,0.0
numerical,101,25,with_replacement,153,0.0,0.0
numerical,101,25,with_replacement,154,0.0,0.0
numerical,101,25,with_replacement,155,0.0,0.0
numerical,101,25,with_replacement,156,0.0,0.0
numerical,101,25,with_replacement,157,0.0,0.0
numerical,101,25,with_replacement,158,0.0,0.0
numerical,101,25,with_replacement,159,0.0,0.0
numerical,101,25,with_replacement,160,0.0,0.0
numerical,101,25,without_replacement,40,0.0,0.0
numerical,101,25,without_replacement,41,0.0,0.0
numerical,101,25,without_replacement,42,0.0,0.0
numerical,101,25,without_replacement,43,0.0,0.0
numerical,101,25,without_replacement,44,0.0,0.0
numerical,101,25,without_replacement,45,0.0,0.0
numerical,101,25,without_replacement,46,0.0,0.0
numerical,101,25,without_replacement,47,0.0,0.0
numerical,101,25,without_replacement,48,0.0,0.0
numerical,101,25,without_replacement,49,0.0,0.0
numerical,101,25,without_replacement,50,0.0,0.0
numerical,101,25,without_replacement,51,0.0,0.0
numerical,101,25,without_replacement,52,0.0,0.0
numerical,101,25,without_replacement,53,0.0,0.0
numerical,101,25,without_replacement,54,0.0,0.0
numerical,101,25,without_replacement,55,0.0,0.0
numerical,101,25,without_replacement,56,0.0,0.0
numerical,101,25,without_replacement,57,0.0,0.0
numerical,101,25,without_replacement,58,0.0,0.0
numerical,101,25,without_replacement,59,0.0,0.0
numerical,101,25,without_replacement,60,0.0,0.0
numerical,101,25,without_replacement,61,0.0,0.0
numerical,101,25,without_replacement,62,0.0,0.0
numerical,101,25,without_replacement,63,0.0,0.0
numerical,101,25,without_replacement,64,0.0,0.0
numerical,101,25,without_replacement,65,0.0,0.0
numerical,101,25,without_replacement,66,0.0,0.0
numerical,101,25,without_replacement,67,0.0,0.0
numerical,101,25,without_replacement,68,0.0,3.76808758844058e-13
numerical,101,25,without_replacement,69,0.0,0.0
numerical,101,25,without_replacement,70,0.0,0.0
numerical,101,25,without_replacement,71,0.0,0.0
numerical,101,25,without_replacement,72,0.0,4.8649624001441735e-12
numerical,101,25,without_replacement,73,0.0,0.0
numerical,101,25,without_replacement,74,0.0,0.0
numerical,101,25,without_replacement,75,0.0,4.724835694095397e-11
numerical,101,25,without_replacement,76,0.0,0.0
numerical,101,25,without_replacement,77,0.0,0.0
numerical,101,25,without_replacement,78,0.0,3.632603939553223e-10
numerical,101,25,without_replacement,79,0.0,2.325666701244082e-09
numerical,101,25,without_replacement,80,0.0,0.0
numerical,101,25,without_replacement,81,0.0,1.2777469272233386e-08
numerical,101,25,without_replacement,82,0.0,6.154273797097362e-08
numerical,101,25,without_replacement,83,0.0,0.0
numerical,101,25,without_replacement,84,0.0,2.6369322066429293e-07
numerical,101,25,without_replacement,85,2e-06,1.0167129264116896e-06
numerical,101,25,without_replacement,86,2e-06,3.5577969743062523e-06
numerical,101,25,without_replacement,87,7e-06,1.13790557915984e-05
numerical,101,25,without_replacement,88,3.3e-05,3.344728082121732e-05
numerical,101,25,without_replacement,89,8.6e-05,9.077632474734055e-05
numerical,101,25,without_replacement,90,0.00025,0.00022833456493971598
numerical,101,25,without_replacement,91,0.000535,0.0005340301903080885
numerical,101,25,without_replacement,92,0.003545,0.003536807072697132
numerical,101,25,without_replacement,93,0.004493,0.0045251791199347035
numerical,101,25,without_replacement,94,0.007958,0.00809393847638947
numerical,101,25,without_replacement,95,0.013366,0.013593643772700737
numerical,101,25,without_replacement,96,0.053303,0.05334081054166497
numerical,101,25,without_replacement,97,0.044464,0.044587194181524965
numerical,101,25,without_replacement,98,0.058933,0.05874620619361445
numerical,101,25,without_replacement,99,0.158494,0.1583119568526587
numerical,101,25,without_replacement,100,0.094384,0.09417757519921635
numerical,101,25,without_replacement,101,0.097669,0.09791786819592724
numerical,101,25,without_replacement,102,0.184101,0.18441637542903536
numerical,101,25,without_replacement,103,0.076649,0.0768341297107138
numerical,101,25,without_replacement,104,0.063164,0.06272840603819034
numerical,101,25,without_replacement,105,0.048301,0.04810437274934058
numerical,101,25,without_replacement,106,0.034465,0.034603744203000886
numerical,101,25,without_replacement,107,0.03813,0.037993303657336365
numerical,101,25,without_replacement,108,0.008618,0.008621169018771916
numerical,101,25,without_replacement,109,0.004717,0.00470804313338813
numerical,101,25,without_replacement,110,0.002416,0.0023829860286942732
numerical,101,25,without_replacement,111,0.001148,0.0011133236042622017
numerical,101,25,without_replacement,112,0.000492,0.00047773046457362815
numerical,101,25,without_replacement,113,0.0,0.0
numerical,101,25,without_replacement,114,0.00017,0.0001871209928413574
numerical,101,25,without_replacement,115,8.3e-05,6.637477361733343e-05
numerical,101,25,without_replacement,116,1.7e-05,2.1113067992401303e-05
numerical,101,25,without_replacement,117,0.0,0.0
numerical,101,25,without_replacement,118,4e-06,5.937960977640148e-06
numerical,101,25,without_replacement,119,0.0,0.0
numerical,101,25,without_replacement,120,1e-06,1.4513491141777309e-06
numerical,101,25,without_replacement,121,0.0,0.0
numerical,101,25,without_replacement,122,0.0,2.9887701918291536e-07
numerical,101,25,without_replacement,123,0.0,0.0
numerical,101,25,without_replacement,124,0.0,0.0
numerical,101,25,without_replacement,125,0.0,5.0035215264996994e-08
numerical,101,25,without_replacement,126,0.0,0.0
numerical,101,25,without_replacement,127,0.0,0.0
numerical,101,25,without_replacement,128,0.0,0.0
numerical,101,25,without_replacement,129,0.0,6.618232636318517e-09
numerical,101,25,without_replacement,130,0.0,0.0
numerical,101,25,without_replacement,131,0.0,0.0
numerical,101,25,without_replacement,132,0.0,0.0
numerical,101,25,without_replacement,133,0.0,0.0
numerical,101,25,without_replacement,134,0.0,0.0
numerical,101,25,without_replacement,135,0.0,0.0
numerical,101,25,without_replacement,136,0.0,0.0
numerical,101,25,without_replacement,137,0.0,0.0
numerical,101,25,without_replacement,138,0.0,0.0
numerical,101,25,without_replacement,139,0.0,0.0
numerical,101,25,without_replacement,140,0.0,0.0
numerical,101,25,without_replacement,141,0.0,0.0
numerical,101,25,without_replacement,142,0.0,0.0
numerical,101,25,without_replacement,143,0.0,0.0
numerical,101,25,without_replacement,144,0.0,0.0
numerical,101,25,without_replacement,145,0.0,0.0
numerical,101,25,without_replacement,146,0.0,0.0
numerical,101,25,without_replacement,147,0.0,0.0
numerical,101,25,without_replacement,148,0.0,0.0
numerical,101,25,without_replacement,149,0.0,0.0
numerical,101,25,without_replacement,150,0.0,0.0
numerical,101,25,without_replacement,151,0.0,0.0
numerical,101,25,without_replacement,152,0.0,0.0
numerical,101,25,without_replacement,153,0.0,0.0
numerical,101,25,without_replacement,154,0.0,0.0
numerical,101,25,without_replacement,155,0.0,0.0
numerical,101,25,without_replacement,156,0.0,0.0
numerical,101,25,without_replacement,157,0.0,0.0
numerical,101,25,without_replacement,158,0.0,0.0
numerical,101,25,without_replacement,159,0.0,0.0
numerical,101,25,without_replacement,160,0.0,0.0
numerical,101,30,with_replacement,40,0.0,0.0
numerical,101,30,with_replacement,41,0.0,0.0
numerical,101,30,with_replacement,42,0.0,0.0
numerical,101,30,with_replacement,43,0.0,0.0
numerical,101,30,with_replacement,44,0.0,0.0
numerical,101,30,with_replacement,45,0.0,0.0
numerical,101,30,with_replacement,46,0.0,0.0
numerical,101,30,with_replacement,47,0.0,0.0
numerical,101,30,with_replacement,48,0.0,0.0
numerical,101,30,with_replacement,49,0.0,0.0
numerical,101,30,with_replacement,50,0.0,0.0
numerical,101,30,with_replacement,51,0.0,0.0
numerical,101,30,with_replacement,52,0.0,0.0
numerical,101,30,with_replacement,53,0.0,0.0
numerical,101,30,with_replacement,54,0.0,0.0
numerical,101,30,with_replacement,55,0.0,0.0
numerical,101,30,with_replacement,56,0.0,0.0
numerical,101,30,with_replacement,57,0.0,0.0
numerical,101,30,with_replacement,58,0.0,0.0
numerical,101,30,with_replacement,59,0.0,0.0
numerical,101,30,with_replacement,60,0.0,0.0
numerical,101,30,with_replacement,61,0.0,0.0
numerical,101,30,with_replacement,62,0.0,0.0
numerical,101,30,with_replacement,63,0.0,0.0
numerical,101,30,with_replacement,64,0.0,0.0
numerical,101,30,with_replacement,65,0.0,0.0
numerical,101,30,with_replacement,66,0.0,0.0
numerical,101,30,with_replacement,67,0.0,1.4689510270466772e-12
numerical,101,30,with_replacement,68,0.0,0.0
numerical,101,30,with_replacement,69,0.0,0.0
numerical,101,30,with_replacement,70,0.0,0.0
numerical,101,30,with_replacement,71,0.0,1.198892492327338e-11
numerical,101,30,with_replacement,72,0.0,0.0
numerical,101,30,with_replacement,73,0.0,0.0
numerical,101,30,with_replacement,74,0.0,7.541431240351502e-11
numerical,101,30,with_replacement,75,0.0,0.0
numerical,101,30,with_replacement,76,0.0,4.1452056190462523e-10
numerical,101,30,with_replacement,77,0.0,0.0
numerical,101,30,with_replacement,78,0.0,1.920069264088746e-09
numerical,101,30,with_replacement,79,0.0,8.030376575629624e-09
numerical,101,30,with_replacement,80,0.0,0.0
numerical,101,30,with_replacement,81,0.0,2.99985517388475e-08
numerical,101,30,with_replacement,82,0.0,1.0323343296242576e-07
numerical,101,30,with_replacement,83,0.0,3.261307861672097e-07
numerical,101,30,with_replacement,84,3e-06,9.616042406757874e-07
numerical,101,30,with_replacement,85,2e-06,2.6437017070038584e-06
numerical,101,30,with_replacement,86,6e-06,6.844862563718076e-06
numerical,101,30,with_replacement,87,2.2e-05,1.668847596746107e-05
numerical,101,30,with_replacement,88,3.5e-05,3.856526417453486e-05
numerical,101,30,with_replacement,89,0.000272,0.0002607544588738543
numerical,101,30,with_replacement,90,0.000359,0.0003503006323830188
numerical,101,30,with_replacement,91,0.000667,0.0006653180273347471
numerical,101,30,with_replacement,92,0.00329,0.0033092599533168124
numerical,101,30,with_replacement,93,0.003569,0.003503554328980926
numerical,101,30,with_replacement,94,0.014303,0.014230131313506998
numerical,101,30,with_replacement,95,0.012661,0.012743342259751963
numerical,101,30,with_replacement,96,0.042524,0.04288718532274476
numerical,101,30,with_replacement,97,0.074258,0.07398902862407045
numerical,101,30,with_replacement,98,0.050319,0.05051688085580588
numerical,101,30,with_replacement,99,0.126783,0.12679598245923274
numerical,101,30,with_replacement,100,0.073654,0.07354458227592303
numerical,101,30,with_replacement,101,0.155685,0.15562768179209122
numerical,101,30,with_replacement,102,0.148197,0.14791906697635945
numerical,101,30,with_replacement,103,0.064745,0.06458749879747674
numerical,101,30,with_replacement,104,0.102251,0.10268551973080342
numerical,101,30,with_replacement,105,0.037223,0.03731557349504552
numerical,101,30,with_replacement,106,0.02873,0.02859914682157037
numerical,101,30,with_replacement,107,0.035728,0.03574860944587315
numerical,101,30,with_replacement,108,0.009952,0.00989265679264818
numerical,101,30,with_replacement,109,0.006277,0.006322285399148761
numerical,101,30,with_replacement,110,0.006057,0.006067945563728203
numerical,101,30,with_replacement,111,0.001291,0.0012141210572591571
numerical,101,30,with_replacement,112,0.00061,0.0006252424367825136
numerical,101,30,with_replacement,113,0.000288,0.0003032292572028554
numerical,101,30,with_replacement,114,0.000142,0.0001371214086590237
numerical,101,30,with_replacement,115,6e-05,5.787254418132756e-05
numerical,101,30,with_replacement,116,0.0,0.0
numerical,101,30,with_replacement,117,2.9e-05,2.2422871622919318e-05
numerical,101,30,with_replacement,118,6e-06,8.003235383120716e-06
numerical,101,30,with_replacement,119,2e-06,2.551439711894668e-06
numerical,101,30,with_replacement,120,0.0,0.0
numerical,101,30,with_replacement,121,0.0,7.34434771231927e-07
numerical,101,30,with_replacement,122,0.0,0.0
numerical,101,30,with_replacement,123,0.0,1.7815567627718776e-07
numerical,101,30,with_replacement,124,0.0,0.0
numerical,101,30,with_replacement,125,0.0,0.0
numerical,101,30,with_replacement,126,0.0,3.776285887863107e-08
numerical,101,30,with_replacement,127,0.0,0.0
numerical,101,30,with_replacement,128,0.0,0.0
numerical,101,30,with_replacement,129,0.0,0.0
numerical,101,30,with_replacement,130,0.0,0.0
numerical,101,30,with_replacement,131,0.0,6.343953513464279e-09
numerical,101,30,with_replacement,132,0.0,0.0
numerical,101,30,with_replacement,133,0.0,0.0
numerical,101,30,with_replacement,134,0.0,0.0
numerical,101,30,with_replacement,135,0.0,0.0
numerical,101,30,with_replacement,136,0.0,0.0
numerical,101,30,with_replacement,137,0.0,0.0
numerical,101,30,with_replacement,138,0.0,0.0
numerical,101,30,with_replacement,139,0.0,0.0
numerical,101,30,with_replacement,140,0.0,0.0
numerical,101,30,with_replacement,141,0.0,0.0
numerical,101,30,with_replacement,142,0.0,0.0
numerical,101,30,with_replacement,143,0.0,0.0
numerical,101,30,with_replacement,144,0.0,0.0
numerical,101,30,with_replacement,145,0.0,0.0
numerical,101,30,with_replacement,146,0.0,0.0
numerical,101,30,with_replacement,147,0.0,0.0
numerical,101,30,with_replacement,148,0.0,0.0
numerical,101,30,with_replacement,149,0.0,0.0
numerical,101,30,with_replacement,150,0.0,0.0
numerical,101,30,with_replacement,151,0.0,0.0
numerical,101,30,with_replacement,152,0.0,0.0
numerical,101,30,with_replacement,153,0.0,0.0
numerical,101,30,with_replacement,154,0.0,0.0
numerical,101,30,with_replacement,155,0.0,0.0
numerical,101,30,with_replacement,156,0.0,0.0
numerical,101,30,with_replacement,157,0.0,0.0
numerical,101,30,with_replacement,158,0.0,0.0
numerical,101,30,with_replacement,159,0.0,0.0
numerical,101,30,with_replacement,160,0.0,0.0
numerical,101,30,without_replacement,40,0.0,0.0
numerical,101,30,without_replacement,41,0.0,0.0
numerical,101,30,without_replacement,42,0.0,0.0
numerical,101,30,without_replacement,43,0.0,0.0
numerical,101,30,without_replacement,44,0.0,0.0
numerical,101,30,without_replacement,45,0.0,0.0
numerical,101,30,without_replacement,46,0.0,0.0
numerical,101,30,without_replacement,47,0.0,0.0
numerical,101,30,without_replacement,48,0.0,0.0
numerical,101,30,without_replacement,49,0.0,0.0
numerical,101,30,without_replacement,50,0.0,0.0
numerical,101,30,without_replacement,51,0.0,0.0
numerical,101,30,without_replacement,52,0.0,0.0
numerical,101,30,without_replacement,53,0.0,0.0
numerical,101,30,without_replacement,54,0.0,0.0
numerical,101,30,without_replacement,55,0.0,0.0
numerical,101,30,without_replacement,56,0.0,0.0
numerical,101,30,without_replacement,57,0.0,0.0
numerical,101,30,without_replacement,58,0.0,0.0
numerical,101,30,without_replacement,59,0.0,0.0
numerical,101,30,without_replacement,60,0.0,0.0
numerical,101,30,without_replacement,61,0.0,0.0
numerical,101,30,without_replacement,62,0.0,0.0
numerical,101,30,without_replacement,63,0.0,0.0
numerical,101,30,without_replacement,64,0.0,0.0
numerical,101,30,without_replacement,65,0.0,0.0
numerical,101,30,without_replacement,66,0.0,0.0
numerical,101,30,without_replacement,67,0.0,5.5451993067274196e-17
numerical,101,30,without_replacement,68,0.0,0.0
numerical,101,30,without_replacement,69,0.0,0.0
numerical,101,30,without_replacement,70,0.0,0.0
numerical,101,30,without_replacement,71,0.0,1.129321457118504e-15
numerical,101,30,without_replacement,72,0.0,0.0
numerical,101,30,without_replacement,73,0.0,0.0
numerical,101,30,without_replacement,74,0.0,1.6087877599653073e-14
numerical,101,30,without_replacement,75,0.0,0.0
numerical,101,30,without_replacement,76,0.0,1.7561693098268797e-13
numerical,101,30,without_replacement,77,0.0,0.0
numerical,101,30,without_replacement,78,0.0,1.5611428916894117e-12
numerical,101,30,without_replacement,79,0.0,1.1727753387885559e-11
numerical,101,30,without_replacement,80,0.0,0.0
numerical,101,30,without_replacement,81,0.0,7.631361574990057e-11
numerical,101,30,without_replacement,82,0.0,4.3782713363000034e-10
numerical,101,30,without_replacement,83,0.0,2.244015774092698e-09
numerical,101,30,without_replacement,84,0.0,1.0380400729323872e-08
numerical,101,30,without_replacement,85,0.0,4.368897612911953e-08
numerical,101,30,without_replacement,86,0.0,1.6840545939788772e-07
numerical,101,30,without_replacement,87,0.0,5.977376485574719e-07
numerical,101,30,without_replacement,88,4e-06,1.9624705159562152e-06
numerical,101,30,without_replacement,89,2.7e-05,2.297241417165383e-05
numerical,101,30,without_replacement,90,3.9e-05,4.507259382759422e-05
numerical,101,30,without_replacement,91,0.00011,0.00011197285639713976
numerical,101,30,without_replacement,92,0.000897,0.0008331162257315047
numerical,101,30,without_replacement,93,0.001198,0.0011805428686887595
numerical,101,30,without_replacement,94,0.006676,0.006516215551391693
numerical,101,30,without_replacement,95,0.007268,0.007323469272728383
numerical,101,30,without_replacement,96,0.030632,0.030705582820439236
numerical,101,30,without_replacement,97,0.065441,0.06584005182257159
numerical,101,30,without_replacement,98,0.050482,0.05069083257965027
numerical,101,30,without_replacement,99,0.138726,0.1390829082040428
numerical,101,30,without_replacement,100,0.085782,0.08517529139473141
numerical,101,30,without_replacement,101,0.184211,0.18345533285272894
numerical,101,30,without_replacement,102,0.169094,0.16972788345912912
numerical,101,30,without_replacement,103,0.069821,0.06984687772042195
numerical,101,30,without_replacement,104,0.101352,0.10120186768244864
numerical,101,30,without_replacement,105,0.032226,0.032242677361701284
numerical,101,30,without_replacement,106,0.022143,0.022246031255685694
numerical,101,30,without_replacement,107,0.023529,0.023344370174245243
numerical,101,30,without_replacement,108,0.004954,0.005109401292695765
numerical,101,30,without_replacement,109,0.002865,0.002761753107993249
numerical,101,30,without_replacement,110,0.002044,0.0020577267454889438
numerical,101,30,without_replacement,111,0.000303,0.00029030711169854
numerical,101,30,without_replacement,112,0.000113,0.00011835743744469762
numerical,101,30,without_replacement,113,4.3e-05,4.453936895812217e-05
numerical,101,30,without_replacement,114,1.4e-05,1.5386173707342772e-05
numerical,101,30,without_replacement,115,3e-06,4.846090742815696e-06
numerical,101,30,without_replacement,116,0.0,0.0
numerical,101,30,without_replacement,117,3e-06,1.379918576067279e-06
numerical,101,30,without_replacement,118,0.0,3.5129711410675436e-07
numerical,101,30,without_replacement,119,0.0,7.880691275996124e-08
numerical,101,30,without_replacement,120,0.0,0.0
numerical,101,30,without_replacement,121,0.0,1.525719948328019e-08
numerical,101,30,without_replacement,122,0.0,0.0
numerical,101,30,without_replacement,123,0.0,2.474521949078361e-09
numerical,101,30,without_replacement,124,0.0,0.0
numerical,101,30,without_replacement,125,0.0,0.0
numerical,101,30,without_replacement,126,0.0,3.1986497198348686e-10
numerical,101,30,without_replacement,127,0.0,0.0
numerical,101,30,without_replacement,128,0.0,0.0
numerical,101,30,without_replacement,129,0.0,0.0
numerical,101,30,without_replacement,130,0.0,0.0
numerical,101,30,without_replacement,131,0.0,3.1709131768097275e-11
numerical,101,30,without_replacement,132,0.0,0.0
numerical,101,30,without_replacement,133,0.0,0.0
numerical,101,30,without_replacement,134,0.0,0.0
numerical,101,30,without_replacement,135,0.0,0.0
numerical,101,30,without_replacement,136,0.0,0.0
numerical,101,30,without_replacement,137,0.0,0.0
numerical,101,30,without_replacement,138,0.0,0.0
numerical,101,30,without_replacement,139,0.0,0.0
numerical,101,30,without_replacement,140,0.0,0.0
numerical,101,30,without_replacement,141,0.0,0.0
numerical,101,30,without_replacement,142,0.0,0.0
numerical,101,30,without_replacement,143,0.0,0.0
numerical,101,30,without_replacement,144,0.0,0.0
numerical,101,30,without_replacement,145,0.0,0.0
numerical,101,30,without_replacement,146,0.0,0.0
numerical,101,30,without_replacement,147,0.0,0.0
numerical,101,30,without_replacement,148,0.0,0.0
numerical,101,30,without_replacement,149,0.0,0.0
numerical,101,30,without_replacement,150,0.0,0.0
numerical,101,30,without_replacement,151,0.0,0.0
numerical,101,30,without_replacement,152,0.0,0.0
numerical,101,30,without_replacement,153,0.0,0.0
numerical,101,30,without_replacement,154,0.0,0.0
numerical,101,30,without_replacement,155,0.0,0.0
numerical,101,30,without_replacement,156,0.0,0.0
numerical,101,30,without_replacement,157,0.0,0.0
numerical,101,30,without_replacement,158,0.0,0.0
numerical,101,30,without_replacement,159,0.0,0.0
numerical,101,30,without_replacement,160,0.0,0.0
numerical,101,35,with_replacement,40,0.0,0.0
numerical,101,35,with_replacement,41,0.0,0.0
numerical,101,35,with_replacement,42,0.0,0.0
numerical,101,35,with_replacement,43,0.0,0.0
numerical,101,35,with_replacement,44,0.0,0.0
numerical,101,35,with_replacement,45,0.0,0.0
numerical,101,35,with_replacement,46,0.0,0.0
numerical,101,35,with_replacement,47,0.0,0.0
numerical,101,35,with_replacement,48,0.0,0.0
numerical,101,35,with_replacement,49,0.0,0.0
numerical,101,35,with_replacement,50,0.0,0.0
numerical,101,35,with_replacement,51,0.0,0.0
numerical,101,35,with_replacement,52,0.0,0.0
numerical,101,35,with_replacement,53,0.0,0.0
numerical,101,35,with_replacement,54,0.0,0.0
numerical,101,35,with_replacement,55,0.0,0.0
numerical,101,35,with_replacement,56,0.0,0.0
numerical,101,35,with_replacement,57,0.0,0.0
numerical,101,35,with_replacement,58,0.0,0.0
numerical,101,35,with_replacement,59,0.0,0.0
numerical,101,35,with_replacement,60,0.0,0.0
numerical,101,35,with_replacement,61,0.0,0.0
numerical,101,35,with_replacement,62,0.0,0.0
numerical,101,35,with_replacement,63,0.0,0.0
numerical,101,35,with_replacement,64,0.0,0.0
numerical,101,35,with_replacement,65,0.0,0.0
numerical,101,35,with_replacement,66,0.0,1.1968145034267365e-14
numerical,101,35,with_replacement,67,0.0,0.0
numerical,101,35,with_replacement,68,0.0,0.0
numerical,101,35,with_replacement,69,0.0,0.0
numerical,101,35,with_replacement,70,0.0,1.088276868997388e-13
numerical,101,35,with_replacement,71,0.0,0.0
numerical,101,35,with_replacement,72,0.0,0.0
numerical,101,35,with_replacement,73,0.0,7.696945401025644e-13
numerical,101,35,with_replacement,74,0.0,0.0
numerical,101,35,with_replacement,75,0.0,4.677165736175848e-12
numerical,101,35,with_replacement,76,0.0,0.0
numerical,101,35,with_replacement,77,0.0,2.4161567729321595e-11
numerical,101,35,with_replacement,78,0.0,1.1196534723448983e-10
numerical,101,35,with_replacement,79,0.0,4.6565578718794774e-10
numerical,101,35,with_replacement,80,0.0,0.0
numerical,101,35,with_replacement,81,0.0,1.7793517441476184e-09
numerical,101,35,with_replacement,82,0.0,6.262345635656732e-09
numerical,101,35,with_replacement,83,0.0,2.055416367823316e-08
numerical,101,35,with_replacement,84,0.0,2.45383139011236e-07
numerical,101,35,with_replacement,85,0.0,4.974567114306118e-07
numerical,101,35,with_replacement,86,4e-06,1.2876656555198292e-06
numerical,101,35,with_replacement,87,2e-06,3.167581872484043e-06
numerical,101,35,with_replacement,88,2.5e-05,2.4075684652231877e-05
numerical,101,35,with_replacement,89,3.9e-05,3.5697038773501364e-05
numerical,101,35,with_replacement,90,0.000203,0.00021819525599767252
numerical,101,35,with_replacement,91,0.000806,0.0007763357951342522
numerical,101,35,with_replacement,92,0.000897,0.0008821561777962588
numerical,101,35,with_replacement,93,0.003997,0.00394351955047466
numerical,101,35,with_replacement,94,0.009932,0.009768581600913585
numerical,101,35,with_replacement,95,0.021205,0.02112954790993952
numerical,101,35,with_replacement,96,0.017224,0.017145491658507317
numerical,101,35,with_replacement,97,0.052395,0.05250191737922933
numerical,101,35,with_replacement,98,0.081903,0.08194579111526684
numerical,101,35,with_replacement,99,0.112473,0.11254429676686387
numerical,101,35,with_replacement,100,0.135863,0.1360352128343247
numerical,101,35,with_replacement,101,0.144649,0.14462183460084252
numerical,101,35,with_replacement,102,0.135202,0.13502744000679784
numerical,101,35,with_replacement,103,0.058979,0.05895060607732924
numerical,101,35,with_replacement,104,0.095164,0.09496308901530122
numerical,101,35,with_replacement,105,0.063007,0.06326890749871292
numerical,101,35,with_replacement,106,0.020991,0.021113967803370496
numerical,101,35,with_replacement,107,0.026227,0.026255586828148936
numerical,101,35,with_replacement,108,0.011904,0.012069733771066031
numerical,101,35,with_replacement,109,0.002964,0.002952480188588718
numerical,101,35,with_replacement,110,0.001785,0.0017573227623365775
numerical,101,35,with_replacement,111,0.001578,0.0015402532240778018
numerical,101,35,with_replacement,112,0.000301,0.0002788736621889198
numerical,101,35,with_replacement,113,0.00014,0.0001362708206083498
numerical,101,35,with_replacement,114,9e-05,6.285936175741908e-05
numerical,101,35,with_replacement,115,2.2e-05,2.7312925858597297e-05
numerical,101,35,with_replacement,116,2e-05,1.1095431220989826e-05
numerical,101,35,with_replacement,117,8e-06,4.203467527721398e-06
numerical,101,35,with_replacement,118,1e-06,1.4667281587075911e-06
numerical,101,35,with_replacement,119,0.0,4.70226383541156e-07
numerical,101,35,with_replacement,120,0.0,0.0
numerical,101,35,with_replacement,121,0.0,1.3529670140112563e-07
numerical,101,35,with_replacement,122,0.0,3.492075255492142e-08
numerical,101,35,with_replacement,123,0.0,0.0
numerical,101,35,with_replacement,124,0.0,7.662279278781647e-09
numerical,101,35,with_replacement,125,0.0,0.0
numerical,101,35,with_replacement,126,0.0,0.0
numerical,101,35,with_replacement,127,0.0,1.4445005333821395e-09
numerical,101,35,with_replacement,128,0.0,0.0
numerical,101,35,with_replacement,129,0.0,0.0
numerical,101,35,with_replacement,130,0.0,0.0
numerical,101,35,with_replacement,131,0.0,0.0
numerical,101,35,with_replacement,132,0.0,2.1701387544159366e-10
numerical,101,35,with_replacement,133,0.0,0.0
numerical,101,35,with_replacement,134,0.0,0.0
numerical,101,35,with_replacement,135,0.0,0.0
numerical,101,35,with_replacement,136,0.0,0.0
numerical,101,35,with_replacement,137,0.0,0.0
numerical,101,35,with_replacement,138,0.0,0.0
numerical,101,35,with_replacement,139,0.0,0.0
numerical,101,35,with_replacement,140,0.0,0.0
numerical,101,35,with_replacement,141,0.0,0.0
numerical,101,35,with_replacement,142,0.0,0.0
numerical,101,35,with_replacement,143,0.0,0.0
numerical,101,35,with_replacement,144,0.0,0.0
numerical,101,35,with_replacement,145,0.0,0.0
numerical,101,35,with_replacement,146,0.0,0.0
numerical,101,35,with_replacement,147,0.0,0.0
numerical,101,35,with_replacement,148,0.0,0.0
numerical,101,35,with_replacement,149,0.0,0.0
numerical,101,35,with_replacement,150,0.0,0.0
numerical,101,35,with_replacement,151,0.0,0.0
numerical,101,35,with_replacement,152,0.0,0.0
numerical,101,35,with_replacement,153,0.0,0.0
numerical,101,35,with_replacement,154,0.0,0.0
numerical,101,35,with_replacement,155,0.0,0.0
numerical,101,35,with_replacement,156,0.0,0.0
numerical,101,35,with_replacement,157,0.0,0.0
numerical,101,35,with_replacement,158,0.0,0.0
numerical,101,35,with_replacement,159,0.0,0.0
numerical,101,35,with_replacement,160,0.0,0.0
numerical,101,35,without_replacement,40,0.0,0.0
numerical,101,35,without_replacement,41,0.0,0.0
numerical,101,35,without_replacement,42,0.0,0.0
numerical,101,35,without_replacement,43,0.0,0.0
numerical,101,35,without_replacement,44,0.0,0.0
numerical,101,35,without_replacement,45,0.0,0.0
numerical,101,35,without_replacement,46,0.0,0.0
numerical,101,35,without_replacement,47,0.0,0.0
numerical,101,35,without_replacement,48,0.0,0.0
numerical,101,35,without_replacement,49,0.0,0.0
numerical,101,35,without_replacement,50,0.0,0.0
numerical,101,35,without_replacement,51,0.0,0.0
numerical,101,35,without_replacement,52,0.0,0.0
numerical,101,35,without_replacement,53,0.0,0.0
numerical,101,35,without_replacement,54,0.0,0.0
numerical,101,35,without_replacement,55,0.0,0.0
numerical,101,35,without_replacement,56,0.0,0.0
numerical,101,35,without_replacement,57,0.0,0.0
numerical,101,35,without_replacement,58,0.0,0.0
numerical,101,35,without_replacement,59,0.0,0.0
numerical,101,35,without_replacement,60,0.0,0.0
numerical,101,35,without_replacement,61,0.0,0.0
numerical,101,35,without_replacement,62,0.0,0.0
numerical,101,35,without_replacement,63,0.0,0.0
numerical,101,35,without_replacement,64,0.0,0.0
numerical,101,35,without_replacement,65,0.0,0.0
numerical,101,35,without_replacement,66,0.0,9.320280910533923e-22
numerical,101,35,without_replacement,67,0.0,0.0
numerical,101,35,without_replacement,68,0.0,0.0
numerical,101,35,without_replacement,69,0.0,0.0
numerical,101,35,without_replacement,70,0.0,3.740978745268515e-20
numerical,101,35,without_replacement,71,0.0,0.0
numerical,101,35,without_replacement,72,0.0,0.0
numerical,101,35,without_replacement,73,0.0,9.126845854868834e-19
numerical,101,35,without_replacement,74,0.0,0.0
numerical,101,35,without_replacement,75,0.0,1.587488614118143e-17
numerical,101,35,without_replacement,76,0.0,0.0
numerical,101,35,without_replacement,77,0.0,2.1453266111199842e-16
numerical,101,35,without_replacement,78,0.0,2.369715710931785e-15
numerical,101,35,without_replacement,79,0.0,2.2119923482082226e-14
numerical,101,35,without_replacement,80,0.0,0.0
numerical,101,35,without_replacement,81,0.0,1.785743383824475e-13
numerical,101,35,without_replacement,82,0.0,1.2683192395186478e-12
numerical,101,35,without_replacement,83,0.0,8.029007238945102e-12
numerical,101,35,without_replacement,84,0.0,2.826527913181533e-10
numerical,101,35,without_replacement,85,0.0,1.1207051587332884e-09
numerical,101,35,without_replacement,86,0.0,4.874009132401103e-09
numerical,101,35,without_replacement,87,0.0,1.9578881847060153e-08
numerical,101,35,without_replacement,88,1e-06,3.258219943142717e-07
numerical,101,35,without_replacement,89,1e-06,8.184424028508694e-07
numerical,101,35,without_replacement,90,7e-06,9.524752021660882e-06
numerical,101,35,without_replacement,91,6.4e-05,6.617886041611148e-05
numerical,101,35,without_replacement,92,0.00012,0.00011239198965268165
numerical,101,35,without_replacement,93,0.000746,0.0007862875867673075
numerical,101,35,without_replacement,94,0.003132,0.003114664553354736
numerical,101,35,without_replacement,95,0.010088,0.010005614216253907
numerical,101,35,without_replacement,96,0.010299,0.010290704793290412
numerical,101,35,without_replacement,97,0.039381,0.03938404785569302
numerical,101,35,without_replacement,98,0.076037,0.07665369269255413
numerical,101,35,without_replacement,99,0.123156,0.12277432488494691
numerical,101,35,without_replacement,100,0.162061,0.1620481990748603
numerical,101,35,without_replacement,101,0.175739,0.17630117011709065
numerical,101,35,without_replacement,102,0.158682,0.15796486883819869
numerical,101,35,without_replacement,103,0.064198,0.06410458212733702
numerical,101,35,without_replacement,104,0.092626,0.09264755993723262
numerical,101,35,without_replacement,105,0.050344,0.05049024670892379
numerical,101,35,without_replacement,106,0.013786,0.013741979504443788
numerical,101,35,without_replacement,107,0.013805,0.013737186010928867
numerical,101,35,without_replacement,108,0.004325,0.004391836911089497
numerical,101,35,without_replacement,109,0.000775,0.0007586739507170778
numerical,101,35,without_replacement,110,0.000382,0.0003559689751643228
numerical,101,35,without_replacement,111,0.000216,0.00022127434804358802
numerical,101,35,without_replacement,112,2.4e-05,2.4818990440979684e-05
numerical,101,35,without_replacement,113,3e-06,8.870526520708256e-06
numerical,101,35,without_replacement,114,2e-06,2.935441369516477e-06
numerical,101,35,without_replacement,115,0.0,8.949358880926828e-07
numerical,101,35,without_replacement,116,0.0,2.4984575295919416e-07
numerical,101,35,without_replacement,117,0.0,6.339810751813225e-08
numerical,101,35,without_replacement,118,0.0,1.4484742664591124e-08
numerical,101,35,without_replacement,119,0.0,2.943755742888687e-09
numerical,101,35,without_replacement,120,0.0,0.0
numerical,101,35,without_replacement,121,0.0,5.23560775791988e-10
numerical,101,35,without_replacement,122,0.0,7.965500159920426e-11
numerical,101,35,without_replacement,123,0.0,0.0
numerical,101,35,without_replacement,124,0.0,1.0021497954567884e-11
numerical,101,35,without_replacement,125,0.0,0.0
numerical,101,35,without_replacement,126,0.0,0.0
numerical,101,35,without_replacement,127,0.0,9.858416355200498e-13
numerical,101,35,without_replacement,128,0.0,0.0
numerical,101,35,without_replacement,129,0.0,0.0
numerical,101,35,without_replacement,130,0.0,0.0
numerical,101,35,without_replacement,131,0.0,0.0
numerical,101,35,without_replacement,132,0.0,7.089099248306592e-14
numerical,101,35,without_replacement,133,0.0,0.0
numerical,101,35,without_replacement,134,0.0,0.0
numerical,101,35,without_replacement,135,0.0,0.0
numerical,101,35,without_replacement,136,0.0,0.0
numerical,101,35,without_replacement,137,0.0,0.0
numerical,101,35,without_replacement,138,0.0,0.0
numerical,101,35,without_replacement,139,0.0,0.0
numerical,101,35,without_replacement,140,0.0,0.0
numerical,101,35,without_replacement,141,0.0,0.0
numerical,101,35,without_replacement,142,0.0,0.0
numerical,101,35,without_replacement,143,0.0,0.0
numerical,101,35,without_replacement,144,0.0,0.0
numerical,101,35,without_replacement,145,0.0,0.0
numerical,101,35,without_replacement,146,0.0,0.0
numerical,101,35,without_replacement,147,0.0,0.0
numerical,101,35,without_replacement,148,0.0,0.0
numerical,101,35,without_replacement,149,0.0,0.0
numerical,101,35,without_replacement,150,0.0,0.0
numerical,101,35,without_replacement,151,0.0,0.0
numerical,101,35,without_replacement,152,0.0,0.0
numerical,101,35,without_replacement,153,0.0,0.0
numerical,101,35,without_replacement,154,0.0,0.0
numerical,101,35,without_replacement,155,0.0,0.0
numerical,101,35,without_replacement,156,0.0,0.0
numerical,101,35,without_replacement,157,0.0,0.0
numerical,101,35,without_replacement,158,0.0,0.0
numerical,101,35,without_replacement,159,0.0,0.0
numerical,101,35,without_replacement,160,0.0,0.0
numerical,101,40,with_replacement,40,0.0,0.0
numerical,101,40,with_replacement,41,0.0,0.0
numerical,101,40,with_replacement,42,0.0,0.0
numerical,101,40,with_replacement,43,0.0,0.0
numerical,101,40,with_replacement,44,0.0,0.0
numerical,101,40,with_replacement,45,0.0,0.0
numerical,101,40,with_replacement,46,0.0,0.0
numerical,101,40,with_replacement,47,0.0,0.0
numerical,101,40,with_replacement,48,0.0,0.0
numerical,101,40,with_replacement,49,0.0,0.0
numerical,101,40,with_replacement,50,0.0,0.0
numerical,101,40,with_replacement,51,0.0,0.0
numerical,101,40,with_replacement,52,0.0,0.0
numerical,101,40,with_replacement,53,0.0,0.0
numerical,101,40,with_replacement,54,0.0,0.0
numerical,101,40,with_replacement,55,0.0,0.0
numerical,101,40,with_replacement,56,0.0,0.0
numerical,101,40,with_replacement,57,0.0,0.0
numerical,101,40,with_replacement,58,0.0,0.0
numerical,101,40,with_replacement,59,0.0,0.0
numerical,101,40,with_replacement,60,0.0,0.0
numerical,101,40,with_replacement,61,0.0,0.0
numerical,101,40,with_replacement,62,0.0,0.0
numerical,101,40,with_replacement,63,0.0,0.0
numerical,101,40,with_replacement,64,0.0,0.0
numerical,101,40,with_replacement,65,0.0,9.580199072425295e-17
numerical,101,40,with_replacement,66,0.0,0.0
numerical,101,40,with_replacement,67,0.0,0.0
numerical,101,40,with_replacement,68,0.0,0.0
numerical,101,40,with_replacement,69,0.0,9.596192726970357e-16
numerical,101,40,with_replacement,70,0.0,0.0
numerical,101,40,with_replacement,71,0.0,0.0
numerical,101,40,with_replacement,72,0.0,7.508104932910221e-15
numerical,101,40,with_replacement,73,0.0,0.0
numerical,101,40,with_replacement,74,0.0,4.988085977760718e-14
numerical,101,40,with_replacement,75,0.0,0.0
numerical,101,40,with_replacement,76,0.0,2.8308925886813047e-13
numerical,101,40,with_replacement,77,0.0,1.435226045668734e-12
numerical,101,40,with_replacement,78,0.0,6.54657768250559e-12
numerical,101,40,with_replacement,79,0.0,2.739509202900961e-11
numerical,101,40,with_replacement,80,0.0,1.0576584077432381e-10
numerical,101,40,with_replacement,81,0.0,3.806912806478636e-10
numerical,101,40,with_replacement,82,0.0,1.2829319860394005e-09
numerical,101,40,with_replacement,83,0.0,4.073903093782506e-09
numerical,101,40,with_replacement,84,0.0,1.222905321237106e-08
numerical,101,40,with_replacement,85,0.0,1.2936466628383952e-07
numerical,101,40,with_replacement,86,0.0,2.446862560220459e-07
numerical,101,40,with_replacement,87,2e-06,2.0437341164499885e-06
numerical,101,40,with_replacement,88,5e-06,3.2761385636813436e-06
numerical,101,40,with_replacement,89,2.3e-05,2.2320723361712136e-05
numerical,101,40,with_replacement,90,8.8e-05,9.124086049931552e-05
numerical,101,40,with_replacement,91,0.000355,0.00032468283165359025
numerical,101,40,with_replacement,92,0.001046,0.001012569719349718
numerical,101,40,with_replacement,93,0.002815,0.002782413628189247
numerical,101,40,with_replacement,94,0.006865,0.006765771565625288
numerical,101,40,with_replacement,95,0.014654,0.014607854897270773
numerical,101,40,with_replacement,96,0.028286,0.028077888953060463
numerical,101,40,with_replacement,97,0.04801,0.04813780293669858
numerical,101,40,with_replacement,98,0.073681,0.07370775925119884
numerical,101,40,with_replacement,99,0.100676,0.10086729817650661
numerical,101,40,with_replacement,100,0.123503,0.12338316230380993
numerical,101,40,with_replacement,101,0.202123,0.20197896050777034
numerical,101,40,with_replacement,102,0.124296,0.12444284057823064
numerical,101,40,with_replacement,103,0.102018,0.1020374324725834
numerical,101,40,with_replacement,104,0.074159,0.07428315940299562
numerical,101,40,with_replacement,105,0.047508,0.047849710586892656
numerical,101,40,with_replacement,106,0.015799,0.015720423677762954
numerical,101,40,with_replacement,107,0.01961,0.019475553077833066
numerical,101,40,with_replacement,108,0.009233,0.009043913946806528
numerical,101,40,with_replacement,109,0.003586,0.0036409774464628676
numerical,101,40,with_replacement,110,0.000746,0.0008060788756107993
numerical,101,40,with_replacement,111,0.000698,0.0006967074313425379
numerical,101,40,with_replacement,112,0.000102,0.00012559411052334558
numerical,101,40,with_replacement,113,8.3e-05,9.063493277998803e-05
numerical,101,40,with_replacement,114,1.4e-05,1.2832028609761688e-05
numerical,101,40,with_replacement,115,1e-05,5.387992651522416e-06
numerical,101,40,with_replacement,116,4e-06,2.1317438959608817e-06
numerical,101,40,with_replacement,117,1e-06,7.896711305046124e-07
numerical,101,40,with_replacement,118,0.0,2.7271707808428254e-07
numerical,101,40,with_replacement,119,0.0,8.689456905317936e-08
numerical,101,40,with_replacement,120,1e-06,2.5400212605853276e-08
numerical,101,40,with_replacement,121,0.0,0.0
numerical,101,40,with_replacement,122,0.0,6.680041687169536e-09
numerical,101,40,with_replacement,123,0.0,1.5693812099572118e-09
numerical,101,40,with_replacement,124,0.0,0.0
numerical,101,40,with_replacement,125,0.0,3.1496593701153325e-10
numerical,101,40,with_replacement,126,0.0,0.0
numerical,101,40,with_replacement,127,0.0,0.0
numerical,101,40,with_replacement,128,0.0,5.367486400365517e-11
numerical,101,40,with_replacement,129,0.0,0.0
numerical,101,40,with_replacement,130,0.0,0.0
numerical,101,40,with_replacement,131,0.0,0.0
numerical,101,40,with_replacement,132,0.0,7.299781504497082e-12
numerical,101,40,with_replacement,133,0.0,0.0
numerical,101,40,with_replacement,134,0.0,0.0
numerical,101,40,with_replacement,135,0.0,0.0
numerical,101,40,with_replacement,136,0.0,0.0
numerical,101,40,with_replacement,137,0.0,0.0
numerical,101,40,with_replacement,138,0.0,0.0
numerical,101,40,with_replacement,139,0.0,0.0
numerical,101,40,with_replacement,140,0.0,0.0
numerical,101,40,with_replacement,141,0.0,0.0
numerical,101,40,with_replacement,142,0.0,0.0
numerical,101,40,with_replacement,143,0.0,0.0
numerical,101,40,with_replacement,144,0.0,0.0
numerical,101,40,with_replacement,145,0.0,0.0
numerical,101,40,with_replacement,146,0.0,0.0
numerical,101,40,with_replacement,147,0.0,0.0
numerical,101,40,with_replacement,148,0.0,0.0
numerical,101,40,with_replacement,149,0.0,0.0
numerical,101,40,with_replacement,150,0.0,0.0
numerical,101,40,with_replacement,151,0.0,0.0
numerical,101,40,with_replacement,152,0.0,0.0
numerical,101,40,with_replacement,153,0.0,0.0
numerical,101,40,with_replacement,154,0.0,0.0
numerical,101,40,with_replacement,155,0.0,0.0
numerical,101,40,with_replacement,156,0.0,0.0
numerical,101,40,with_replacement,157,0.0,0.0
numerical,101,40,with_replacement,158,0.0,0.0
numerical,101,40,with_replacement,159,0.0,0.0
numerical,101,40,with_replacement,160,0.0,0.0
numerical,101,40,without_replacement,40,0.0,0.0
numerical,101,40,without_replacement,41,0.0,0.0
numerical,101,40,without_replacement,42,0.0,0.0
numerical,101,40,without_replacement,43,0.0,0.0
numerical,101,40,without_replacement,44,0.0,0.0
numerical,101,40,without_replacement,45,0.0,0.0
numerical,101,40,without_replacement,46,0.0,0.0
numerical,101,40,without_replacement,47,0.0,0.0
numerical,101,40,without_replacement,48,0.0,0.0
numerical,101,40,without_replacement,49,0.0,0.0
numerical,101,40,without_replacement,50,0.0,0.0
numerical,101,40,without_replacement,51,0.0,0.0
numerical,101,40,without_replacement,52,0.0,0.0
numerical,101,40,without_replacement,53,0.0,0.0
numerical,101,40,without_replacement,54,0.0,0.0
numerical,101,40,without_replacement,55,0.0,0.0
numerical,101,40,without_replacement,56,0.0,0.0
numerical,101,40,without_replacement,57,0.0,0.0
numerical,101,40,without_replacement,58,0.0,0.0
numerical,101,40,without_replacement,59,0.0,0.0
numerical,101,40,without_replacement,60,0.0,0.0
numerical,101,40,without_replacement,61,0.0,0.0
numerical,101,40,without_replacement,62,0.0,0.0
numerical,101,40,without_replacement,63,0.0,0.0
numerical,101,40,without_replacement,64,0.0,0.0
numerical,101,40,without_replacement,65,0.0,8.712008580353732e-29
numerical,101,40,without_replacement,66,0.0,0.0
numerical,101,40,without_replacement,67,0.0,0.0
numerical,101,40,without_replacement,68,0.0,0.0
numerical,101,40,without_replacement,69,0.0,2.2408530641324137e-26
numerical,101,40,without_replacement,70,0.0,0.0
numerical,101,40,without_replacement,71,0.0,0.0
numerical,101,40,without_replacement,72,0.0,1.8551351071005237e-24
numerical,101,40,without_replacement,73,0.0,0.0
numerical,101,40,without_replacement,74,0.0,7.906934978874879e-23
numerical,101,40,without_replacement,75,0.0,0.0
numerical,101,40,without_replacement,76,0.0,2.1867478691419927e-21
numerical,101,40,without_replacement,77,0.0,4.436571699088464e-20
numerical,101,40,without_replacement,78,0.0,7.073101302635828e-19
numerical,101,40,without_replacement,79,0.0,9.258210999138485e-18
numerical,101,40,without_replacement,80,0.0,1.025067748346016e-16
numerical,101,40,without_replacement,81,0.0,9.809731405146821e-16
numerical,101,40,without_replacement,82,0.0,8.246879947163928e-15
numerical,101,40,without_replacement,83,0.0,6.167919627937888e-14
numerical,101,40,without_replacement,84,0.0,4.145583354928119e-13
numerical,101,40,without_replacement,85,0.0,1.6551550135678148e-11
numerical,101,40,without_replacement,86,0.0,7.150740275805639e-11
numerical,101,40,without_replacement,87,0.0,1.799113542093426e-09
numerical,101,40,without_replacement,88,0.0,5.917791244326744e-09
numerical,101,40,without_replacement,89,0.0,1.0100828705557643e-07
numerical,101,40,without_replacement,90,2e-06,1.0673971532930415e-06
numerical,101,40,without_replacement,91,9e-06,8.858150686611921e-06
numerical,101,40,without_replacement,92,6.2e-05,5.85164357919736e-05
numerical,101,40,without_replacement,93,0.000299,0.00031107829544700037
numerical,101,40,without_replacement,94,0.001357,0.0013426374036279128
numerical,101,40,without_replacement,95,0.004749,0.004738602388128618
numerical,101,40,without_replacement,96,0.0138,0.013754130383895155
numerical,101,40,without_replacement,97,0.033049,0.03298112531138617
numerical,101,40,without_replacement,98,0.065644,0.06555960453473238
numerical,101,40,without_replacement,99,0.108727,0.10829509516903846
numerical,101,40,without_replacement,100,0.148176,0.1488839962163562
numerical,101,40,without_replacement,101,0.254942,0.25458874858261293
numerical,101,40,without_replacement,102,0.147925,0.14809149811756364
numerical,101,40,without_replacement,103,0.107168,0.1070067128380499
numerical,101,40,without_replacement,104,0.063968,0.06408421460198208
numerical,101,40,without_replacement,105,0.031565,0.031693251781335426
numerical,101,40,without_replacement,106,0.008109,0.008037457046877864
numerical,101,40,without_replacement,107,0.007494,0.007614227384541234
numerical,101,40,without_replacement,108,0.002293,0.0022768914661514626
numerical,101,40,without_replacement,109,0.000525,0.0005488475042651141
numerical,101,40,without_replacement,110,9e-05,7.487787459900427e-05
numerical,101,40,without_replacement,111,4.4e-05,4.223788442161787e-05
numerical,101,40,without_replacement,112,1e-06,4.197413994824684e-06
numerical,101,40,without_replacement,113,2e-06,1.8455777326933029e-06
numerical,101,40,without_replacement,114,0.0,1.269370967060947e-07
numerical,101,40,without_replacement,115,0.0,3.388276555167838e-08
numerical,101,40,without_replacement,116,0.0,8.299470833758905e-09
numerical,101,40,without_replacement,117,0.0,1.8528626919731371e-09
numerical,101,40,without_replacement,118,0.0,3.7384738135546703e-10
numerical,101,40,without_replacement,119,0.0,6.74495691538561e-11
numerical,101,40,without_replacement,120,0.0,1.073215961578218e-11
numerical,101,40,without_replacement,121,0.0,0.0
numerical,101,40,without_replacement,122,0.0,1.4781840925473038e-12
numerical,101,40,without_replacement,123,0.0,1.7168123296015486e-13
numerical,101,40,without_replacement,124,0.0,0.0
numerical,101,40,without_replacement,125,0.0,1.6161264137841103e-14
numerical,101,40,without_replacement,126,0.0,0.0
numerical,101,40,without_replacement,127,0.0,0.0
numerical,101,40,without_replacement,128,0.0,1.1558437479384134e-15
numerical,101,40,without_replacement,129,0.0,0.0
numerical,101,40,without_replacement,130,0.0,0.0
numerical,101,40,without_replacement,131,0.0,0.0
numerical,101,40,without_replacement,132,0.0,5.660670662980434e-17
numerical,101,40,without_replacement,133,0.0,0.0
numerical,101,40,without_replacement,134,0.0,0.0
numerical,101,40,without_replacement,135,0.0,0.0
numerical,101,40,without_replacement,136,0.0,0.0
numerical,101,40,without_replacement,137,0.0,0.0
numerical,101,40,without_replacement,138,0.0,0.0
numerical,101,40,without_replacement,139,0.0,0.0
numerical,101,40,without_replacement,140,0.0,0.0
numerical,101,40,without_replacement,141,0.0,0.0
numerical,101,40,without_replacement,142,0.0,0.0
numerical,101,40,without_replacement,143,0.0,0.0
numerical,101,40,without_replacement,144,0.0,0.0
numerical,101,40,without_replacement,145,0.0,0.0
numerical,101,40,without_replacement,146,0.0,0.0
numerical,101,40,without_replacement,147,0.0,0.0
numerical,101,40,without_replacement,148,0.0,0.0
numerical,101,40,without_replacement,149,0.0,0.0
numerical,101,40,without_replacement,150,0.0,0.0
numerical,101,40,without_replacement,151,0.0,0.0
numerical,101,40,without_replacement,152,0.0,0.0
numerical,101,40,without_replacement,153,0.0,0.0
numerical,101,40,without_replacement,154,0.0,0.0
numerical,101,40,without_replacement,155,0.0,0.0
numerical,101,40,without_replacement,156,0.0,0.0
numerical,101,40,without_replacement,157,0.0,0.0
numerical,101,40,without_replacement,158,0.0,0.0
numerical,101,40,without_replacement,159,0.0,0.0
numerical,101,40,without_replacement,160,0.0,0.0
numerical,101,45,with_replacement,40,0.0,0.0
numerical,101,45,with_replacement,41,0.0,0.0
numerical,101,45,with_replacement,42,0.0,0.0
numerical,101,45,with_replacement,43,0.0,0.0
numerical,101,45,with_replacement,44,0.0,0.0
numerical,101,45,with_replacement,45,0.0,0.0
numerical,101,45,with_replacement,46,0.0,0.0
numerical,101,45,with_replacement,47,0.0,0.0
numerical,101,45,with_replacement,48,0.0,0.0
numerical,101,45,with_replacement,49,0.0,0.0
numerical,101,45,with_replacement,50,0.0,0.0
numerical,101,45,with_replacement,51,0.0,0.0
numerical,101,45,with_replacement,52,0.0,0.0
numerical,101,45,with_replacement,53,0.0,0.0
numerical,101,45,with_replacement,54,0.0,0.0
numerical,101,45,with_replacement,55,0.0,0.0
numerical,101,45,with_replacement,56,0.0,0.0
numerical,101,45,with_replacement,57,0.0,0.0
numerical,101,45,with_replacement,58,0.0,0.0
numerical,101,45,with_replacement,59,0.0,0.0
numerical,101,45,with_replacement,60,0.0,0.0
numerical,101,45,with_replacement,61,0.0,0.0
numerical,101,45,with_replacement,62,0.0,0.0
numerical,101,45,with_replacement,63,0.0,0.0
numerical,101,45,with_replacement,64,0.0,7.56397994661303e-19
numerical,101,45,with_replacement,65,0.0,0.0
numerical,101,45,with_replacement,66,0.0,0.0
numerical,101,45,with_replacement,67,0.0,0.0
numerical,101,45,with_replacement,68,0.0,0.0
numerical,101,45,with_replacement,69,0.0,8.271064653592024e-18
numerical,101,45,with_replacement,70,0.0,0.0
numerical,101,45,with_replacement,71,0.0,7.073264453403567e-17
numerical,101,45,with_replacement,72,0.0,0.0
numerical,101,45,with_replacement,73,0.0,5.092255566721275e-16
numerical,101,45,with_replacement,74,0.0,0.0
numerical,101,45,with_replacement,75,0.0,3.1399484789835097e-15
numerical,101,45,with_replacement,76,0.0,1.7246272810549334e-14
numerical,101,45,with_replacement,77,0.0,8.532980670940234e-14
numerical,101,45,with_replacement,78,0.0,3.869460795060314e-13
numerical,101,45,with_replacement,79,0.0,1.620289216358713e-12
numerical,101,45,with_replacement,80,0.0,6.324522687329605e-12
numerical,101,45,with_replacement,81,0.0,2.3132107916304015e-11
numerical,101,45,with_replacement,82,0.0,7.974550800737488e-11
numerical,101,45,with_replacement,83,0.0,1.0659049279962204e-09
numerical,101,45,with_replacement,84,0.0,2.378031866000247e-09
numerical,101,45,with_replacement,85,0.0,2.4797817414388905e-08
numerical,101,45,with_replacement,86,0.0,4.6851764529041035e-08
numerical,101,45,with_replacement,87,0.0,3.958885632345458e-07
numerical,101,45,with_replacement,88,4e-06,2.082406468807615e-06
numerical,101,45,with_replacement,89,5e-06,9.544900029378652e-06
numerical,101,45,with_replacement,90,4e-05,3.842635715007127e-05
numerical,101,45,with_replacement,91,0.000137,0.00013675719505868984
numerical,101,45,with_replacement,92,0.000479,0.0004325582008019372
numerical,101,45,with_replacement,93,0.001237,0.0012212746923683218
numerical,101,45,with_replacement,94,0.006018,0.005928752941785107
numerical,101,45,with_replacement,95,0.010154,0.01017332625053643
numerical,101,45,with_replacement,96,0.01939,0.019772115126588323
numerical,101,45,with_replacement,97,0.059029,0.05937487146909334
numerical,101,45,with_replacement,98,0.066533,0.06674282334650071
numerical,101,45,with_replacement,99,0.146093,0.14503426192693475
numerical,101,45,with_replacement,100,0.120126,0.12034561631881717
numerical,101,45,with_replacement,101,0.127707,0.12779258904760818
numerical,101,45,with_replacement,102,0.178327,0.17826189522579988
numerical,101,45,with_replacement,103,0.094658,0.09491248795343714
numerical,101,45,with_replacement,104,0.070301,0.07013640073501537
numerical,101,45,with_replacement,105,0.046485,0.046498006821785946
numerical,101,45,with_replacement,106,0.027512,0.02756644766312792
numerical,101,45,with_replacement,107,0.014729,0.014556342299413761
numerical,101,45,with_replacement,108,0.006833,0.006813087554200419
numerical,101,45,with_replacement,109,0.00277,0.0028099466317651383
numerical,101,45,with_replacement,110,0.00102,0.001013901015006958
numerical,101,45,with_replacement,111,0.000312,0.00031725298212239
numerical,101,45,with_replacement,112,5.8e-05,5.699196695597346e-05
numerical,101,45,with_replacement,113,3.3e-05,4.147150932405227e-05
numerical,101,45,with_replacement,114,7e-06,6.016340800070951e-06
numerical,101,45,with_replacement,115,2e-06,3.6477390460062877e-06
numerical,101,45,with_replacement,116,1e-06,4.093853096303613e-07
numerical,101,45,with_replacement,117,0.0,1.4923941435196016e-07
numerical,101,45,with_replacement,118,0.0,5.0978500815481224e-08
numerical,101,45,with_replacement,119,0.0,1.6232436226396567e-08
numerical,101,45,with_replacement,120,0.0,4.7727946914957825e-09
numerical,101,45,with_replacement,121,0.0,1.2861925196291745e-09
numerical,101,45,with_replacement,122,0.0,0.0
numerical,101,45,with_replacement,123,0.0,3.1222810014688994e-10
numerical,101,45,with_replacement,124,0.0,6.751470782410303e-11
numerical,101,45,with_replacement,125,0.0,0.0
numerical,101,45,with_replacement,126,0.0,1.2503938622798695e-11
numerical,101,45,with_replacement,127,0.0,0.0
numerical,101,45,with_replacement,128,0.0,0.0
numerical,101,45,with_replacement,129,0.0,1.9495172835686493e-12
numerical,101,45,with_replacement,130,0.0,0.0
numerical,101,45,with_replacement,131,0.0,0.0
numerical,101,45,with_replacement,132,0.0,0.0
numerical,101,45,with_replacement,133,0.0,2.4233326654216286e-13
numerical,101,45,with_replacement,134,0.0,0.0
numerical,101,45,with_replacement,135,0.0,0.0
numerical,101,45,with_replacement,136,0.0,0.0
numerical,101,45,with_replacement,137,0.0,0.0
numerical,101,45,with_replacement,138,0.0,0.0
numerical,101,45,with_replacement,139,0.0,0.0
numerical,101,45,with_replacement,140,0.0,0.0
numerical,101,45,with_replacement,141,0.0,0.0
numerical,101,45,with_replacement,142,0.0,0.0
numerical,101,45,with_replacement,143,0.0,0.0
numerical,101,45,with_replacement,144,0.0,0.0
numerical,101,45,with_replacement,145,0.0,0.0
numerical,101,45,with_replacement,146,0.0,0.0
numerical,101,45,with_replacement,147,0.0,0.0
numerical,101,45,with_replacement,148,0.0,0.0
numerical,101,45,with_replacement,149,0.0,0.0
numerical,101,45,with_replacement,150,0.0,0.0
numerical,101,45,with_replacement,151,0.0,0.0
numerical,101,45,with_replacement,152,0.0,0.0
numerical,101,45,with_replacement,153,0.0,0.0
numerical,101,45,with_replacement,154,0.0,0.0
numerical,101,45,with_replacement,155,0.0,0.0
numerical,101,45,with_replacement,156,0.0,0.0
numerical,101,45,with_replacement,157,0.0,0.0
numerical,101,45,with_replacement,158,0.0,0.0
numerical,101,45,with_replacement,159,0.0,0.0
numerical,101,45,with_replacement,160,0.0,0.0
numerical,101,45,without_replacement,40,0.0,0.0
numerical,101,45,without_replacement,41,0.0,0.0
numerical,101,45,without_replacement,42,0.0,0.0
numerical,101,45,without_replacement,43,0.0,0.0
numerical,101,45,without_replacement,44,0.0,0.0
numerical,101,45,without_replacement,45,0.0,0.0
numerical,101,45,without_replacement,46,0.0,0.0
numerical,101,45,without_replacement,47,0.0,0.0
numerical,101,45,without_replacement,48,0.0,0.0
numerical,101,45,without_replacement,49,0.0,0.0
numerical,101,45,without_replacement,50,0.0,0.0
numerical,101,45,without_replacement,51,0.0,0.0
numerical,101,45,without_replacement,52,0.0,0.0
numerical,101,45,without_replacement,53,0.0,0.0
numerical,101,45,without_replacement,54,0.0,0.0
numerical,101,45,without_replacement,55,0.0,0.0
numerical,101,45,without_replacement,56,0.0,0.0
numerical,101,45,without_replacement,57,0.0,0.0
numerical,101,45,without_replacement,58,0.0,0.0
numerical,101,45,without_replacement,59,0.0,0.0
numerical,101,45,without_replacement,60,0.0,0.0
numerical,101,45,without_replacement,61,0.0,0.0
numerical,101,45,without_replacement,62,0.0,0.0
numerical,101,45,without_replacement,63,0.0,0.0
numerical,101,45,without_replacement,64,0.0,0.0
numerical,101,45,without_replacement,65,0.0,0.0
numerical,101,45,without_replacement,66,0.0,0.0
numerical,101,45,without_replacement,67,0.0,0.0
numerical,101,45,without_replacement,68,0.0,0.0
numerical,101,45,without_replacement,69,0.0,0.0
numerical,101,45,without_replacement,70,0.0,0.0
numerical,101,45,without_replacement,71,0.0,0.0
numerical,101,45,without_replacement,72,0.0,0.0
numerical,101,45,without_replacement,73,0.0,0.0
numerical,101,45,without_replacement,74,0.0,0.0
numerical,101,45,without_replacement,75,0.0,0.0
numerical,101,45,without_replacement,76,0.0,2.764120547574232e-27
numerical,101,45,without_replacement,77,0.0,2.1902364719826294e-25
numerical,101,45,without_replacement,78,0.0,8.875591078260859e-24
numerical,101,45,without_replacement,79,0.0,2.4126356966980815e-22
numerical,101,45,without_replacement,80,0.0,4.922110334545047e-21
numerical,101,45,without_replacement,81,0.0,8.01041186988539e-20
numerical,101,45,without_replacement,82,0.0,1.0809445382724337e-18
numerical,101,45,without_replacement,83,0.0,1.3634784338237224e-16
numerical,101,45,without_replacement,84,0.0,1.089675530491447e-15
numerical,101,45,without_replacement,85,0.0,6.883757450137252e-14
numerical,101,45,without_replacement,86,0.0,3.86019063061065e-13
numerical,101,45,without_replacement,87,0.0,1.4369346136859152e-11
numerical,101,45,without_replacement,88,0.0,3.351055298701834e-10
numerical,101,45,without_replacement,89,0.0,5.839220941341286e-09
numerical,101,45,without_replacement,90,0.0,7.786838238275663e-08
numerical,101,45,without_replacement,91,1e-06,8.098703622086277e-07
numerical,101,45,without_replacement,92,7e-06,6.669812914410266e-06
numerical,101,45,without_replacement,93,4.9e-05,4.4036545520063356e-05
numerical,101,45,without_replacement,94,0.000559,0.0005775224822860976
numerical,101,45,without_replacement,95,0.00199,0.0019949861129334545
numerical,101,45,without_replacement,96,0.00637,0.00650640335105545
numerical,101,45,without_replacement,97,0.033962,0.03379302755745054
numerical,101,45,without_replacement,98,0.055552,0.0553709702907094
numerical,101,45,without_replacement,99,0.157996,0.15842502861879817
numerical,101,45,without_replacement,100,0.153283,0.15281362238108268
numerical,101,45,without_replacement,101,0.16803,0.16822488347299994
numerical,101,45,without_replacement,102,0.220622,0.22034430519281317
numerical,101,45,without_replacement,103,0.098403,0.09847245618146261
numerical,101,45,without_replacement,104,0.058018,0.058062286811753794
numerical,101,45,without_replacement,105,0.028371,0.028500637238526902
numerical,101,45,without_replacement,106,0.011509,0.011601433909706731
numerical,101,45,without_replacement,107,0.00394,0.0038967229588311556
numerical,101,45,without_replacement,108,0.001064,0.001073219852810073
numerical,101,45,without_replacement,109,0.000225,0.00024047660834589438
numerical,101,45,without_replacement,110,4.3e-05,4.341207890383127e-05
numerical,101,45,without_replacement,111,5e-06,6.2373602884508355e-06
numerical,101,45,without_replacement,112,0.0,5.364328684621308e-07
numerical,101,45,without_replacement,113,1e-06,2.1382484072797802e-07
numerical,101,45,without_replacement,114,0.0,1.286712613651849e-08
numerical,101,45,without_replacement,115,0.0,3.937525955332814e-09
numerical,101,45,without_replacement,116,0.0,1.5478033196524522e-10
numerical,101,45,without_replacement,117,0.0,2.969592979458497e-11
numerical,101,45,without_replacement,118,0.0,5.149827311443677e-12
numerical,101,45,without_replacement,119,0.0,7.991858633462228e-13
numerical,101,45,without_replacement,120,0.0,1.0957586488484336e-13
numerical,101,45,without_replacement,121,0.0,1.3053363160413654e-14
numerical,101,45,without_replacement,122,0.0,0.0
numerical,101,45,without_replacement,123,0.0,1.3206474967148981e-15
numerical,101,45,without_replacement,124,0.0,1.0984281244277949e-16
numerical,101,45,without_replacement,125,0.0,0.0
numerical,101,45,without_replacement,126,0.0,7.149401924054102e-18
numerical,101,45,without_replacement,127,0.0,0.0
numerical,101,45,without_replacement,128,0.0,0.0
numerical,101,45,without_replacement,129,0.0,3.3517824179328874e-19
numerical,101,45,without_replacement,130,0.0,0.0
numerical,101,45,without_replacement,131,0.0,0.0
numerical,101,45,without_replacement,132,0.0,0.0
numerical,101,45,without_replacement,133,0.0,9.820607038535855e-21
numerical,101,45,without_replacement,134,0.0,0.0
numerical,101,45,without_replacement,135,0.0,0.0
numerical,101,45,without_replacement,136,0.0,0.0
numerical,101,45,without_replacement,137,0.0,0.0
numerical,101,45,without_replacement,138,0.0,0.0
numerical,101,45,without_replacement,139,0.0,0.0
numerical,101,45,without_replacement,140,0.0,0.0
numerical,101,45,without_replacement,141,0.0,0.0
numerical,101,45,without_replacement,142,0.0,0.0
numerical,101,45,without_replacement,143,0.0,0.0
numerical,101,45,without_replacement,144,0.0,0.0
numerical,101,45,without_replacement,145,0.0,0.0
numerical,101,45,without_replacement,146,0.0,0.0
numerical,101,45,without_replacement,147,0.0,0.0
numerical,101,45,without_replacement,148,0.0,0.0
numerical,101,45,without_replacement,149,0.0,0.0
numerical,101,45,without_replacement,150,0.0,0.0
numerical,101,45,without_replacement,151,0.0,0.0
numerical,101,45,without_replacement,152,0.0,0.0
numerical,101,45,without_replacement,153,0.0,0.0
numerical,101,45,without_replacement,154,0.0,0.0
numerical,101,45,without_replacement,155,0.0,0.0
numerical,101,45,without_replacement,156,0.0,0.0
numerical,101,45,without_replacement,157,0.0,0.0
numerical,101,45,without_replacement,158,0.0,0.0
numerical,101,45,without_replacement,159,0.0,0.0
numerical,101,45,without_replacement,160,0.0,0.0
numerical,101,50,with_replacement,40,0.0,0.0
numerical,101,50,with_replacement,41,0.0,0.0
numerical,101,50,with_replacement,42,0.0,0.0
numerical,101,50,with_replacement,43,0.0,0.0
numerical,101,50,with_replacement,44,0.0,0.0
numerical,101,50,with_replacement,45,0.0,0.0
numerical,101,50,with_replacement,46,0.0,0.0
numerical,101,50,with_replacement,47,0.0,0.0
numerical,101,50,with_replacement,48,0.0,0.0
numerical,101,50,with_replacement,49,0.0,0.0
numerical,101,50,with_replacement,50,0.0,0.0
numerical,101,50,with_replacement,51,0.0,0.0
numerical,101,50,with_replacement,52,0.0,0.0
numerical,101,50,with_replacement,53,0.0,0.0
numerical,101,50,with_replacement,54,0.0,0.0
numerical,101,50,with_replacement,55,0.0,0.0
numerical,101,50,with_replacement,56,0.0,0.0
numerical,101,50,with_replacement,57,0.0,0.0
numerical,101,50,with_replacement,58,0.0,0.0
numerical,101,50,with_replacement,59,0.0,0.0
numerical,101,50,with_replacement,60,0.0,0.0
numerical,101,50,with_replacement,61,0.0,0.0
numerical,101,50,with_replacement,62,0.0,0.0
numerical,101,50,with_replacement,63,0.0,0.0
numerical,101,50,with_replacement,64,0.0,5.906704291017724e-21
numerical,101,50,with_replacement,65,0.0,0.0
numerical,101,50,with_replacement,66,0.0,0.0
numerical,101,50,with_replacement,67,0.0,0.0
numerical,101,50,with_replacement,68,0.0,6.998853320088037e-20
numerical,101,50,with_replacement,69,0.0,0.0
numerical,101,50,with_replacement,70,0.0,6.481647072034662e-19
numerical,101,50,with_replacement,71,0.0,0.0
numerical,101,50,with_replacement,72,0.0,5.0202175803305445e-18
numerical,101,50,with_replacement,73,0.0,0.0
numerical,101,50,with_replacement,74,0.0,3.3345450794190174e-17
numerical,101,50,with_replacement,75,0.0,1.968741887237164e-16
numerical,101,50,with_replacement,76,0.0,0.0
numerical,101,50,with_replacement,77,0.0,1.0476228101725465e-15
numerical,101,50,with_replacement,78,0.0,5.1057370711711695e-15
numerical,101,50,with_replacement,79,0.0,1.194498073115529e-13
numerical,101,50,with_replacement,80,0.0,3.7947350861329025e-13
numerical,101,50,with_replacement,81,0.0,1.4073460181261018e-12
numerical,101,50,with_replacement,82,0.0,2.1422840711066956e-11
numerical,101,50,with_replacement,83,0.0,5.2407760713529224e-11
numerical,101,50,with_replacement,84,0.0,6.230128472926029e-10
numerical,101,50,with_replacement,85,0.0,4.78100302339862e-09
numerical,101,50,with_replacement,86,0.0,9.025090884360168e-09
numerical,101,50,with_replacement,87,1e-06,7.69783349889755e-08
numerical,101,50,with_replacement,88,1e-06,4.142262477214591e-07
numerical,101,50,with_replacement,89,1e-06,4.721334783964541e-06
numerical,101,50,with_replacement,90,1.8e-05,1.6275385908640587e-05
numerical,101,50,with_replacement,91,5.1e-05,5.792882546330212e-05
numerical,101,50,with_replacement,92,0.000386,0.00038628284681022974
numerical,101,50,with_replacement,93,0.000882,0.000875087014772622
numerical,101,50,with_replacement,94,0.004222,0.004164792294887305
numerical,101,50,with_replacement,95,0.007208,0.007126375392714178
numerical,101,50,with_replacement,96,0.024732,0.024796250127490222
numerical,101,50,with_replacement,97,0.032138,0.032282346486163335
numerical,101,50,with_replacement,98,0.083422,0.08341498433328727
numerical,101,50,with_replacement,99,0.131589,0.13194869909370624
numerical,101,50,with_replacement,100,0.110761,0.11095984571900146
numerical,101,50,with_replacement,101,0.180662,0.18102123915866372
numerical,101,50,with_replacement,102,0.167644,0.16677654560863145
numerical,101,50,with_replacement,103,0.088674,0.08877068705001462
numerical,101,50,with_replacement,104,0.091304,0.09137638482789995
numerical,101,50,with_replacement,105,0.035533,0.035735585470830604
numerical,101,50,with_replacement,106,0.02111,0.020841488831186562
numerical,101,50,with_replacement,107,0.014269,0.01404070287711554
numerical,101,50,with_replacement,108,0.003421,0.0033918355694195733
numerical,101,50,with_replacement,109,0.001314,0.0013446197162896001
numerical,101,50,with_replacement,110,0.000476,0.00047159548944782493
numerical,101,50,with_replacement,111,0.000125,0.00014524128355855075
numerical,101,50,with_replacement,112,4.2e-05,3.8922040045696615e-05
numerical,101,50,with_replacement,113,9e-06,6.1553114910542885e-06
numerical,101,50,with_replacement,114,4e-06,4.05548100652764e-06
numerical,101,50,with_replacement,115,1e-06,5.18572345055089e-07
numerical,101,50,with_replacement,116,0.0,2.8597883011615317e-07
numerical,101,50,with_replacement,117,0.0,2.8300375016525777e-08
numerical,101,50,with_replacement,118,0.0,9.591992801131563e-09
numerical,101,50,with_replacement,119,0.0,3.0477031673201048e-09
numerical,101,50,with_replacement,120,0.0,9.025793306986187e-10
numerical,101,50,with_replacement,121,0.0,2.4692815987179664e-10
numerical,101,50,with_replacement,122,0.0,6.18718628826506e-11
numerical,101,50,with_replacement,123,0.0,1.3972680879249878e-11
numerical,101,50,with_replacement,124,0.0,0.0
numerical,101,50,with_replacement,125,0.0,2.8048163102188423e-12
numerical,101,50,with_replacement,126,0.0,0.0
numerical,101,50,with_replacement,127,0.0,4.828430676246565e-13
numerical,101,50,with_replacement,128,0.0,0.0
numerical,101,50,with_replacement,129,0.0,6.951623600955158e-14
numerical,101,50,with_replacement,130,0.0,0.0
numerical,101,50,with_replacement,131,0.0,0.0
numerical,101,50,with_replacement,132,0.0,0.0
numerical,101,50,with_replacement,133,0.0,0.0
numerical,101,50,with_replacement,134,0.0,7.96006703636148e-15
numerical,101,50,with_replacement,135,0.0,0.0
numerical,101,50,with_replacement,136,0.0,0.0
numerical,101,50,with_replacement,137,0.0,0.0
numerical,101,50,with_replacement,138,0.0,0.0
numerical,101,50,with_replacement,139,0.0,0.0
numerical,101,50,with_replacement,140,0.0,0.0
numerical,101,50,with_replacement,141,0.0,0.0
numerical,101,50,with_replacement,142,0.0,0.0
numerical,101,50,with_replacement,143,0.0,0.0
numerical,101,50,with_replacement,144,0.0,0.0
numerical,101,50,with_replacement,145,0.0,0.0
numerical,101,50,with_replacement,146,0.0,0.0
numerical,101,50,with_replacement,147,0.0,0.0
numerical,101,50,with_replacement,148,0.0,0.0
numerical,101,50,with_replacement,149,0.0,0.0
numerical,101,50,with_replacement,150,0.0,0.0
numerical,101,50,with_replacement,151,0.0,0.0
numerical,101,50,with_replacement,152,0.0,0.0
numerical,101,50,with_replacement,153,0.0,0.0
numerical,101,50,with_replacement,154,0.0,0.0
numerical,101,50,with_replacement,155,0.0,0.0
numerical,101,50,with_replacement,156,0.0,0.0
numerical,101,50,with_replacement,157,0.0,0.0
numerical,101,50,with_replacement,158,0.0,0.0
numerical,101,50,with_replacement,159,0.0,0.0
numerical,101,50,with_replacement,160,0.0,0.0
numerical,101,50,without_replacement,40,0.0,0.0
numerical,101,50,without_replacement,41,0.0,0.0
numerical,101,50,without_replacement,42,0.0,0.0
numerical,101,50,without_replacement,43,0.0,0.0
numerical,101,50,without_replacement,44,0.0,0.0
numerical,101,50,without_replacement,45,0.0,0.0
numerical,101,50,without_replacement,46,0.0,0.0
numerical,101,50,without_replacement,47,0.0,0.0
numerical,101,50,without_replacement,48,0.0,0.0
numerical,101,50,without_replacement,49,0.0,0.0
numerical,101,50,without_replacement,50,0.0,0.0
numerical,101,50,without_replacement,51,0.0,0.0
numerical,101,50,without_replacement,52,0.0,0.0
numerical,101,50,without_replacement,53,0.0,0.0
numerical,101,50,without_replacement,54,0.0,0.0
numerical,101,50,without_replacement,55,0.0,0.0
numerical,101,50,without_replacement,56,0.0,0.0
numerical,101,50,without_replacement,57,0.0,0.0
numerical,101,50,without_replacement,58,0.0,0.0
numerical,101,50,without_replacement,59,0.0,0.0
numerical,101,50,without_replacement,60,0.0,0.0
numerical,101,50,without_replacement,61,0.0,0.0
numerical,101,50,without_replacement,62,0.0,0.0
numerical,101,50,without_replacement,63,0.0,0.0
numerical,101,50,without_replacement,64,0.0,0.0
numerical,101,50,without_replacement,65,0.0,0.0
numerical,101,50,without_replacement,66,0.0,0.0
numerical,101,50,without_replacement,67,0.0,0.0
numerical,101,50,without_replacement,68,0.0,0.0
numerical,101,50,without_replacement,69,0.0,0.0
numerical,101,50,without_replacement,70,0.0,0.0
numerical,101,50,without_replacement,71,0.0,0.0
numerical,101,50,without_replacement,72,0.0,0.0
numerical,101,50,without_replacement,73,0.0,0.0
numerical,101,50,without_replacement,74,0.0,0.0
numerical,101,50,without_replacement,75,0.0,0.0
numerical,101,50,without_replacement,76,0.0,0.0
numerical,101,50,without_replacement,77,0.0,0.0
numerical,101,50,without_replacement,78,0.0,0.0
numerical,101,50,without_replacement,79,0.0,0.0
numerical,101,50,without_replacement,80,0.0,1.2997861467729814e-28
numerical,101,50,without_replacement,81,0.0,1.9854233391957295e-26
numerical,101,50,without_replacement,82,0.0,4.465364708420721e-23
numerical,101,50,without_replacement,83,0.0,1.0780223534696212e-21
numerical,101,50,without_replacement,84,0.0,3.2933666980270134e-19
numerical,101,50,without_replacement,85,0.0,4.6161205314989226e-17
numerical,101,50,without_replacement,86,0.0,3.979268828714249e-16
numerical,101,50,without_replacement,87,0.0,2.794765919543105e-14
numerical,101,50,without_replacement,88,0.0,1.1738222276503745e-12
numerical,101,50,without_replacement,89,0.0,1.7147517830222988e-10
numerical,101,50,without_replacement,90,0.0,3.0702668664055457e-09
numerical,101,50,without_replacement,91,0.0,4.323240936408244e-08
numerical,101,50,without_replacement,92,1e-06,1.5427041597065479e-06
numerical,101,50,without_replacement,93,1.7e-05,1.101585853522833e-05
numerical,101,50,without_replacement,94,0.000188,0.0001774536914627101
numerical,101,50,without_replacement,95,0.000684,0.0007165781779084409
numerical,101,50,without_replacement,96,0.005836,0.00577222191299164
numerical,101,50,without_replacement,97,0.013395,0.013633158391610367
numerical,101,50,without_replacement,98,0.059033,0.0588164296655796
numerical,101,50,without_replacement,99,0.139981,0.13927374167164086
numerical,101,50,without_replacement,100,0.142128,0.1424086419448109
numerical,101,50,without_replacement,101,0.247738,0.2476729232951382
numerical,101,50,without_replacement,102,0.209162,0.20957106919518415
numerical,101,50,without_replacement,103,0.090226,0.09034791309512746
numerical,101,50,without_replacement,104,0.067247,0.06709581124299044
numerical,101,50,without_replacement,105,0.016165,0.016223088159605235
numerical,101,50,without_replacement,106,0.005894,0.00592989175958786
numerical,101,50,without_replacement,107,0.002045,0.0020976863583242436
numerical,101,50,without_replacement,108,0.000207,0.00020662926070042395
numerical,101,50,without_replacement,109,4.1e-05,3.785164618484013e-05
numerical,101,50,without_replacement,110,1.1e-05,5.5849259231206715e-06
numerical,101,50,without_replacement,111,1e-06,6.557178355365688e-07
numerical,101,50,without_replacement,112,0.0,6.034302055655222e-08
numerical,101,50,without_replacement,113,0.0,3.4363448267556417e-09
numerical,101,50,without_replacement,114,0.0,1.0219606157560083e-09
numerical,101,50,without_replacement,115,0.0,3.90283818277129e-11
numerical,101,50,without_replacement,116,0.0,8.752125084269061e-12
numerical,101,50,without_replacement,117,0.0,2.0554508537066904e-13
numerical,101,50,without_replacement,118,0.0,2.922744836346081e-14
numerical,101,50,without_replacement,119,0.0,3.697139637337264e-15
numerical,101,50,without_replacement,120,0.0,4.1047336158969187e-16
numerical,101,50,without_replacement,121,0.0,3.930530394106482e-17
numerical,101,50,without_replacement,122,0.0,3.1706336084610302e-18
numerical,101,50,without_replacement,123,0.0,2.0846850437123674e-19
numerical,101,50,without_replacement,124,0.0,0.0
numerical,101,50,without_replacement,125,0.0,1.0642247173384552e-20
numerical,101,50,without_replacement,126,0.0,0.0
numerical,101,50,without_replacement,127,0.0,3.9059191108947808e-22
numerical,101,50,without_replacement,128,0.0,0.0
numerical,101,50,without_replacement,129,0.0,9.104885905810201e-24
numerical,101,50,without_replacement,130,0.0,0.0
numerical,101,50,without_replacement,131,0.0,0.0
numerical,101,50,without_replacement,132,0.0,0.0
numerical,101,50,without_replacement,133,0.0,0.0
numerical,101,50,without_replacement,134,0.0,1.109553160005993e-25
numerical,101,50,without_replacement,135,0.0,0.0
numerical,101,50,without_replacement,136,0.0,0.0
numerical,101,50,without_replacement,137,0.0,0.0
numerical,101,50,without_replacement,138,0.0,0.0
numerical,101,50,without_replacement,139,0.0,0.0
numerical,101,50,without_replacement,140,0.0,0.0
numerical,101,50,without_replacement,141,0.0,0.0
numerical,101,50,without_replacement,142,0.0,0.0
numerical,101,50,without_replacement,143,0.0,0.0
numerical,101,50,without_replacement,144,0.0,0.0
numerical,101,50,without_replacement,145,0.0,0.0
numerical,101,50,without_replacement,146,0.0,0.0
numerical,101,50,without_replacement,147,0.0,0.0
numerical,101,50,without_replacement,148,0.0,0.0
numerical,101,50,without_replacement,149,0.0,0.0
numerical,101,50,without_replacement,150,0.0,0.0
numerical,101,50,without_replacement,151,0.0,0.0
numerical,101,50,without_replacement,152,0.0,0.0
numerical,101,50,without_replacement,153,0.0,0.0
numerical,101,50,without_replacement,154,0.0,0.0
numerical,101,50,without_replacement,155,0.0,0.0
numerical,101,50,without_replacement,156,0.0,0.0
numerical,101,50,without_replacement,157,0.0,0.0
numerical,101,50,without_replacement,158,0.0,0.0
numerical,101,50,without_replacement,159,0.0,0.0
numerical,101,50,without_replacement,160,0.0,0.0
numerical,101,55,with_replacement,40,0.0,0.0
numerical,101,55,with_replacement,41,0.0,0.0
numerical,101,55,with_replacement,42,0.0,0.0
numerical,101,55,with_replacement,43,0.0,0.0
numerical,101,55,with_replacement,44,0.0,0.0
numerical,101,55,with_replacement,45,0.0,0.0
numerical,101,55,with_replacement,46,0.0,0.0
numerical,101,55,with_replacement,47,0.0,0.0
numerical,101,55,with_replacement,48,0.0,0.0
numerical,101,55,with_replacement,49,0.0,0.0
numerical,101,55,with_replacement,50,0.0,0.0
numerical,101,55,with_replacement,51,0.0,0.0
numerical,101,55,with_replacement,52,0.0,0.0
numerical,101,55,with_replacement,53,0.0,0.0
numerical,101,55,with_replacement,54,0.0,0.0
numerical,101,55,with_replacement,55,0.0,0.0
numerical,101,55,with_replacement,56,0.0,0.0
numerical,101,55,with_replacement,57,0.0,0.0
numerical,101,55,with_replacement,58,0.0,0.0
numerical,101,55,with_replacement,59,0.0,0.0
numerical,101,55,with_replacement,60,0.0,0.0
numerical,101,55,with_replacement,61,0.0,0.0
numerical,101,55,with_replacement,62,0.0,0.0
numerical,101,55,with_replacement,63,0.0,4.571153994597259e-23
numerical,101,55,with_replacement,64,0.0,0.0
numerical,101,55,with_replacement,65,0.0,0.0
numerical,101,55,with_replacement,66,0.0,0.0
numerical,101,55,with_replacement,67,0.0,5.832926367547406e-22
numerical,101,55,with_replacement,68,0.0,0.0
numerical,101,55,with_replacement,69,0.0,0.0
numerical,101,55,with_replacement,70,0.0,5.806887831177669e-21
numerical,101,55,with_replacement,71,0.0,0.0
numerical,101,55,with_replacement,72,0.0,4.809734480199975e-20
numerical,101,55,with_replacement,73,0.0,3.418001440066674e-19
numerical,101,55,with_replacement,74,0.0,0.0
numerical,101,55,with_replacement,75,0.0,2.1554387408260685e-18
numerical,101,55,with_replacement,76,0.0,1.2252233562209324e-17
numerical,101,55,with_replacement,77,0.0,6.375036430830907e-17
numerical,101,55,with_replacement,78,0.0,3.064692383876388e-16
numerical,101,55,with_replacement,79,0.0,7.141398138811189e-15
numerical,101,55,with_replacement,80,0.0,2.2848854258483068e-14
numerical,101,55,with_replacement,81,0.0,8.570089284867093e-14
numerical,101,55,with_replacement,82,0.0,1.3442852570176727e-12
numerical,101,55,with_replacement,83,0.0,1.3896918190350814e-11
numerical,101,55,with_replacement,84,0.0,3.148375963362542e-11
numerical,101,55,with_replacement,85,0.0,3.423536304587324e-10
numerical,101,55,with_replacement,86,0.0,2.421436274435503e-09
numerical,101,55,with_replacement,87,1e-06,4.007233197403199e-08
numerical,101,55,with_replacement,88,0.0,1.8455173800276247e-07
numerical,101,55,with_replacement,89,2e-06,8.523440163044051e-07
numerical,101,55,with_replacement,90,8e-06,8.10673189952565e-06
numerical,101,55,with_replacement,91,3.8e-05,2.465155589566248e-05
numerical,101,55,with_replacement,92,0.000151,0.00016691624931667792
numerical,101,55,with_replacement,93,0.000754,0.0007741167681991683
numerical,101,55,with_replacement,94,0.001495,0.001538588612560873
numerical,101,55,with_replacement,95,0.00642,0.006415234720980405
numerical,101,55,with_replacement,96,0.017566,0.01765784708654295
numerical,101,55,with_replacement,97,0.040265,0.04029421827542752
numerical,101,55,with_replacement,98,0.076212,0.07641550596038792
numerical,101,55,with_replacement,99,0.120969,0.12058899809829147
numerical,101,55,with_replacement,100,0.158406,0.1583779603827118
numerical,101,55,with_replacement,101,0.172924,0.1729571100912396
numerical,101,55,with_replacement,102,0.156204,0.15672654982603412
numerical,101,55,with_replacement,103,0.083262,0.08340032450767892
numerical,101,55,with_replacement,104,0.087543,0.08701810176697135
numerical,101,55,with_replacement,105,0.047119,0.04700618894039417
numerical,101,55,with_replacement,106,0.015823,0.015818973691628987
numerical,101,55,with_replacement,107,0.01072,0.010616258120591112
numerical,101,55,with_replacement,108,0.002531,0.002592968515972363
numerical,101,55,with_replacement,109,0.001305,0.0012907359209599104
numerical,101,55,with_replacement,110,0.000208,0.00021972250534489545
numerical,101,55,with_replacement,111,4.9e-05,6.678622538966129e-05
numerical,101,55,with_replacement,112,2.1e-05,1.7875057255938747e-05
numerical,101,55,with_replacement,113,3e-06,4.1733934909439086e-06
numerical,101,55,with_replacement,114,1e-06,5.884386067535721e-07
numerical,101,55,with_replacement,115,0.0,3.5510868269872573e-07
numerical,101,55,with_replacement,116,0.0,5.5660656532974466e-08
numerical,101,55,with_replacement,117,0.0,5.385550488631301e-09
numerical,101,55,with_replacement,118,0.0,1.8128180215149646e-09
numerical,101,55,with_replacement,119,0.0,5.753557958083959e-10
numerical,101,55,with_replacement,120,0.0,2.1871575278021586e-10
numerical,101,55,with_replacement,121,0.0,0.0
numerical,101,55,with_replacement,122,0.0,1.2169552939623254e-11
numerical,101,55,with_replacement,123,0.0,2.854524522016238e-12
numerical,101,55,with_replacement,124,0.0,6.035441875261665e-13
numerical,101,55,with_replacement,125,0.0,0.0
numerical,101,55,with_replacement,126,0.0,1.1323916777956956e-13
numerical,101,55,with_replacement,127,0.0,0.0
numerical,101,55,with_replacement,128,0.0,1.822878575657597e-14
numerical,101,55,with_replacement,129,0.0,0.0
numerical,101,55,with_replacement,130,0.0,2.4414033398297086e-15
numerical,101,55,with_replacement,131,0.0,0.0
numerical,101,55,with_replacement,132,0.0,0.0
numerical,101,55,with_replacement,133,0.0,0.0
numerical,101,55,with_replacement,134,0.0,2.5920353789786457e-16
numerical,101,55,with_replacement,135,0.0,0.0
numerical,101,55,with_replacement,136,0.0,0.0
numerical,101,55,with_replacement,137,0.0,0.0
numerical,101,55,with_replacement,138,0.0,0.0
numerical,101,55,with_replacement,139,0.0,0.0
numerical,101,55,with_replacement,140,0.0,0.0
numerical,101,55,with_replacement,141,0.0,0.0
numerical,101,55,with_replacement,142,0.0,0.0
numerical,101,55,with_replacement,143,0.0,0.0
numerical,101,55,with_replacement,144,0.0,0.0
numerical,101,55,with_replacement,145,0.0,0.0
numerical,101,55,with_replacement,146,0.0,0.0
numerical,101,55,with_replacement,147,0.0,0.0
numerical,101,55,with_replacement,148,0.0,0.0
numerical,101,55,with_replacement,149,0.0,0.0
numerical,101,55,with_replacement,150,0.0,0.0
numerical,101,55,with_replacement,151,0.0,0.0
numerical,101,55,with_replacement,152,0.0,0.0
numerical,101,55,with_replacement,153,0.0,0.0
numerical,101,55,with_replacement,154,0.0,0.0
numerical,101,55,with_replacement,155,0.0,0.0
numerical,101,55,with_replacement,156,0.0,0.0
numerical,101,55,with_replacement,157,0.0,0.0
numerical,101,55,with_replacement,158,0.0,0.0
numerical,101,55,with_replacement,159,0.0,0.0
numerical,101,55,with_replacement,160,0.0,0.0
numerical,101,55,without_replacement,40,0.0,0.0
numerical,101,55,without_replacement,41,0.0,0.0
numerical,101,55,without_replacement,42,0.0,0.0
numerical,101,55,without_replacement,43,0.0,0.0
numerical,101,55,without_replacement,44,0.0,0.0
numerical,101,55,without_replacement,45,0.0,0.0
numerical,101,55,without_replacement,46,0.0,0.0
numerical,101,55,without_replacement,47,0.0,0.0
numerical,101,55,without_replacement,48,0.0,0.0
numerical,101,55,without_replacement,49,0.0,0.0
numerical,101,55,without_replacement,50,0.0,0.0
numerical,101,55,without_replacement,51,0.0,0.0
numerical,101,55,without_replacement,52,0.0,0.0
numerical,101,55,without_replacement,53,0.0,0.0
numerical,101,55,without_replacement,54,0.0,0.0
numerical,101,55,without_replacement,55,0.0,0.0
numerical,101,55,without_replacement,56,0.0,0.0
numerical,101,55,without_replacement,57,0.0,0.0
numerical,101,55,without_replacement,58,0.0,0.0
numerical,101,55,without_replacement,59,0.0,0.0
numerical,101,55,without_replacement,60,0.0,0.0
numerical,101,55,without_replacement,61,0.0,0.0
numerical,101,55,without_replacement,62,0.0,0.0
numerical,101,55,without_replacement,63,0.0,0.0
numerical,101,55,without_replacement,64,0.0,0.0
numerical,101,55,without_replacement,65,0.0,0.0
numerical,101,55,without_replacement,66,0.0,0.0
numerical,101,55,without_replacement,67,0.0,0.0
numerical,101,55,without_replacement,68,0.0,0.0
numerical,101,55,without_replacement,69,0.0,0.0
numerical,101,55,without_replacement,70,0.0,0.0
numerical,101,55,without_replacement,71,0.0,0.0
numerical,101,55,without_replacement,72,0.0,0.0
numerical,101,55,without_replacement,73,0.0,0.0
numerical,101,55,without_replacement,74,0.0,0.0
numerical,101,55,without_replacement,75,0.0,0.0
numerical,101,55,without_replacement,76,0.0,0.0
numerical,101,55,without_replacement,77,0.0,0.0
numerical,101,55,without_replacement,78,0.0,0.0
numerical,101,55,without_replacement,79,0.0,0.0
numerical,101,55,without_replacement,80,0.0,0.0
numerical,101,55,without_replacement,81,0.0,0.0
numerical,101,55,without_replacement,82,0.0,0.0
numerical,101,55,without_replacement,83,0.0,0.0
numerical,101,55,without_replacement,84,0.0,4.734935248958718e-28
numerical,101,55,without_replacement,85,0.0,9.215367728285905e-24
numerical,101,55,without_replacement,86,0.0,1.1032839084474029e-20
numerical,101,55,without_replacement,87,0.0,4.2684406053897086e-17
numerical,101,55,without_replacement,88,0.0,4.107612998926955e-15
numerical,101,55,without_replacement,89,0.0,2.347725337341299e-13
numerical,101,55,without_replacement,90,0.0,4.7780506911981964e-11
numerical,101,55,without_replacement,91,0.0,1.0219606157560081e-09
numerical,101,55,without_replacement,92,0.0,6.377936538330784e-08
numerical,101,55,without_replacement,93,3e-06,2.128940956667732e-06
numerical,101,55,without_replacement,94,1.4e-05,1.4948564906202057e-05
numerical,101,55,without_replacement,95,0.000252,0.00023364404478105156
numerical,101,55,without_replacement,96,0.002018,0.0020976863583242428
numerical,101,55,without_replacement,97,0.012242,0.01220025948573541
numerical,101,55,without_replacement,98,0.046953,0.04686177866299034
numerical,101,55,without_replacement,99,0.120433,0.12053466610858529
numerical,101,55,without_replacement,100,0.209609,0.20957106919518412
numerical,101,55,without_replacement,101,0.247121,0.24767292329513818
numerical,101,55,without_replacement,102,0.199435,0.19935168950639182
numerical,101,55,without_replacement,103,0.08274,0.08233069411005989
numerical,101,55,without_replacement,104,0.058893,0.05881642966557961
numerical,101,55,without_replacement,105,0.016627,0.016722179201711745
numerical,101,55,without_replacement,106,0.002761,0.0026832011028902585
numerical,101,55,without_replacement,107,0.000809,0.0008257176934573085
numerical,101,55,without_replacement,108,7.6e-05,6.831417591384238e-05
numerical,101,55,without_replacement,109,1.4e-05,1.208586354673811e-05
numerical,101,55,without_replacement,110,0.0,4.7269914819676737e-07
numerical,101,55,without_replacement,111,0.0,4.3232409364082456e-08
numerical,101,55,without_replacement,112,0.0,3.070266866405546e-09
numerical,101,55,without_replacement,113,0.0,1.6584756475924933e-10
numerical,101,55,without_replacement,114,0.0,5.627613542980562e-12
numerical,101,55,without_replacement,115,0.0,1.1738222276503745e-12
numerical,101,55,without_replacement,116,0.0,2.794765919543105e-14
numerical,101,55,without_replacement,117,0.0,3.979268828714249e-16
numerical,101,55,without_replacement,118,0.0,4.225316220707722e-17
numerical,101,55,without_replacement,119,0.0,3.908043107912012e-18
numerical,101,55,without_replacement,120,0.0,3.2933666980270134e-19
numerical,101,55,without_replacement,121,0.0,0.0
numerical,101,55,without_replacement,122,0.0,1.0780223534696214e-21
numerical,101,55,without_replacement,123,0.0,4.343841202628182e-23
numerical,101,55,without_replacement,124,0.0,1.2152350579253991e-24
numerical,101,55,without_replacement,125,0.0,0.0
numerical,101,55,without_replacement,126,0.0,1.9854233391957295e-26
numerical,101,55,without_replacement,127,0.0,0.0
numerical,101,55,without_replacement,128,0.0,1.2997861467729814e-28
numerical,101,55,without_replacement,129,0.0,0.0
numerical,101,55,without_replacement,130,0.0,0.0
numerical,101,55,without_replacement,131,0.0,0.0
numerical,101,55,without_replacement,132,0.0,0.0
numerical,101,55,without_replacement,133,0.0,0.0
numerical,101,55,without_replacement,134,0.0,0.0
numerical,101,55,without_replacement,135,0.0,0.0
numerical,101,55,without_replacement,136,0.0,0.0
numerical,101,55,without_replacement,137,0.0,0.0
numerical,101,55,without_replacement,138,0.0,0.0
numerical,101,55,without_replacement,139,0.0,0.0
numerical,101,55,without_replacement,140,0.0,0.0
numerical,101,55,without_replacement,141,0.0,0.0
numerical,101,55,without_replacement,142,0.0,0.0
numerical,101,55,without_replacement,143,0.0,0.0
numerical,101,55,without_replacement,144,0.0,0.0
numerical,101,55,without_replacement,145,0.0,0.0
numerical,101,55,without_replacement,146,0.0,0.0
numerical,101,55,without_replacement,147,0.0,0.0
numerical,101,55,without_replacement,148,0.0,0.0
numerical,101,55,without_replacement,149,0.0,0.0
numerical,101,55,without_replacement,150,0.0,0.0
numerical,101,55,without_replacement,151,0.0,0.0
numerical,101,55,without_replacement,152,0.0,0.0
numerical,101,55,without_replacement,153,0.0,0.0
numerical,101,55,without_replacement,154,0.0,0.0
numerical,101,55,without_replacement,155,0.0,0.0
numerical,101,55,without_replacement,156,0.0,0.0
numerical,101,55,without_replacement,157,0.0,0.0
numerical,101,55,without_replacement,158,0.0,0.0
numerical,101,55,without_replacement,159,0.0,0.0
numerical,101,55,without_replacement,160,0.0,0.0
numerical,101,60,with_replacement,40,0.0,0.0
numerical,101,60,with_replacement,41,0.0,0.0
numerical,101,60,with_replacement,42,0.0,0.0
numerical,101,60,with_replacement,43,0.0,0.0
numerical,101,60,with_replacement,44,0.0,0.0
numerical,101,60,with_replacement,45,0.0,0.0
numerical,101,60,with_replacement,46,0.0,0.0
numerical,101,60,with_replacement,47,0.0,0.0
numerical,101,60,with_replacement,48,0.0,0.0
numerical,101,60,with_replacement,49,0.0,0.0
numerical,101,60,with_replacement,50,0.0,0.0
numerical,101,60,with_replacement,51,0.0,0.0
numerical,101,60,with_replacement,52,0.0,0.0
numerical,101,60,with_replacement,53,0.0,0.0
numerical,101,60,with_replacement,54,0.0,0.0
numerical,101,60,with_replacement,55,0.0,0.0
numerical,101,60,with_replacement,56,0.0,0.0
numerical,101,60,with_replacement,57,0.0,0.0
numerical,101,60,with_replacement,58,0.0,0.0
numerical,101,60,with_replacement,59,0.0,0.0
numerical,101,60,with_replacement,60,0.0,0.0
numerical,101,60,with_replacement,61,0.0,0.0
numerical,101,60,with_replacement,62,0.0,0.0
numerical,101,60,with_replacement,63,0.0,3.511096334551916e-25
numerical,101,60,with_replacement,64,0.0,0.0
numerical,101,60,with_replacement,65,0.0,0.0
numerical,101,60,with_replacement,66,0.0,0.0
numerical,101,60,with_replacement,67,0.0,4.7994508397393104e-24
numerical,101,60,with_replacement,68,0.0,0.0
numerical,101,60,with_replacement,69,0.0,5.1054891668772476e-23
numerical,101,60,with_replacement,70,0.0,0.0
numerical,101,60,with_replacement,71,0.0,4.499438070789785e-22
numerical,101,60,with_replacement,72,0.0,0.0
numerical,101,60,with_replacement,73,0.0,3.401917464937024e-21
numerical,101,60,with_replacement,74,0.0,2.2792895266247322e-20
numerical,101,60,with_replacement,75,0.0,1.376369789802424e-19
numerical,101,60,with_replacement,76,0.0,7.603939793001784e-19
numerical,101,60,with_replacement,77,0.0,3.881258419995556e-18
numerical,101,60,with_replacement,78,0.0,1.846090524954125e-17
numerical,101,60,with_replacement,79,0.0,4.286762749236475e-16
numerical,101,60,with_replacement,80,0.0,1.3796003332853184e-15
numerical,101,60,with_replacement,81,0.0,2.409824102656141e-14
numerical,101,60,with_replacement,82,0.0,6.520792466030184e-14
numerical,101,60,with_replacement,83,0.0,9.035975212738987e-13
numerical,101,60,with_replacement,84,0.0,8.333060041022398e-12
numerical,101,60,with_replacement,85,0.0,6.68096403334578e-11
numerical,101,60,with_replacement,86,0.0,1.3241331376425441e-09
numerical,101,60,with_replacement,87,0.0,7.03032053934487e-09
numerical,101,60,with_replacement,88,0.0,3.709484192967262e-08
numerical,101,60,with_replacement,89,0.0,4.261216628776108e-07
numerical,101,60,with_replacement,90,6e-06,3.4659271775313115e-06
numerical,101,60,with_replacement,91,1e-05,1.0530815290673524e-05
numerical,101,60,with_replacement,92,8.1e-05,7.222734185980571e-05
numerical,101,60,with_replacement,93,0.000312,0.00034485371677279156
numerical,101,60,with_replacement,94,0.001372,0.0013679484254107024
numerical,101,60,with_replacement,95,0.004396,0.004532861867222366
numerical,101,60,with_replacement,96,0.020089,0.020001899569308947
numerical,101,60,with_replacement,97,0.03796,0.03767122852868579
numerical,101,60,with_replacement,98,0.070177,0.07024118293506787
numerical,101,60,with_replacement,99,0.110549,0.11062435054055722
numerical,101,60,with_replacement,100,0.146867,0.1471781949011725
numerical,101,60,with_replacement,101,0.219716,0.2197732489272799
numerical,101,60,with_replacement,102,0.147898,0.14782991656749334
numerical,101,60,with_replacement,103,0.111213,0.11094236856503172
numerical,101,60,with_replacement,104,0.069641,0.06965013162326958
numerical,101,60,with_replacement,105,0.036529,0.03639511226699887
numerical,101,60,with_replacement,106,0.012054,0.012046651950192505
numerical,101,60,with_replacement,107,0.007858,0.008058643699012883
numerical,101,60,with_replacement,108,0.002516,0.002490468298762775
numerical,101,60,with_replacement,109,0.000483,0.0005065158969087395
numerical,101,60,with_replacement,110,0.000219,0.00021623249683088306
numerical,101,60,with_replacement,111,4e-05,3.0823495672176494e-05
numerical,101,60,with_replacement,112,1.1e-05,8.241090851203528e-06
numerical,101,60,with_replacement,113,2e-06,1.9442466908003366e-06
numerical,101,60,with_replacement,114,1e-06,4.008982194368073e-07
numerical,101,60,with_replacement,115,0.0,7.140795210548102e-08
numerical,101,60,with_replacement,116,0.0,7.908469551276957e-09
numerical,101,60,with_replacement,117,0.0,3.946878666226918e-09
numerical,101,60,with_replacement,118,0.0,3.4399589057297963e-10
numerical,101,60,with_replacement,119,0.0,1.4164803186926245e-10
numerical,101,60,with_replacement,120,0.0,9.13793630868914e-12
numerical,101,60,with_replacement,121,0.0,2.3870030457333474e-12
numerical,101,60,with_replacement,122,0.0,5.760871284712066e-13
numerical,101,60,with_replacement,123,0.0,1.2720121855587756e-13
numerical,101,60,with_replacement,124,0.0,0.0
numerical,101,60,with_replacement,125,0.0,2.531362174699617e-14
numerical,101,60,with_replacement,126,0.0,4.464034359913181e-15
numerical,101,60,with_replacement,127,0.0,0.0
numerical,101,60,with_replacement,128,0.0,6.75375567838524e-16
numerical,101,60,with_replacement,129,0.0,0.0
numerical,101,60,with_replacement,130,0.0,0.0
numerical,101,60,with_replacement,131,0.0,8.465220419965105e-17
numerical,101,60,with_replacement,132,0.0,0.0
numerical,101,60,with_replacement,133,0.0,0.0
numerical,101,60,with_replacement,134,0.0,0.0
numerical,101,60,with_replacement,135,0.0,8.379231411857929e-18
numerical,101,60,with_replacement,136,0.0,0.0
numerical,101,60,with_replacement,137,0.0,0.0
numerical,101,60,with_replacement,138,0.0,0.0
numerical,101,60,with_replacement,139,0.0,0.0
numerical,101,60,with_replacement,140,0.0,0.0
numerical,101,60,with_replacement,141,0.0,0.0
numerical,101,60,with_replacement,142,0.0,0.0
numerical,101,60,with_replacement,143,0.0,0.0
numerical,101,60,with_replacement,144,0.0,0.0
numerical,101,60,with_replacement,145,0.0,0.0
numerical,101,60,with_replacement,146,0.0,0.0
numerical,101,60,with_replacement,147,0.0,0.0
numerical,101,60,with_replacement,148,0.0,0.0
numerical,101,60,with_replacement,149,0.0,0.0
numerical,101,60,with_replacement,150,0.0,0.0
numerical,101,60,with_replacement,151,0.0,0.0
numerical,101,60,with_replacement,152,0.0,0.0
numerical,101,60,with_replacement,153,0.0,0.0
numerical,101,60,with_replacement,154,0.0,0.0
numerical,101,60,with_replacement,155,0.0,0.0
numerical,101,60,with_replacement,156,0.0,0.0
numerical,101,60,with_replacement,157,0.0,0.0
numerical,101,60,with_replacement,158,0.0,0.0
numerical,101,60,with_replacement,159,0.0,0.0
numerical,101,60,with_replacement,160,0.0,0.0
numerical,101,60,without_replacement,40,0.0,0.0
numerical,101,60,without_replacement,41,0.0,0.0
numerical,101,60,without_replacement,42,0.0,0.0
numerical,101,60,without_replacement,43,0.0,0.0
numerical,101,60,without_replacement,44,0.0,0.0
numerical,101,60,without_replacement,45,0.0,0.0
numerical,101,60,without_replacement,46,0.0,0.0
numerical,101,60,without_replacement,47,0.0,0.0
numerical,101,60,without_replacement,48,0.0,0.0
numerical,101,60,without_replacement,49,0.0,0.0
numerical,101,60,without_replacement,50,0.0,0.0
numerical,101,60,without_replacement,51,0.0,0.0
numerical,101,60,without_replacement,52,0.0,0.0
numerical,101,60,without_replacement,53,0.0,0.0
numerical,101,60,without_replacement,54,0.0,0.0
numerical,101,60,without_replacement,55,0.0,0.0
numerical,101,60,without_replacement,56,0.0,0.0
numerical,101,60,without_replacement,57,0.0,0.0
numerical,101,60,without_replacement,58,0.0,0.0
numerical,101,60,without_replacement,59,0.0,0.0
numerical,101,60,without_replacement,60,0.0,0.0
numerical,101,60,without_replacement,61,0.0,0.0
numerical,101,60,without_replacement,62,0.0,0.0
numerical,101,60,without_replacement,63,0.0,0.0
numerical,101,60,without_replacement,64,0.0,0.0
numerical,101,60,without_replacement,65,0.0,0.0
numerical,101,60,without_replacement,66,0.0,0.0
numerical,101,60,without_replacement,67,0.0,0.0
numerical,101,60,without_replacement,68,0.0,0.0
numerical,101,60,without_replacement,69,0.0,0.0
numerical,101,60,without_replacement,70,0.0,0.0
numerical,101,60,without_replacement,71,0.0,0.0
numerical,101,60,without_replacement,72,0.0,0.0
numerical,101,60,without_replacement,73,0.0,0.0
numerical,101,60,without_replacement,74,0.0,0.0
numerical,101,60,without_replacement,75,0.0,0.0
numerical,101,60,without_replacement,76,0.0,0.0
numerical,101,60,without_replacement,77,0.0,0.0
numerical,101,60,without_replacement,78,0.0,0.0
numerical,101,60,without_replacement,79,0.0,0.0
numerical,101,60,without_replacement,80,0.0,0.0
numerical,101,60,without_replacement,81,0.0,0.0
numerical,101,60,without_replacement,82,0.0,0.0
numerical,101,60,without_replacement,83,0.0,0.0
numerical,101,60,without_replacement,84,0.0,0.0
numerical,101,60,without_replacement,85,0.0,0.0
numerical,101,60,without_replacement,86,0.0,0.0
numerical,101,60,without_replacement,87,0.0,0.0
numerical,101,60,without_replacement,88,0.0,9.820607038535855e-21
numerical,101,60,without_replacement,89,0.0,1.173273926086269e-16
numerical,101,60,without_replacement,90,0.0,1.2394987554197192e-13
numerical,101,60,without_replacement,91,0.0,5.9490131747899e-12
numerical,101,60,without_replacement,92,0.0,9.195869070715779e-10
numerical,101,60,without_replacement,93,0.0,6.397458115384385e-08
numerical,101,60,without_replacement,94,3e-06,2.326108473286846e-06
numerical,101,60,without_replacement,95,5.2e-05,4.802568338847805e-05
numerical,101,60,without_replacement,96,0.001357,0.0013136964611559672
numerical,101,60,without_replacement,97,0.008052,0.008268795913002155
numerical,101,60,without_replacement,98,0.035332,0.03572999819406264
numerical,101,60,without_replacement,99,0.102372,0.10187247826545726
numerical,101,60,without_replacement,100,0.194158,0.19409950039803722
numerical,101,60,without_replacement,101,0.329071,0.3290984296718644
numerical,101,60,without_replacement,102,0.189178,0.1891711334374604
numerical,101,60,without_replacement,103,0.09764,0.09747201117680053
numerical,101,60,without_replacement,104,0.033615,0.03379302755745054
numerical,101,60,without_replacement,105,0.007943,0.007815523430908812
numerical,101,60,without_replacement,106,0.000962,0.0010279387467756443
numerical,101,60,without_replacement,107,0.000246,0.00026677042491945004
numerical,101,60,without_replacement,108,1.8e-05,1.938570210556948e-05
numerical,101,60,without_replacement,109,0.0,8.098703622086277e-07
numerical,101,60,without_replacement,110,1e-06,8.253435896880918e-08
numerical,101,60,without_replacement,111,0.0,1.4483704823866633e-09
numerical,101,60,without_replacement,112,0.0,7.209210354469608e-11
numerical,101,60,without_replacement,113,0.0,2.6426644274869614e-12
numerical,101,60,without_replacement,114,0.0,6.883757450137252e-14
numerical,101,60,without_replacement,115,0.0,1.2136025130548514e-15
numerical,101,60,without_replacement,116,0.0,1.2420860818967968e-17
numerical,101,60,without_replacement,117,0.0,1.1610486569712875e-18
numerical,101,60,without_replacement,118,0.0,4.922110334545048e-21
numerical,101,60,without_replacement,119,0.0,2.5013916074806902e-22
numerical,101,60,without_replacement,120,0.0,2.1902364719826294e-25
numerical,101,60,without_replacement,121,0.0,2.764120547574232e-27
numerical,101,60,without_replacement,122,0.0,0.0
numerical,101,60,without_replacement,123,0.0,0.0
numerical,101,60,without_replacement,124,0.0,0.0
numerical,101,60,without_replacement,125,0.0,0.0
numerical,101,60,without_replacement,126,0.0,0.0
numerical,101,60,without_replacement,127,0.0,0.0
numerical,101,60,without_replacement,128,0.0,0.0
numerical,101,60,without_replacement,129,0.0,0.0
numerical,101,60,without_replacement,130,0.0,0.0
numerical,101,60,without_replacement,131,0.0,0.0
numerical,101,60,without_replacement,132,0.0,0.0
numerical,101,60,without_replacement,133,0.0,0.0
numerical,101,60,without_replacement,134,0.0,0.0
numerical,101,60,without_replacement,135,0.0,0.0
numerical,101,60,without_replacement,136,0.0,0.0
numerical,101,60,without_replacement,137,0.0,0.0
numerical,101,60,without_replacement,138,0.0,0.0
numerical,101,60,without_replacement,139,0.0,0.0
numerical,101,60,without_replacement,140,0.0,0.0
numerical,101,60,without_replacement,141,0.0,0.0
numerical,101,60,without_replacement,142,0.0,0.0
numerical,101,60,without_replacement,143,0.0,0.0
numerical,101,60,without_replacement,144,0.0,0.0
numerical,101,60,without_replacement,145,0.0,0.0
numerical,101,60,without_replacement,146,0.0,0.0
numerical,101,60,without_replacement,147,0.0,0.0
numerical,101,60,without_replacement,148,0.0,0.0
numerical,101,60,without_replacement,149,0.0,0.0
numerical,101,60,without_replacement,150,0.0,0.0
numerical,101,60,without_replacement,151,0.0,0.0
numerical,101,60,without_replacement,152,0.0,0.0
numerical,101,60,without_replacement,153,0.0,0.0
numerical,101,60,without_replacement,154,0.0,0.0
numerical,101,60,without_replacement,155,0.0,0.0
numerical,101,60,without_replacement,156,0.0,0.0
numerical,101,60,without_replacement,157,0.0,0.0
numerical,101,60,without_replacement,158,0.0,0.0
numerical,101,60,without_replacement,159,0.0,0.0
numerical,101,60,without_replacement,160,0.0,0.0
numerical,101,75,with_replacement,40,0.0,0.0
numerical,101,75,with_replacement,41,0.0,0.0
numerical,101,75,with_replacement,42,0.0,0.0
numerical,101,75,with_replacement,43,0.0,0.0
numerical,101,75,with_replacement,44,0.0,0.0
numerical,101,75,with_replacement,45,0.0,0.0
numerical,101,75,with_replacement,46,0.0,0.0
numerical,101,75,with_replacement,47,0.0,0.0
numerical,101,75,with_replacement,48,0.0,0.0
numerical,101,75,with_replacement,49,0.0,0.0
numerical,101,75,with_replacement,50,0.0,0.0
numerical,101,75,with_replacement,51,0.0,0.0
numerical,101,75,with_replacement,52,0.0,0.0
numerical,101,75,with_replacement,53,0.0,0.0
numerical,101,75,with_replacement,54,0.0,0.0
numerical,101,75,with_replacement,55,0.0,0.0
numerical,101,75,with_replacement,56,0.0,0.0
numerical,101,75,with_replacement,57,0.0,0.0
numerical,101,75,with_replacement,58,0.0,0.0
numerical,101,75,with_replacement,59,0.0,0.0
numerical,101,75,with_replacement,60,0.0,0.0
numerical,101,75,with_replacement,61,0.0,0.0
numerical,101,75,with_replacement,62,0.0,1.5367788308115293e-31
numerical,101,75,with_replacement,63,0.0,0.0
numerical,101,75,with_replacement,64,0.0,0.0
numerical,101,75,with_replacement,65,0.0,2.518419783487015e-30
numerical,101,75,with_replacement,66,0.0,0.0
numerical,101,75,with_replacement,67,0.0,0.0
numerical,101,75,with_replacement,68,0.0,3.1810933699139844e-29
numerical,101,75,with_replacement,69,0.0,0.0
numerical,101,75,with_replacement,70,0.0,3.297896142464601e-28
numerical,101,75,with_replacement,71,0.0,2.9280700192677797e-27
numerical,101,75,with_replacement,72,0.0,2.2962698163425686e-26
numerical,101,75,with_replacement,73,0.0,1.6212312956464784e-25
numerical,101,75,with_replacement,74,0.0,1.0457881512604721e-24
numerical,101,75,with_replacement,75,0.0,6.2293358328346885e-24
numerical,101,75,with_replacement,76,0.0,3.455898979088889e-23
numerical,101,75,with_replacement,77,0.0,1.7977196045699995e-22
numerical,101,75,with_replacement,78,0.0,4.9786206128182575e-21
numerical,101,75,with_replacement,79,0.0,9.441805073853327e-20
numerical,101,75,with_replacement,80,0.0,3.07887539437312e-19
numerical,101,75,with_replacement,81,0.0,5.6260652949576915e-18
numerical,101,75,with_replacement,82,0.0,2.548373631462076e-16
numerical,101,75,with_replacement,83,0.0,2.463488285973497e-15
numerical,101,75,with_replacement,84,0.0,2.250475229186662e-14
numerical,101,75,with_replacement,85,0.0,5.524805132206518e-13
numerical,101,75,with_replacement,86,0.0,9.941148620876141e-12
numerical,101,75,with_replacement,87,0.0,1.4456478386399234e-10
numerical,101,75,with_replacement,88,0.0,1.7237883933417116e-09
numerical,101,75,with_replacement,89,0.0,1.7054763494554487e-08
numerical,101,75,with_replacement,90,0.0,1.4138437865946646e-07
numerical,101,75,with_replacement,91,0.0,1.9813879970170577e-06
numerical,101,75,with_replacement,92,2.2e-05,1.9541172587732325e-05
numerical,101,75,with_replacement,93,8.2e-05,8.179146914529822e-05
numerical,101,75,with_replacement,94,0.000587,0.0005627689276873896
numerical,101,75,with_replacement,95,0.002783,0.0026974796281468787
numerical,101,75,with_replacement,96,0.010039,0.010084992740513832
numerical,101,75,with_replacement,97,0.029429,0.02954264402149515
numerical,101,75,with_replacement,98,0.068319,0.06801078512385328
numerical,101,75,with_replacement,99,0.123578,0.12323563168091128
numerical,101,75,with_replacement,100,0.175973,0.17579259699805633
numerical,101,75,with_replacement,101,0.197321,0.19717375634597656
numerical,101,75,with_replacement,102,0.172698,0.17343835422280268
numerical,101,75,with_replacement,103,0.094829,0.0950000954259331
numerical,101,75,with_replacement,104,0.076498,0.0761875299821402
numerical,101,75,with_replacement,105,0.03327,0.03345411808465063
numerical,101,75,with_replacement,106,0.009596,0.009601322158570414
numerical,101,75,with_replacement,107,0.003994,0.004130897675935938
numerical,101,75,with_replacement,108,0.000763,0.0007477564307407798
numerical,101,75,with_replacement,109,0.000177,0.00018838988718699177
numerical,101,75,with_replacement,110,3.7e-05,3.951080758619271e-05
numerical,101,75,with_replacement,111,5e-06,6.821781019970203e-06
numerical,101,75,with_replacement,112,0.0,9.56562257315419e-07
numerical,101,75,with_replacement,113,0.0,9.373715252270522e-08
numerical,101,75,with_replacement,114,0.0,2.1745763250949074e-08
numerical,101,75,with_replacement,115,0.0,1.4357785773747803e-09
numerical,101,75,with_replacement,116,0.0,2.1638438376830178e-10
numerical,101,75,with_replacement,117,0.0,2.8258606013839243e-11
numerical,101,75,with_replacement,118,0.0,3.1497985020569467e-12
numerical,101,75,with_replacement,119,0.0,2.283770881220844e-13
numerical,101,75,with_replacement,120,0.0,8.335349571310293e-14
numerical,101,75,with_replacement,121,0.0,4.5664522263975715e-15
numerical,101,75,with_replacement,122,0.0,1.0974844135567867e-15
numerical,101,75,with_replacement,123,0.0,2.4566261459015447e-16
numerical,101,75,with_replacement,124,0.0,5.0778406501528324e-17
numerical,101,75,with_replacement,125,0.0,9.58949513533686e-18
numerical,101,75,with_replacement,126,0.0,1.630395696873712e-18
numerical,101,75,with_replacement,127,0.0,0.0
numerical,101,75,with_replacement,128,0.0,2.448427641884171e-19
numerical,101,75,with_replacement,129,0.0,3.1489477338891546e-20
numerical,101,75,with_replacement,130,0.0,0.0
numerical,101,75,with_replacement,131,0.0,0.0
numerical,101,75,with_replacement,132,0.0,3.323960809700066e-21
numerical,101,75,with_replacement,133,0.0,0.0
numerical,101,75,with_replacement,134,0.0,0.0
numerical,101,75,with_replacement,135,0.0,0.0
numerical,101,75,with_replacement,136,0.0,2.736727733319876e-22
numerical,101,75,with_replacement,137,0.0,0.0
numerical,101,75,with_replacement,138,0.0,0.0
numerical,101,75,with_replacement,139,0.0,0.0
numerical,101,75,with_replacement,140,0.0,0.0
numerical,101,75,with_replacement,141,0.0,0.0
numerical,101,75,with_replacement,142,0.0,0.0
numerical,101,75,with_replacement,143,0.0,0.0
numerical,101,75,with_replacement,144,0.0,0.0
numerical,101,75,with_replacement,145,0.0,0.0
numerical,101,75,with_replacement,146,0.0,0.0
numerical,101,75,with_replacement,147,0.0,0.0
numerical,101,75,with_replacement,148,0.0,0.0
numerical,101,75,with_replacement,149,0.0,0.0
numerical,101,75,with_replacement,150,0.0,0.0
numerical,101,75,with_replacement,151,0.0,0.0
numerical,101,75,with_replacement,152,0.0,0.0
numerical,101,75,with_replacement,153,0.0,0.0
numerical,101,75,with_replacement,154,0.0,0.0
numerical,101,75,with_replacement,155,0.0,0.0
numerical,101,75,with_replacement,156,0.0,0.0
numerical,101,75,with_replacement,157,0.0,0.0
numerical,101,75,with_replacement,158,0.0,0.0
numerical,101,75,with_replacement,159,0.0,0.0
numerical,101,75,with_replacement,160,0.0,0.0
numerical,101,75,without_replacement,40,0.0,0.0
numerical,101,75,without_replacement,41,0.0,0.0
numerical,101,75,without_replacement,42,0.0,0.0
numerical,101,75,without_replacement,43,0.0,0.0
numerical,101,75,without_replacement,44,0.0,0.0
numerical,101,75,without_replacement,45,0.0,0.0
numerical,101,75,without_replacement,46,0.0,0.0
numerical,101,75,without_replacement,47,0.0,0.0
numerical,101,75,without_replacement,48,0.0,0.0
numerical,101,75,without_replacement,49,0.0,0.0
numerical,101,75,without_replacement,50,0.0,0.0
numerical,101,75,without_replacement,51,0.0,0.0
numerical,101,75,without_replacement,52,0.0,0.0
numerical,101,75,without_replacement,53,0.0,0.0
numerical,101,75,without_replacement,54,0.0,0.0
numerical,101,75,without_replacement,55,0.0,0.0
numerical,101,75,without_replacement,56,0.0,0.0
numerical,101,75,without_replacement,57,0.0,0.0
numerical,101,75,without_replacement,58,0.0,0.0
numerical,101,75,without_replacement,59,0.0,0.0
numerical,101,75,without_replacement,60,0.0,0.0
numerical,101,75,without_replacement,61,0.0,0.0
numerical,101,75,without_replacement,62,0.0,0.0
numerical,101,75,without_replacement,63,0.0,0.0
numerical,101,75,without_replacement,64,0.0,0.0
numerical,101,75,without_replacement,65,0.0,0.0
numerical,101,75,without_replacement,66,0.0,0.0
numerical,101,75,without_replacement,67,0.0,0.0
numerical,101,75,without_replacement,68,0.0,0.0
numerical,101,75,without_replacement,69,0.0,0.0
numerical,101,75,without_replacement,70,0.0,0.0
numerical,101,75,without_replacement,71,0.0,0.0
numerical,101,75,without_replacement,72,0.0,0.0
numerical,101,75,without_replacement,73,0.0,0.0
numerical,101,75,without_replacement,74,0.0,0.0
numerical,101,75,without_replacement,75,0.0,0.0
numerical,101,75,without_replacement,76,0.0,0.0
numerical,101,75,without_replacement,77,0.0,0.0
numerical,101,75,without_replacement,78,0.0,0.0
numerical,101,75,without_replacement,79,0.0,0.0
numerical,101,75,without_replacement,80,0.0,0.0
numerical,101,75,without_replacement,81,0.0,0.0
numerical,101,75,without_replacement,82,0.0,0.0
numerical,101,75,without_replacement,83,0.0,0.0
numerical,101,75,without_replacement,84,0.0,0.0
numerical,101,75,without_replacement,85,0.0,0.0
numerical,101,75,without_replacement,86,0.0,0.0
numerical,101,75,without_replacement,87,0.0,0.0
numerical,101,75,without_replacement,88,0.0,0.0
numerical,101,75,without_replacement,89,0.0,0.0
numerical,101,75,without_replacement,90,0.0,0.0
numerical,101,75,without_replacement,91,0.0,0.0
numerical,101,75,without_replacement,92,0.0,0.0
numerical,101,75,without_replacement,93,0.0,0.0
numerical,101,75,without_replacement,94,0.0,1.6462980376213032e-12
numerical,101,75,without_replacement,95,0.0,1.8081649238072513e-08
numerical,101,75,without_replacement,96,5e-06,6.656113345749692e-06
numerical,101,75,without_replacement,97,0.000479,0.0004685900918087024
numerical,101,75,without_replacement,98,0.010005,0.009928881146177957
numerical,101,75,without_replacement,99,0.078042,0.07783307879163223
numerical,101,75,without_replacement,100,0.252176,0.2519690268131063
numerical,101,75,without_replacement,101,0.357616,0.3574382262963537
numerical,101,75,without_replacement,102,0.22764,0.22811826329160323
numerical,101,75,without_replacement,103,0.058007,0.05820111213510069
numerical,101,75,without_replacement,104,0.015016,0.015020227692808835
numerical,101,75,without_replacement,105,0.00099,0.0009901616759562387
numerical,101,75,without_replacement,106,2.3e-05,2.4934884687610044e-05
numerical,101,75,without_replacement,107,1e-06,8.202124848138031e-07
numerical,101,75,without_replacement,108,0.0,2.7581565234726e-09
numerical,101,75,without_replacement,109,0.0,1.3464513210557657e-11
numerical,101,75,without_replacement,110,0.0,1.7271361468604727e-14
numerical,101,75,without_replacement,111,0.0,1.2895812341226557e-18
numerical,101,75,without_replacement,112,0.0,0.0
numerical,101,75,without_replacement,113,0.0,0.0
numerical,101,75,without_replacement,114,0.0,0.0
numerical,101,75,without_replacement,115,0.0,0.0
numerical,101,75,without_replacement,116,0.0,0.0
numerical,101,75,without_replacement,117,0.0,0.0
numerical,101,75,without_replacement,118,0.0,0.0
numerical,101,75,without_replacement,119,0.0,0.0
numerical,101,75,without_replacement,120,0.0,0.0
numerical,101,75,without_replacement,121,0.0,0.0
numerical,101,75,without_replacement,122,0.0,0.0
numerical,101,75,without_replacement,123,0.0,0.0
numerical,101,75,without_replacement,124,0.0,0.0
numerical,101,75,without_replacement,125,0.0,0.0
numerical,101,75,without_replacement,126,0.0,0.0
numerical,101,75,without_replacement,127,0.0,0.0
numerical,101,75,without_replacement,128,0.0,0.0
numerical,101,75,without_replacement,129,0.0,0.0
numerical,101,75,without_replacement,130,0.0,0.0
numerical,101,75,without_replacement,131,0.0,0.0
numerical,101,75,without_replacement,132,0.0,0.0
numerical,101,75,without_replacement,133,0.0,0.0
numerical,101,75,without_replacement,134,0.0,0.0
numerical,101,75,without_replacement,135,0.0,0.0
numerical,101,75,without_replacement,136,0.0,0.0
numerical,101,75,without_replacement,137,0.0,0.0
numerical,101,75,without_replacement,138,0.0,0.0
numerical,101,75,without_replacement,139,0.0,0.0
numerical,101,75,without_replacement,140,0.0,0.0
numerical,101,75,without_replacement,141,0.0,0.0
numerical,101,75,without_replacement,142,0.0,0.0
numerical,101,75,without_replacement,143,0.0,0.0
numerical,101,75,without_replacement,144,0.0,0.0
numerical,101,75,without_replacement,145,0.0,0.0
numerical,101,75,without_replacement,146,0.0,0.0
numerical,101,75,without_replacement,147,0.0,0.0
numerical,101,75,without_replacement,148,0.0,0.0
numerical,101,75,without_replacement,149,0.0,0.0
numerical,101,75,without_replacement,150,0.0,0.0
numerical,101,75,without_replacement,151,0.0,0.0
numerical,101,75,without_replacement,152,0.0,0.0
numerical,101,75,without_replacement,153,0.0,0.0
numerical,101,75,without_replacement,154,0.0,0.0
numerical,101,75,without_replacement,155,0.0,0.0
numerical,101,75,without_replacement,156,0.0,0.0
numerical,101,75,without_replacement,157,0.0,0.0
numerical,101,75,without_replacement,158,0.0,0.0
numerical,101,75,without_replacement,159,0.0,0.0
numerical,101,75,without_replacement,160,0.0,0.0
numerical,101,100,with_replacement,40,0.0,0.0
numerical,101,100,with_replacement,41,0.0,0.0
numerical,101,100,with_replacement,42,0.0,0.0
numerical,101,100,with_replacement,43,0.0,0.0
numerical,101,100,with_replacement,44,0.0,0.0
numerical,101,100,with_replacement,45,0.0,0.0
numerical,101,100,with_replacement,46,0.0,0.0
numerical,101,100,with_replacement,47,0.0,0.0
numerical,101,100,with_replacement,48,0.0,0.0
numerical,101,100,with_replacement,49,0.0,0.0
numerical,101,100,with_replacement,50,0.0,0.0
numerical,101,100,with_replacement,51,0.0,0.0
numerical,101,100,with_replacement,52,0.0,0.0
numerical,101,100,with_replacement,53,0.0,0.0
numerical,101,100,with_replacement,54,0.0,0.0
numerical,101,100,with_replacement,55,0.0,0.0
numerical,101,100,with_replacement,56,0.0,0.0
numerical,101,100,with_replacement,57,0.0,0.0
numerical,101,100,with_replacement,58,0.0,0.0
numerical,101,100,with_replacement,59,0.0,0.0
numerical,101,100,with_replacement,60,0.0,3.585312230056877e-42
numerical,101,100,with_replacement,61,0.0,0.0
numerical,101,100,with_replacement,62,0.0,0.0
numerical,101,100,with_replacement,63,0.0,0.0
numerical,101,100,with_replacement,64,0.0,7.493756785974302e-41
numerical,101,100,with_replacement,65,0.0,0.0
numerical,101,100,with_replacement,66,0.0,1.1872618987860403e-39
numerical,101,100,with_replacement,67,0.0,0.0
numerical,101,100,with_replacement,68,0.0,1.5281146520739213e-38
numerical,101,100,with_replacement,69,0.0,1.6769318879507062e-37
numerical,101,100,with_replacement,70,0.0,1.618706779644565e-36
numerical,101,100,with_replacement,71,0.0,1.4031600939173591e-35
numerical,101,100,with_replacement,72,0.0,1.108931359482625e-34
numerical,101,100,with_replacement,73,0.0,8.081239490795062e-34
numerical,101,100,with_replacement,74,0.0,5.478735847268408e-33
numerical,101,100,with_replacement,75,0.0,2.431159951251498e-31
numerical,101,100,with_replacement,76,0.0,1.1808000030850096e-30
numerical,101,100,with_replacement,77,0.0,3.9089174374784597e-29
numerical,101,100,with_replacement,78,0.0,9.21549174278046e-28
numerical,101,100,with_replacement,79,0.0,8.245663321449816e-26
numerical,101,100,with_replacement,80,0.0,1.2945880488710849e-24
numerical,101,100,with_replacement,81,0.0,7.23496511966822e-23
numerical,101,100,with_replacement,82,0.0,3.0113589021977227e-21
numerical,101,100,with_replacement,83,0.0,1.0031844346632581e-19
numerical,101,100,with_replacement,84,0.0,2.726069079404323e-18
numerical,101,100,with_replacement,85,0.0,1.718962669582376e-16
numerical,101,100,with_replacement,86,0.0,2.9743899284175937e-15
numerical,101,100,with_replacement,87,0.0,1.1295787785120069e-13
numerical,101,100,with_replacement,88,0.0,3.1668784814454744e-12
numerical,101,100,with_replacement,89,0.0,1.4782041013217282e-10
numerical,101,100,with_replacement,90,0.0,2.3366571415157884e-09
numerical,101,100,with_replacement,91,0.0,5.8057238100139264e-08
numerical,101,100,with_replacement,92,0.0,1.0019576945384277e-06
numerical,101,100,with_replacement,93,1.7e-05,1.258838134595491e-05
numerical,101,100,with_replacement,94,0.000103,0.00011641914177234308
numerical,101,100,with_replacement,95,0.000776,0.0007994936202365801
numerical,101,100,with_replacement,96,0.004204,0.00410468194042003
numerical,101,100,with_replacement,97,0.015839,0.015834040925681508
numerical,101,100,with_replacement,98,0.060853,0.06113539694814394
numerical,101,100,with_replacement,99,0.1142,0.11449791116863271
numerical,101,100,with_replacement,100,0.179868,0.17972333349460665
numerical,101,100,with_replacement,101,0.254545,0.25450427136987036
numerical,101,100,with_replacement,102,0.180167,0.17927410696767374
numerical,101,100,with_replacement,103,0.112904,0.11302656847006537
numerical,101,100,with_replacement,104,0.052729,0.05301752721284686
numerical,101,100,with_replacement,105,0.018207,0.018350618814094707
numerical,101,100,with_replacement,106,0.004177,0.004195659501843579
numerical,101,100,with_replacement,107,0.001207,0.0012198934023616396
numerical,101,100,with_replacement,108,0.000172,0.00015757292503606305
numerical,101,100,with_replacement,109,3e-05,2.5328047059015256e-05
numerical,101,100,with_replacement,110,2e-06,3.19058923438194e-06
numerical,101,100,with_replacement,111,0.0,3.103719863068392e-07
numerical,101,100,with_replacement,112,0.0,2.290003017510547e-08
numerical,101,100,with_replacement,113,0.0,1.1861114296024604e-09
numerical,101,100,with_replacement,114,0.0,1.094313567670622e-10
numerical,101,100,with_replacement,115,0.0,8.279005442205846e-12
numerical,101,100,with_replacement,116,0.0,5.045901554145961e-13
numerical,101,100,with_replacement,117,0.0,2.423443339120347e-14
numerical,101,100,with_replacement,118,0.0,8.309878322068042e-16
numerical,101,100,with_replacement,119,0.0,7.85376250739223e-17
numerical,101,100,with_replacement,120,0.0,6.396409032433447e-18
numerical,101,100,with_replacement,121,0.0,4.410221537803514e-19
numerical,101,100,with_replacement,122,0.0,2.057453408665361e-20
numerical,101,100,with_replacement,123,0.0,5.544828388842066e-21
numerical,101,100,with_replacement,124,0.0,1.8919210478212672e-22
numerical,101,100,with_replacement,125,0.0,3.461532655535543e-23
numerical,101,100,with_replacement,126,0.0,5.839958075560019e-24
numerical,101,100,with_replacement,127,0.0,8.982752356131449e-25
numerical,101,100,with_replacement,128,0.0,1.2407817612582854e-25
numerical,101,100,with_replacement,129,0.0,1.5075601682880235e-26
numerical,101,100,with_replacement,130,0.0,0.0
numerical,101,100,with_replacement,131,0.0,1.5617229117433198e-27
numerical,101,100,with_replacement,132,0.0,0.0
numerical,101,100,with_replacement,133,0.0,0.0
numerical,101,100,with_replacement,134,0.0,1.3143038537837638e-28
numerical,101,100,with_replacement,135,0.0,0.0
numerical,101,100,with_replacement,136,0.0,0.0
numerical,101,100,with_replacement,137,0.0,8.459948693613562e-30
numerical,101,100,with_replacement,138,0.0,0.0
numerical,101,100,with_replacement,139,0.0,0.0
numerical,101,100,with_replacement,140,0.0,0.0
numerical,101,100,with_replacement,141,0.0,0.0
numerical,101,100,with_replacement,142,0.0,0.0
numerical,101,100,with_replacement,143,0.0,0.0
numerical,101,100,with_replacement,144,0.0,0.0
numerical,101,100,with_replacement,145,0.0,0.0
numerical,101,100,with_replacement,146,0.0,0.0
numerical,101,100,with_replacement,147,0.0,0.0
numerical,101,100,with_replacement,148,0.0,0.0
numerical,101,100,with_replacement,149,0.0,0.0
numerical,101,100,with_replacement,150,0.0,0.0
numerical,101,100,with_replacement,151,0.0,0.0
numerical,101,100,with_replacement,152,0.0,0.0
numerical,101,100,with_replacement,153,0.0,0.0
numerical,101,100,with_replacement,154,0.0,0.0
numerical,101,100,with_replacement,155,0.0,0.0
numerical,101,100,with_replacement,156,0.0,0.0
numerical,101,100,with_replacement,157,0.0,0.0
numerical,101,100,with_replacement,158,0.0,0.0
numerical,101,100,with_replacement,159,0.0,0.0
numerical,101,100,with_replacement,160,0.0,0.0
numerical,101,100,without_replacement,40,0.0,0.0
numerical,101,100,without_replacement,41,0.0,0.0
numerical,101,100,without_replacement,42,0.0,0.0
numerical,101,100,without_replacement,43,0.0,0.0
numerical,101,100,without_replacement,44,0.0,0.0
numerical,101,100,without_replacement,45,0.0,0.0
numerical,101,100,without_replacement,46,0.0,0.0
numerical,101,100,without_replacement,47,0.0,0.0
numerical,101,100,without_replacement,48,0.0,0.0
numerical,101,100,without_replacement,49,0.0,0.0
numerical,101,100,without_replacement,50,0.0,0.0
numerical,101,100,without_replacement,51,0.0,0.0
numerical,101,100,without_replacement,52,0.0,0.0
numerical,101,100,without_replacement,53,0.0,0.0
numerical,101,100,without_replacement,54,0.0,0.0
numerical,101,100,without_replacement,55,0.0,0.0
numerical,101,100,without_replacement,56,0.0,0.0
numerical,101,100,without_replacement,57,0.0,0.0
numerical,101,100,without_replacement,58,0.0,0.0
numerical,101,100,without_replacement,59,0.0,0.0
numerical,101,100,without_replacement,60,0.0,0.0
numerical,101,100,without_replacement,61,0.0,0.0
numerical,101,100,without_replacement,62,0.0,0.0
numerical,101,100,without_replacement,63,0.0,0.0
numerical,101,100,without_replacement,64,0.0,0.0
numerical,101,100,without_replacement,65,0.0,0.0
numerical,101,100,without_replacement,66,0.0,0.0
numerical,101,100,without_replacement,67,0.0,0.0
numerical,101,100,without_replacement,68,0.0,0.0
numerical,101,100,without_replacement,69,0.0,0.0
numerical,101,100,without_replacement,70,0.0,0.0
numerical,101,100,without_replacement,71,0.0,0.0
numerical,101,100,without_replacement,72,0.0,0.0
numerical,101,100,without_replacement,73,0.0,0.0
numerical,101,100,without_replacement,74,0.0,0.0
numerical,101,100,without_replacement,75,0.0,0.0
numerical,101,100,without_replacement,76,0.0,0.0
numerical,101,100,without_replacement,77,0.0,0.0
numerical,101,100,without_replacement,78,0.0,0.0
numerical,101,100,without_replacement,79,0.0,0.0
numerical,101,100,without_replacement,80,0.0,0.0
numerical,101,100,without_replacement,81,0.0,0.0
numerical,101,100,without_replacement,82,0.0,0.0
numerical,101,100,without_replacement,83,0.0,0.0
numerical,101,100,without_replacement,84,0.0,0.0
numerical,101,100,without_replacement,85,0.0,0.0
numerical,101,100,without_replacement,86,0.0,0.0
numerical,101,100,without_replacement,87,0.0,0.0
numerical,101,100,without_replacement,88,0.0,0.0
numerical,101,100,without_replacement,89,0.0,0.0
numerical,101,100,without_replacement,90,0.0,0.0
numerical,101,100,without_replacement,91,0.0,0.0
numerical,101,100,without_replacement,92,0.0,0.0
numerical,101,100,without_replacement,93,0.0,0.0
numerical,101,100,without_replacement,94,0.0,0.0
numerical,101,100,without_replacement,95,0.0,0.0
numerical,101,100,without_replacement,96,0.0,0.0
numerical,101,100,without_replacement,97,0.0,0.0
numerical,101,100,without_replacement,98,0.0,0.0
numerical,101,100,without_replacement,99,0.0,0.0
numerical,101,100,without_replacement,100,0.066205,0.06616681085584286
numerical,101,100,without_replacement,101,0.863474,0.8630385923474456
numerical,101,100,without_replacement,102,0.070321,0.07079459679671157
numerical,101,100,without_replacement,103,0.0,0.0
numerical,101,100,without_replacement,104,0.0,0.0
numerical,101,100,without_replacement,105,0.0,0.0
numerical,101,100,without_replacement,106,0.0,0.0
numerical,101,100,without_replacement,107,0.0,0.0
numerical,101,100,without_replacement,108,0.0,0.0
numerical,101,100,without_replacement,109,0.0,0.0
numerical,101,100,without_replacement,110,0.0,0.0
numerical,101,100,without_replacement,111,0.0,0.0
numerical,101,100,without_replacement,112,0.0,0.0
numerical,101,100,without_replacement,113,0.0,0.0
numerical,101,100,without_replacement,114,0.0,0.0
numerical,101,100,without_replacement,115,0.0,0.0
numerical,101,100,without_replacement,116,0.0,0.0
numerical,101,100,without_replacement,117,0.0,0.0
numerical,101,100,without_replacement,118,0.0,0.0
numerical,101,100,without_replacement,119,0.0,0.0
numerical,101,100,without_replacement,120,0.0,0.0
numerical,101,100,without_replacement,121,0.0,0.0
numerical,101,100,without_replacement,122,0.0,0.0
numerical,101,100,without_replacement,123,0.0,0.0
numerical,101,100,without_replacement,124,0.0,0.0
numerical,101,100,without_replacement,125,0.0,0.0
numerical,101,100,without_replacement,126,0.0,0.0
numerical,101,100,without_replacement,127,0.0,0.0
numerical,101,100,without_replacement,128,0.0,0.0
numerical,101,100,without_replacement,129,0.0,0.0
numerical,101,100,without_replacement,130,0.0,0.0
numerical,101,100,without_replacement,131,0.0,0.0
numerical,101,100,without_replacement,132,0.0,0.0
numerical,101,100,without_replacement,133,0.0,0.0
numerical,101,100,without_replacement,134,0.0,0.0
numerical,101,100,without_replacement,135,0.0,0.0
numerical,101,100,without_replacement,136,0.0,0.0
numerical,101,100,without_replacement,137,0.0,0.0
numerical,101,100,without_replacement,138,0.0,0.0
numerical,101,100,without_replacement,139,0.0,0.0
numerical,101,100,without_replacement,140,0.0,0.0
numerical,101,100,without_replacement,141,0.0,0.0
numerical,101,100,without_replacement,142,0.0,0.0
numerical,101,100,without_replacement,143,0.0,0.0
numerical,101,100,without_replacement,144,0.0,0.0
numerical,101,100,without_replacement,145,0.0,0.0
numerical,101,100,without_replacement,146,0.0,0.0
numerical,101,100,without_replacement,147,0.0,0.0
numerical,101,100,without_replacement,148,0.0,0.0
numerical,101,100,without_replacement,149,0.0,0.0
numerical,101,100,without_replacement,150,0.0,0.0
numerical,101,100,without_replacement,151,0.0,0.0
numerical,101,100,without_replacement,152,0.0,0.0
numerical,101,100,without_replacement,153,0.0,0.0
numerical,101,100,without_replacement,154,0.0,0.0
numerical,101,100,without_replacement,155,0.0,0.0
numerical,101,100,without_replacement,156,0.0,0.0
numerical,101,100,without_replacement,157,0.0,0.0
numerical,101,100,without_replacement,158,0.0,0.0
numerical,101,100,without_replacement,159,0.0,0.0
numerical,101,100,without_replacement,160,0.0,0.0
